product_id,product_name,primary_category,popularity_index,value_score,customer_trust_index,revenue_opportunity_score,discount_effectiveness_score,segment,segment_name
B07JW9H4J1,"Wayona Nylon Braided USB to Lightning Fast Charging and Data Sync Cable Compatible for iPhone 13, 12,11, X, 8, 7, 6, 5, iPad Air, Pro, Mini (3 FT Pack of 1, Grey)",Computers&Accessories,0.7788200949440413,0.10803324099722991,0.7432625332473235,0.013139235385949194,0.6650173181593272,1,Trusted Winners
B098NS6PVG,"Ambrane Unbreakable 60W / 3A Fast Charging 1.5m Braided Type C Cable for Smartphones, Tablets, Laptops & other Type C devices, PD Technology, 480Mbps Data Sync, Quick Charge 3.0 (RCT15A, Black)",Computers&Accessories,0.8247020003309494,0.20629463104998677,0.749861641196725,0.002981420349638935,0.425531914893617,1,Trusted Winners
B096MSW6CT,"Sounce Fast Phone Charging Cable & Data Sync USB Cable Compatible for iPhone 13, 12,11, X, 8, 7, 6, 5, iPad Air, Pro, Mini & iOS Devices",Computers&Accessories,0.6925293811262458,0.20113726527373713,0.6148035321815638,0.028374095701097213,0.8683819891142999,3,Margin Watchlist
B08HDJ86NZ,"boAt Deuce USB 300 2 in 1 Type-C & Micro USB Stress Resistant, Tangle-Free, Sturdy Cable with 3A Fast Charging & 480mbps Data Transmission, 10000+ Bends Lifespan and Extended 1.5m Length(Martian Red)",Computers&Accessories,0.8835615726035925,0.13101903695408734,0.84337884243574,0.007879042588434103,0.5507174666006929,1,Trusted Winners
B08CF3B7N1,"Portronics Konnect L 1.2M Fast Charging 3A 8 Pin USB Cable with Charge & Sync Function for iPhone, iPad (Grey)",Computers&Accessories,0.7509306249581249,0.2799043062200957,0.7165691239943835,0.0044340522366633104,0.6338446313706086,3,Margin Watchlist
B08Y1TFSP6,"pTron Solero TB301 3A Type-C Data and Fast Charging Cable, Made in India, 480Mbps Data Sync, Strong and Durable 1.5-Meter Nylon Braided USB Cable for Type-C Devices for Charging Adapter (Black)",Computers&Accessories,0.7807100015227074,0.2686329918756623,0.6923680228335795,0.01601231803925372,0.8201385452746166,3,Margin Watchlist
B08WRWPM22,"boAt Micro USB 55 Tangle-free, Sturdy Micro USB Cable with 3A Fast Charging & 480mbps Data Transmission (Black)",Computers&Accessories,0.7426698138754881,0.23823216536500622,0.692051826517759,0.005770125987372697,0.6593270658090055,3,Margin Watchlist
B08DDRGWTJ,MI Usb Type-C Cable Smartphone (Black),Computers&Accessories,0.7962211997675294,0.19271431854746032,0.7778565156516809,0.001343280409807624,0.2446808510638298,1,Trusted Winners
B008IFXQFU,"TP-Link USB WiFi Adapter for PC(TL-WN725N), N150 Wireless Network Adapter for Desktop - Nano Size WiFi Dongle Compatible with Windows 11/10/7/8/8.1/XP/ Mac OS 10.9-10.15 Linux Kernel 2.6.18-4.4.3",Computers&Accessories,0.9332422932448905,0.08638329290159268,0.890827661620355,0.011246032155079298,0.5195447798119743,1,Trusted Winners
B082LZGK39,"Ambrane Unbreakable 60W / 3A Fast Charging 1.5m Braided Micro USB Cable for Smartphones, Tablets, Laptops & Other Micro USB Devices, 480Mbps Data Sync, Quick Charge 3.0 (RCM15, Black)",Computers&Accessories,0.8247020003309494,0.20629463104998677,0.749861641196725,0.0019876135664259565,0.326571004453241,1,Trusted Winners
B08CF3D7QR,Portronics Konnect L POR-1081 Fast Charging 3A Type-C Cable 1.2Meter with Charge & Sync Function for All Type-C Devices (Grey),Computers&Accessories,0.732957586046514,0.2865686944634313,0.7157073225171664,0.0032680258032041403,0.5851063829787235,3,Margin Watchlist
B0789LZTCJ,boAt Rugged v3 Extra Tough Unbreakable Braided Micro USB Cable 1.5 Meter (Black),Computers&Accessories,0.8835615726035925,0.14416475972540047,0.84337884243574,0.010647354849235274,0.6546264225630877,1,Trusted Winners
B07KSMBL2H,"AmazonBasics Flexible Premium HDMI Cable (Black, 4K@60Hz, 18Gbps), 3-Foot",Electronics,1.0,0.20620043258832013,1.0,0.011592576774001146,0.7511133102424543,1,Trusted Winners
B085DTN6R2,"Portronics Konnect CL 20W POR-1067 Type-C to 8 Pin USB 1.2M Cable with Power Delivery & 3A Quick Charge Support, Nylon Braided for All Type-C and 8 Pin Devices, Green",Computers&Accessories,0.5958162300906015,0.1231578947368421,0.5673628830357258,0.007883509187933794,0.6338446313706086,0,Visibility Builders
B09KLVMZ3B,Portronics Konnect L 1.2M POR-1401 Fast Charging 3A 8 Pin USB Cable with Charge & Sync Function (White),Computers&Accessories,0.653315286330313,0.2646474677259185,0.6087703632865312,0.0037789310342183926,0.6086095992083126,3,Margin Watchlist
B083342NKJ,MI Braided USB Type-C Cable for Charging Adapter (Red),Computers&Accessories,0.7589488217855874,0.12939224852963355,0.7582910478677483,0.000914570944291802,0.14151410192973776,1,Trusted Winners
B0B6F7LX4C,MI 80 cm (32 inches) 5A Series HD Ready Smart Android LED TV L32M7-5AIN (Black),Electronics,0.802148200071823,0.00307916730894312,0.7655753717640286,0.21265823394605787,0.4571994062345374,2,Revenue Upside
B082LSVT4B,"Ambrane Unbreakable 60W / 3A Fast Charging 1.5m Braided Type C to Type C Cable for Smartphones, Tablets, Laptops & Other Type C Devices, PD Technology, 480Mbps Data Sync (RCTT15, Black)",Computers&Accessories,0.8247020003309494,0.16487000634115406,0.749861641196725,0.002981420349638935,0.376051459673429,1,Trusted Winners
B08WRBG3XW,"boAt Type C A325 Tangle-free, Sturdy Type C Cable with 3A Rapid Charging & 480mbps Data Transmission(Black)",Computers&Accessories,0.7309385352552109,0.21145199682623644,0.6811186331324014,0.005284902964878571,0.6086095992083126,3,Margin Watchlist
B08DPLCM6T,LG 80 cm (32 inches) HD Ready Smart LED TV 32LM563BPTC (Dark Iron Gray),Electronics,0.7243440987674523,0.0032714291287893565,0.7072255220656231,0.14838799146346998,0.41489361702127664,1,Trusted Winners
B09C6HXFC1,"Duracell USB Lightning Apple Certified (Mfi) Braided Sync & Charge Cable For Iphone, Ipad And Ipod. Fast Charging Lightning Cable, 3.9 Feet (1.2M) - Black",Computers&Accessories,0.5171372227935688,0.04761258817145957,0.5177812166730521,0.010332257800670402,0.5121227115289462,0,Visibility Builders
B085194JFL,"tizum HDMI to VGA Adapter Cable 1080P for Projector, Computer, Laptop, TV, Projectors & TV",Electronics,0.7175206713575186,0.1361063950198076,0.6048360931549593,0.003804451067197242,0.4027709054923306,1,Trusted Winners
B09F6S8BT6,Samsung 80 cm (32 Inches) Wondertainment Series HD Ready LED Smart TV UA32T4340BKXXL (Glossy Black),Electronics,0.748114971326212,0.0032714291287893565,0.7306193632063566,0.16966523922384472,0.43617021276595747,2,Revenue Upside
B09NHVCHS9,Flix Micro Usb Cable For Smartphone (Black),Computers&Accessories,0.7054837182040112,0.695807314897413,0.6417768435939025,0.0023803999651814773,0.6927263730826323,3,Margin Watchlist
B0B1YVCJ2Y,Acer 80 cm (32 inches) I Series HD Ready Android Smart LED TV AR32AR2841HDFL (Black),Electronics,0.6522567455779671,0.003837862331278235,0.6359363672930203,0.13347880949672108,0.44680851063829785,1,Trusted Winners
B01M4GGIVU,Tizum High Speed HDMI Cable with Ethernet | Supports 3D 4K | for All HDMI Devices Laptop Computer Gaming Console TV Set Top Box (1.5 Meter/ 5 Feet),Electronics,0.7254756668332613,0.21660936260248614,0.6921837404251814,0.008742341336210248,0.748144482929243,3,Margin Watchlist
B08B42LWKN,OnePlus 80 cm (32 inches) Y Series HD Ready LED Smart Android TV 32Y1 (Black),Electronics,0.8068386390188961,0.002873875802246466,0.7700603498004283,0.09722805475111383,0.25977238990598717,1,Trusted Winners
B094JNXNPV,"Ambrane Unbreakable 3 in 1 Fast Charging Braided Multipurpose Cable for Speaker with 2.1 A Speed - 1.25 meter, Black",Computers&Accessories,0.6113257113009496,0.13729977116704806,0.5568854568963103,0.0014733555597041825,0.24740227610094015,1,Trusted Winners
B09W5XR9RT,"Duracell USB C To Lightning Apple Certified (Mfi) Braided Sync & Charge Cable For Iphone, Ipad And Ipod. Fast Charging Lightning Cable, 3.9 Feet (1.2M) - Black",Computers&Accessories,0.4026660898988674,0.04655453065653826,0.38668684492108524,0.0099860867998362,0.5551707075705097,0,Visibility Builders
B077Z65HSD,"boAt A400 USB Type-C to USB-A 2.0 Male Data Cable, 2 Meter (Black)",Computers&Accessories,0.7671081612801213,0.14759725400457666,0.7492839309446907,0.01294164693871489,0.7446808510638298,1,Trusted Winners
B00NH11PEY,"AmazonBasics USB 2.0 - A-Male to A-Female Extension Cable for Personal Computer, Printer (Black, 9.8 Feet/3 Meters)",Computers&Accessories,0.865822467524039,0.23208145993123513,0.885272158135105,0.011497816005223644,0.8127164769915884,3,Margin Watchlist
B09CMM3VGK,"Ambrane 60W / 3A Type C Fast Charging Unbreakable 1.5m L Shaped Braided Cable, PD Technology, 480Mbps Data Transfer for Smartphones, Tablet, Laptops & other type c devices (ABLC10, Black)",Computers&Accessories,0.5837383018212702,0.22934431049691267,0.5321594247307966,0.004501974938736384,0.6333498268184068,3,Margin Watchlist
B08QSC1XY8,"Zoul USB C 60W Fast Charging 3A 6ft/2M Long Type C Nylon Braided Data Cable Quick Charger Cable QC 3.0 for Samsung Galaxy M31S M30 S10 S9 S20 Plus, Note 10 9 8, A20e A40 A50 A70 (2M, Grey)",Computers&Accessories,0.5308688293060124,0.11344878906778515,0.5138116040001731,0.009084070143584994,0.6914893617021277,0,Visibility Builders
B008FWZGSG,"Samsung Original Type C to C Cable - 3.28 Feet (1 Meter), White",Computers&Accessories,0.45315596581644685,0.07367542395220103,0.4342175708998119,0.0,0.0,0,Visibility Builders
B0B4HJNPV4,"pTron Solero T351 3.5Amps Fast Charging Type-C to Type-C PD Data & Charging USB Cable, Made in India, 480Mbps Data Sync, Durable 1 Meter Long Cable for Type-C Smartphones, Tablets & Laptops (Black)",Computers&Accessories,0.5384717784320363,0.20113726527373713,0.4818404971841034,0.010382162880842104,0.7718951014349332,0,Visibility Builders
B08Y1SJVV5,"pTron Solero MB301 3A Micro USB Data & Charging Cable, Made in India, 480Mbps Data Sync, Strong & Durable 1.5-Meter Nylon Braided USB Cable for Micro USB Devices - (Black)",Computers&Accessories,0.7807100015227074,0.4043062200956937,0.6923680228335795,0.010681025215232393,0.8201385452746166,3,Margin Watchlist
B07XLCFSSN,"Amazonbasics Nylon Braided Usb-C To Lightning Cable, Fast Charging Mfi Certified Smartphone, Iphone Charger (6-Foot, Dark Grey)",Computers&Accessories,0.7338793671562241,0.05023125109771091,0.7329922869323955,0.017704907400250557,0.5769421078673925,1,Trusted Winners
B09RZS1NQT,"Sounce 65W OnePlus Dash Warp Charge Cable, 6.5A Type-C to USB C PD Data Sync Fast Charging Cable Compatible with One Plus 8T/ 9/ 9R/ 9 pro/ 9RT/ 10R/ Nord & for All Type C Devices – Red, 1 Meter",Computers&Accessories,0.49040478684422983,0.20629463104998677,0.44909880006876357,0.009455393167283829,0.7916872835230085,0,Visibility Builders
B0B3MMYHYW,OnePlus 126 cm (50 inches) Y Series 4K Ultra HD Smart Android LED TV 50Y1S Pro (Black),Electronics,0.6861435035564983,0.001306259679320426,0.654447430945617,0.21497760116110365,0.29094507669470565,2,Revenue Upside
B09C6HWG18,"Duracell Type C To Type C 5A (100W) Braided Sync & Fast Charging Cable, 3.9 Feet (1.2M). USB C to C Cable, Supports PD & QC 3.0 Charging, 5 GBPS Data Transmission – Black",Computers&Accessories,0.47342645531223293,0.04443841562669561,0.4480181383879046,0.011740938198382,0.5299356754082138,0,Visibility Builders
B00NH11KIK,"AmazonBasics USB 2.0 Cable - A-Male to B-Male - for Personal Computer, Printer- 6 Feet (1.8 Meters), Black",Computers&Accessories,0.893749295455046,0.2209770838579703,0.9139088627965603,0.010468558543859082,0.7793171697179614,1,Trusted Winners
B09JPC82QC,Mi 108 cm (43 inches) Full HD Android LED TV 4C | L43M6-INC (Black),Electronics,0.7874752591000989,0.0022066892818325126,0.7692769808465467,0.28468401451385683,0.4574468085106383,2,Revenue Upside
B07JW1Y6XV,"Wayona Nylon Braided 3A Lightning to USB A Syncing and Fast Charging Data Cable for iPhone, Ipad (3 FT Pack of 1, Black)",Computers&Accessories,0.7788200949440413,0.10803324099722991,0.7432625332473235,0.013139235385949194,0.6650173181593272,1,Trusted Winners
B07KRCW6LZ,"TP-Link Nano AC600 USB Wi-Fi Adapter(Archer T2U Nano)- 2.4G/5G Dual Band Wireless Network Adapter for PC Desktop Laptop, Mini Travel Size, Supports Windows 11,10, 8.1, 8, 7, XP/Mac OS 10.9-10.15",Computers&Accessories,0.7250939413438671,0.04417575470207049,0.7079641412118294,0.010485289625852637,0.40425531914893614,1,Trusted Winners
B09NJN8L25,"FLiX (Beetel USB to Micro USB PVC Data Sync & 2A Fast Charging Cable, Made in India, 480Mbps Data Sync, Solid Cable, 1 Meter Long USB Cable for Micro USB Devices (White)(XCD-M11)",Computers&Accessories,0.7054837182040112,0.695807314897413,0.6417768435939025,0.0023803999651814773,0.6927263730826323,3,Margin Watchlist
B07XJYYH7L,"Wecool Nylon Braided Multifunction Fast Charging Cable For Android Smartphone, Ios And Type C Usb Devices, 3 In 1 Charging Cable, 3A, (3 Feet) (Black)",Computers&Accessories,0.708815491058863,0.10170697012802275,0.5348279160651973,0.011377381844355498,0.5470064324591786,1,Trusted Winners
B002PD61Y4,D-Link DWA-131 300 Mbps Wireless Nano USB Adapter (Black),Computers&Accessories,0.6944793223961551,0.08299595141700403,0.647138493379291,0.01173308567327742,0.5883226125680355,1,Trusted Winners
B014I8SSD0,"Amazon Basics High-Speed HDMI Cable, 6 Feet - Supports Ethernet, 3D, 4K video,Black",Electronics,1.0,0.14614205416453757,1.0,0.004000764541547174,0.38099950519544784,1,Trusted Winners
B09L8DSSFH,7SEVEN® Compatible for Samsung Smart 4K Ultra HD TV Monitor Remote Control Replacement of Original Samsung TV Remote for LED OLED UHD QLED and Suitable for 6 7 8 Series Samsung TV with Hot Keys BN59-01259E,Electronics,0.4784253809226573,0.09259992085476851,0.40962343311596944,0.006918315541343012,0.5343889163780308,0,Visibility Builders
B07232M876,"Amazonbasics Micro Usb Fast Charging Cable For Android Smartphone,Personal Computer,Printer With Gold Plated Connectors (6 Feet, Black)",Computers&Accessories,0.8821026862739193,0.21660936260248614,0.8419852602977136,0.004166871622003907,0.5195447798119743,1,Trusted Winners
B07P681N66,"TP-Link AC600 600 Mbps WiFi Wireless Network USB Adapter for Desktop PC with 2.4GHz/5GHz High Gain Dual Band 5dBi Antenna Wi-Fi, Supports Windows 11/10/8.1/8/7/XP, Mac OS 10.15 and earlier (Archer T2U Plus)",Computers&Accessories,0.7804272718878245,0.03766296475132786,0.7799212214500774,0.01880907082304339,0.4898565066798615,1,Trusted Winners
B0711PVX6Z,"AmazonBasics Micro USB Fast Charging Cable for Android Phones with Gold Plated Connectors (3 Feet, Black)",Computers&Accessories,0.8821026862739193,0.2408115260217583,0.8419852602977136,0.0068243152584859905,0.6650173181593272,3,Margin Watchlist
B082T6V3DT,"AmazonBasics New Release Nylon USB-A to Lightning Cable Cord, Fast Charging MFi Certified Charger for Apple iPhone, iPad (6-Ft, Rose Gold)",Computers&Accessories,0.6950180941312155,0.05523351557868388,0.6782976199694065,0.021792563099402137,0.6595744680851064,1,Trusted Winners
B07MKFNHKG,VW 80 cm (32 inches) Frameless Series HD Ready LED TV VW32A (Black),Electronics,0.6398289915128252,0.006158774561779503,0.6098864895809772,0.09252307741801441,0.4779811974270164,1,Trusted Winners
B0BFWGBX61,"Ambrane Unbreakable 3A Fast Charging Braided Type C Cable    1.5 Meter (RCT15, Blue) Supports QC 2.0/3.0 Charging",Computers&Accessories,0.4437180163481238,0.21145199682623644,0.4133285273977994,0.0016041066020342372,0.43617021276595747,0,Visibility Builders
B01N90RZ4M,Tata Sky Universal Remote,Electronics,0.6165525585540124,0.1651029748283753,0.5228137593704896,0.003997212977329931,0.49430974764967844,0,Visibility Builders
B0088TKTY2,"TP-LINK WiFi Dongle 300 Mbps Mini Wireless Network USB Wi-Fi Adapter for PC Desktop Laptop(Supports Windows 11/10/8.1/8/7/XP, Mac OS 10.9-10.15 and Linux, WPS, Soft AP Mode, USB 2.0) (TL-WN823N),Black",Computers&Accessories,0.9332422932448905,0.06641797096748034,0.890827661620355,0.016869048232618946,0.5611083621969323,1,Trusted Winners
B09Q5SWVBJ,OnePlus 80 cm (32 inches) Y Series HD Ready Smart Android LED TV 32 Y1S (Black),Electronics,0.8068386390188961,0.0026942473378270358,0.7700603498004283,0.11667366570133658,0.28055418109846614,1,Trusted Winners
B0B4DT8MKT,"Wecool Unbreakable 3 in 1 Charging Cable with 3A Speed, Fast Charging Multi Purpose Cable 1.25 Mtr Long, Type C cable, Micro Usb Cable and Cable for iPhone, White",Computers&Accessories,0.5004199797402458,0.12386569872958257,0.47444728486176024,0.013881770782899617,0.8000989609104405,0,Visibility Builders
B08CDKQ8T6,"Portronics Konnect L 1.2Mtr, Fast Charging 3A Micro USB Cable with Charge & Sync Function (Grey)",Computers&Accessories,0.6836301485778721,0.2865686944634313,0.6670397343013469,0.0032128520198962673,0.5957446808510638,3,Margin Watchlist
B07B275VN9,"Airtel DigitalTV DTH Television, Setup Box Remote Compatible for SD and HD Recording (Black)",Electronics,0.5937085225911611,0.21214348720964424,0.5047335091758398,0.008871557609772214,0.7140029688273133,3,Margin Watchlist
B0B15CPR37,Samsung 108 cm (43 inches) Crystal 4K Neo Series Ultra HD Smart LED TV UA43AUE65AKXXL (Black),Electronics,0.6841198888884773,0.0013377259456613644,0.6675242004209483,0.2458355944039535,0.3297872340425532,2,Revenue Upside
B0994GFWBH,Lapster 1.5 mtr USB 2.0 Type A Male to USB A Male Cable for computer and laptop,Computers&Accessories,0.5538850833218221,0.2953426732298372,0.5054970087409294,0.011480294393032702,0.851063829787234,3,Margin Watchlist
B01GGKZ0V6,AmazonBasics USB Type-C to USB Type-C 2.0 Cable - 3 Feet Laptop (0.9 Meters) - White,Computers&Accessories,0.7945158491847643,0.13101903695408734,0.7582764542734255,0.009880687662359479,0.6338446313706086,1,Trusted Winners
B09F9YQQ7B,Redmi 80 cm (32 inches) Android 11 Series HD Ready Smart LED TV | L32M6-RA/L32M7-RA (Black),Electronics,0.8268527660395586,0.00307916730894312,0.7891935873929279,0.2192076837467707,0.4571994062345374,2,Revenue Upside
B014I8SX4Y,"Amazon Basics High-Speed HDMI Cable, 6 Feet (2-Pack),Black",Electronics,1.0,0.14614205416453757,1.0,0.026294181414626302,0.8490846115784266,1,Trusted Winners
B09Q8HMKZX,"Portronics Konnect L 20W PD Quick Charge Type-C to 8-Pin USB Mobile Charging Cable, 1.2M, Tangle Resistant, Fast Data Sync(Grey)",Computers&Accessories,0.4714009426944102,0.15999599759855912,0.4391470101361399,0.004953496270501786,0.6288965858485898,0,Visibility Builders
B0B9XN9S3W,Acer 80 cm (32 inches) N Series HD Ready TV AR32NSV53HD (Black),Electronics,0.47258894610926405,0.005517137010547371,0.45414096279580773,0.07962652550820934,0.5,0,Visibility Builders
B07966M8XH,"Model-P4 6 Way Swivel Tilt Wall Mount 32-55-inch Full Motion Cantilever for LED,LCD and Plasma TV's",Electronics,0.6102307994668487,0.026957637997432605,0.5813120469969462,0.020590033991167066,0.48837209302325585,1,Trusted Winners
B01GGKYKQM,"Amazon Basics USB Type-C to USB-A 2.0 Male Fast Charging Cable for Laptop - 3 Feet (0.9 Meters), Black",Computers&Accessories,0.7641020030360406,0.20151405912040374,0.746331191960701,0.008857911133363358,0.7340425531914893,3,Margin Watchlist
B0B86CDHL1,"oraimo 65W Type C to C Fast Charging Cable USB C to USB C Cable High Speed Syncing, Nylon Braided 1M length with LED Indicator Compatible For Laptop, Macbook, Samsung Galaxy S22 S20 S10 S20Fe S21 S21 Ultra A70 A51 A71 A50S M31 M51 M31S M53 5G",Computers&Accessories,0.3864895400597964,0.13233298145076158,0.3730858117640321,0.005123129555135904,0.6791192478970807,0,Visibility Builders
B0B5ZF3NRK,"CEDO 65W OnePlus Dash Warp Charge Cable, USB A to Type C Data Sync Fast Charging Cable Compatible with One Plus 3 /3T /5 /5T /6 /6T /7 /7T /7 pro & for All Type C Devices - 1 Meter, Red",Computers&Accessories,0.4128093678878538,0.12057004976624942,0.3845046465550869,0.0024872787371449214,0.4260267194458189,0,Visibility Builders
B09RFC46VP,Redmi 108 cm (43 inches) 4K Ultra HD Android Smart LED TV X43 | L43R7-7AIN (Black),Electronics,0.8268527660395586,0.0015965503595649741,0.7891935873929279,0.31884753999530285,0.384463137060861,2,Revenue Upside
B08R69VDHT,"Pinnaclz Original Combo of 2 Micro USB Fast Charging Cable, USB Charging Cable for Data Transfer Perfect for Android Smart Phones White 1.2 Meter Made in India (Pack of 2)",Computers&Accessories,0.6905987181338544,0.35697940503432496,0.6283171695443526,0.006391339637084196,0.7619990103908957,3,Margin Watchlist
B09RWZRCP1,"boAt Type C A750 Stress Resistant, Tangle-free, Sturdy Flat Cable with 6.5A Fast Charging & 480Mbps Data Transmission, 10000+ Bends Lifespan and Extended 1.5m Length(Rebellious Black)",Computers&Accessories,0.577341413368628,0.10546102097348634,0.5379437444034999,0.008348700198693744,0.6086095992083126,0,Visibility Builders
B09CMP1SC8,"Ambrane 2 in 1 Type-C & Micro USB Cable with 60W / 3A Fast Charging, 480 mbps High Data, PD Technology & Quick Charge 3.0, Compatible with All Type-C & Micro USB Devices (ABDC-10, Black)",Computers&Accessories,0.49380445545084606,0.21145199682623644,0.46004206498973965,0.003570353052697149,0.6086095992083126,0,Visibility Builders
B09YLXYP7Y,"Ambrane 60W / 3A Fast Charging Output Cable with Type-C to USB for Mobile, Neckband, True Wireless Earphone Charging, 480mbps Data Sync Speed, 1m Length (ACT - AZ10, Black)",Computers&Accessories,0.5600861729795993,0.22934431049691267,0.5110270614954435,0.002969699025511327,0.5442850074220683,3,Margin Watchlist
B09ZPM4C2C,TCL 80 cm (32 inches) HD Ready Certified Android Smart LED TV 32S5205 (Black),Electronics,0.46195159048531714,0.0038600997494194155,0.43033391937456694,0.2236607051917932,0.6593270658090055,2,Revenue Upside
B0B2DJDCPX,"SWAPKART Fast Charging Cable and Data Sync USB Cable Compatible for iPhone 6/6S/7/7+/8/8+/10/11, 12, 13 Pro max iPad Air/Mini, iPod and iOS Devices (White)",Computers&Accessories,0.48486316999083856,0.19151347267690758,0.43667293295138526,0.0033888480700026316,0.5596239485403266,0,Visibility Builders
B0BCZCQTJX,Firestick Remote,Electronics,0.26969905409779366,0.028628055494384495,0.2504394526790058,0.016672537277844436,0.6333498268184068,0,Visibility Builders
B07LGT55SJ,"Wayona Usb Nylon Braided Data Sync And Charging Cable For Iphone, Ipad Tablet (Red, Black)",Computers&Accessories,0.7788200949440413,0.10803324099722991,0.7432625332473235,0.013139235385949194,0.6650173181593272,1,Trusted Winners
B09NKZXMWJ,"Flix (Beetel) Usb To Type C Pvc Data Sync And 2A 480Mbps Data Sync, Tough Fast Charging Long Cable For Usb Type C Devices, Charging Adapter (White, 1 Meter) - Xcd-C12",Computers&Accessories,0.7054837182040112,0.2953426732298372,0.6417768435939025,0.001870314258356875,0.4354280059376546,3,Margin Watchlist
B08QX1CC14,SKYWALL 81.28 cm (32 inches) HD Ready Smart LED TV 32SWELS-PRO (Black),Electronics,0.5249515131432323,0.004780755835334328,0.4236969395267198,0.14962079945910806,0.5215239980207819,0,Visibility Builders
B0974H97TJ,"boAt A 350 Type C Cable for Smartphone, Charging Adapter (1.5m, Carbon Black)",Computers&Accessories,0.7919989167802203,0.15102974828375287,0.7915607067095952,0.009543979467464082,0.6857991093518061,1,Trusted Winners
B07GVGTSLN,"Wayona Usb Type C Fast Charger Cable Fast Charging Usb C Cable/Cord Compatible For Samsung Galaxy S10E S10 S9 S8 Plus S10+,Note 10 Note 9 Note 8,S20,M31S,M40,Realme X3,Pixel 2 Xl (3 Ft Pack Of 1,Grey)",Computers&Accessories,0.7147558756411475,0.13263157894736843,0.6819065512495965,0.01677844062702582,0.7793171697179615,1,Trusted Winners
B09VCHLSJF,OnePlus 108 cm (43 inches) Y Series 4K Ultra HD Smart Android LED TV 43Y1S Pro (Black),Electronics,0.6861435035564983,0.0014368900015965446,0.654447430945617,0.16536738550854127,0.25977238990598717,2,Revenue Upside
B0B1YZX72F,Acer 127 cm (50 inches) I Series 4K Ultra HD Android Smart LED TV AR50AR2851UDFL (Black),Electronics,0.6522567455779671,0.0015761841118385805,0.6359363672930203,0.20421896292214148,0.3404255319148936,2,Revenue Upside
B092BJMT8Q,Samsung 108 cm (43 inches) Crystal 4K Series Ultra HD Smart LED TV UA43AUE60AKLXL (Black),Electronics,0.6841198888884773,0.0014240586946553217,0.6675242004209483,0.36125136642458894,0.43617021276595747,2,Revenue Upside
B0BMXMLSMM,"Lapster 65W compatible for OnePlus Dash Warp Charge Cable , type c to c cable fast charging Data Sync Cable Compatible with One Plus 10R / 9RT/ 9 pro/ 9R/ 8T/ 9/ Nord & for All Type C Devices – Red, 1 Meter",Computers&Accessories,0.37425572507103355,0.23208145993123513,0.36002159077810714,0.007215947153422739,0.8906481939633846,0,Visibility Builders
B07JH1C41D,"Wayona Nylon Braided (2 Pack) Lightning Fast Usb Data Cable Fast Charger Cord For Iphone, Ipad Tablet (3 Ft Pack Of 2, Grey)",Computers&Accessories,0.7788200949440413,0.06641797096748034,0.7432625332473235,0.025339953958616306,0.7065809005442851,1,Trusted Winners
B0141EZMAI,"Gizga Essentials USB WiFi Adapter for PC, 150 Mbps Wireless Network Adapter for Desktop - Nano Size WiFi Dongle Compatible with Windows, Mac OS & Linux Kernel | WPA/WPA2 Encryption Standards| Black",Computers&Accessories,0.7114632593766516,0.13735081197417334,0.5840630344720237,0.009105040944375914,0.5878278080158339,1,Trusted Winners
B09Q5P2MT3,OnePlus 108 cm (43 inches) Y Series Full HD Smart Android LED TV 43 Y1S (Black),Electronics,0.8068386390188961,0.0017242794974956894,0.7700603498004283,0.13611927665155937,0.2285997031172687,1,Trusted Winners
B08HDH26JX,"boAt Deuce USB 300 2 in 1 Type-C & Micro USB Stress Resistant, Sturdy Cable with 3A Fast Charging & 480mbps Data Transmission, 10000+ Bends Lifespan and Extended 1.5m Length(Mercurial Black)",Computers&Accessories,0.8835615726035925,0.14416475972540047,0.84337884243574,0.008517883879388219,0.5922810489856506,1,Trusted Winners
B09VT6JKRP,Lapster USB 3.0 A to Micro B SuperSpeed for hard disk cable - short cable,Computers&Accessories,0.46700215460036476,0.21145199682623644,0.43504439844444937,0.009004171860006124,0.8114794656110836,0,Visibility Builders
B09T3KB6JZ,TCL 100 cm (40 inches) Full HD Certified Android R Smart LED TV 40S6505 (Black),Electronics,0.6790766656099613,0.002269892741332003,0.6476581474640732,0.36006125653504356,0.5611083621969323,2,Revenue Upside
B093QCY6YJ,"ZEBRONICS ZEB-USB150WF1 WiFi USB Mini Adapter Supports 150 Mbps Wireless Data, Comes with Advanced Security WPA/WPA2 encryption Standards",Computers&Accessories,0.5854336192910459,0.1309437386569873,0.4982400896666835,0.0008324623003847312,0.15561603166749138,0,Visibility Builders
B093ZNQZ2Y,"LOHAYA Remote Compatible for Mi Smart LED TV 4A Remote Control (32""/43"") [ Compatible for Mi Tv Remote Control ] [ Compatible for Mi Smart LED Tv Remote Control ]",Electronics,0.5387579896687655,0.15662650602409636,0.4721413661054507,0.007141530866554937,0.648688767936665,0,Visibility Builders
B08LKS3LSP,"Gilary Multi Charging Cable, 3 in 1 Nylon Braided Fast Charging Cable for iPhone Micro USB Type C Mobile Phone | Colour May Vary |",Computers&Accessories,0.5400329581974389,0.11006864988558353,0.46317122814743217,0.008512025545883938,0.5950024740227611,0,Visibility Builders
B00V4BGDKU,TP-Link UE300 USB 3.0 to RJ45 Gigabit Ethernet Network Adapter - Plug and Play,Computers&Accessories,0.7727077780726147,0.04202384943249844,0.7895199034038455,0.014898418696340334,0.4675903018307768,1,Trusted Winners
B08CHKQ8D4,"Wayona Type C to Lightning MFI Certified 20W Fast charging Nylon Braided USB C Cable for iPhone 14, 14 Pro, 14 Pro Max, 14 Plus, 13, 13 Pro, 13 Pro Max, 13 Mini, 12, 12 Pro, 11, 11 Pro Max iPhone 12 Mini, X, 8 (2M, Grey)",Computers&Accessories,0.5362906574317553,0.05852426615913915,0.4996651868041728,0.010081606409930548,0.5274616526472043,0,Visibility Builders
B09BW334ML,Dealfreez Case Compatible with Fire TV Stick 3rd Gen 2021 Full Wrap Silicone Remote Cover Anti-Lost with Loop (D-Black),Electronics,0.642517117597363,0.12645151560850548,0.6262500765000083,0.017808094317070592,0.8191489361702128,1,Trusted Winners
B082T6GVLJ,"Amazon Basics New Release Nylon USB-A to Lightning Cable Cord, Fast Charging MFi Certified Charger for Apple iPhone, iPad (3-Ft, Rose Gold)",Computers&Accessories,0.6777684891820649,0.05198065835968012,0.6612388581148276,0.01568149670687771,0.5638297872340425,1,Trusted Winners
B07DL1KC3H,Isoelite Remote Compatible for Samsung LED/LCD Remote Control Works with All Samsung LED/LCD TV Model No :- BN59-607A (Please Match The Image with Your Old Remote),Electronics,0.5685427472572951,0.13729977116704806,0.5185754824407309,0.008221466253906516,0.6630380999505197,0,Visibility Builders
B0B6F98KJJ,MI 100 cm (40 inches) 5A Series Full HD Smart Android LED TV with 24W Dolby Audio & Metal Bezel-Less Frame (Black) (2022 Model),Electronics,0.802148200071823,0.0019594192080501266,0.7655753717640286,0.15466053377895117,0.28055418109846614,1,Trusted Winners
B07JNVF678,"Wayona Nylon Braided USB Data Sync and Fast Charging 3A Short Power Bank Cable For iPhones, iPad Air, iPad mini, iPod Nano and iPod Touch (Grey)",Computers&Accessories,0.7313806993417725,0.12351078268737747,0.6978428534062304,0.011457549875867768,0.6754082137555667,1,Trusted Winners
B09QGZFBPM,"Wayona Type C To Type C Long Fast Charging Cable Type C Charger Cord Compatible With Samsung S22 S20 S20 Fe 2022 S22 Ultra S21 Ultra A70 A51 A53 A33 A73 M51 M31 M33 M53 (Grey, 2M, 65W, 6Ft)",Computers&Accessories,0.6124327821858441,0.11060546102097348,0.5962217144939176,0.008856142261627259,0.6382978723404255,0,Visibility Builders
B07JGDB5M1,"Wayona Nylon Braided 2M / 6Ft Fast Charge Usb To Lightning Data Sync And Charging Cable For Iphone, Ipad Tablet (6 Ft Pack Of 1, Grey)",Computers&Accessories,0.7788200949440413,0.0960028132692533,0.7432625332473235,0.01595478582579545,0.6754082137555667,1,Trusted Winners
B0981XSZJ7,CROSSVOLT Compatible Dash/Warp Data Sync Fast Charging Cable Supported for All C Type Devices (Cable),Computers&Accessories,0.5123605127953624,0.14759725400457666,0.49490747887903014,0.008643877352147162,0.7446808510638298,0,Visibility Builders
B0B9XLX8VR,VU 139 cm (55 inches) The GloLED Series 4K Smart LED Google TV 55GloLED (Grey),Electronics,0.631367492803181,0.0011613879035597889,0.615141269296675,0.41086294129985285,0.44680851063829785,2,Revenue Upside
B08Y5KXR6Z,"PTron Solero T241 2.4A Type-C Data & Charging USB Cable, Made in India, 480Mbps Data Sync, Durable 1-Meter Long USB Cable for Type-C USB Devices for Charging Adapter (Black)",Computers&Accessories,0.7807100015227074,0.4043062200956937,0.6923680228335795,0.013189935306130269,0.8490846115784265,3,Margin Watchlist
B09F6VHQXB,"Croma 80 cm (32 Inches) HD Ready LED TV (CREL7369, Black) (2021 Model)",Electronics,0.6059880952208412,0.005694038886119222,0.5646519726848389,0.18416796249835052,0.6390400791687283,2,Revenue Upside
B0974G5Q2Y,"boAt Laptop, Smartphone Type-c A400 Male Data Cable (Carbon Black)",Computers&Accessories,0.7671081612801213,0.16159494305151378,0.7492839309446907,0.01342048787544734,0.776595744680851,1,Trusted Winners
B09YL9SN9B,LG 80 cm (32 inches) HD Ready Smart LED TV 32LQ576BPSA (Ceramic Black),Electronics,0.5355496926579527,0.0027599486521181003,0.5185821351920457,0.10325822749987584,0.35106382978723405,0,Visibility Builders
B09RX1FK54,"boAt Type C A750 Stress Resistant, Tangle-free, Sturdy Flat Cable with 6.5A Fast Charging & 480Mbps Data Transmission, 10000+ Bends Lifespan and Extended 1.5m Length(Radiant Red)",Computers&Accessories,0.577341413368628,0.10546102097348634,0.5379437444034999,0.008348700198693744,0.6086095992083126,0,Visibility Builders
B09TT6BFDX,Cotbolt Silicone Protective Case Cover for LG an MR21GA Magic Remote Shockproof for LG Smart TV Remote 2021 Protective Skin Waterproof Anti Lost (Black) (Remote Not Included),Electronics,0.48027668194366496,0.11574990106846061,0.4766303970953892,0.01852023054700862,0.8906481939633846,0,Visibility Builders
B09KH58JZR,Portronics Konnect L POR-1403 Fast Charging 3A Type-C Cable 1.2 Meter with Charge & Sync Function for All Type-C Devices (White),Computers&Accessories,0.5745635013205602,0.20037593984962404,0.5353536373618782,0.002617186930588208,0.4767441860465116,0,Visibility Builders
B09DDCQFMT,Electvision Remote Control Compatible with Amazon Fire tv Stick (Pairing Manual Will be Back Side Remote Control)(P),Electronics,0.4922539743053474,0.02844293180989425,0.41930465436145836,0.008304666096900932,0.31172686788718457,0,Visibility Builders
B08RP2L2NL,"King Shine Multi Retractable 3.0A Fast Charger Cord, Multiple Charging Cable 4Ft/1.2m 3-in-1 USB Charge Cord Compatible with Phone/Type C/Micro USB for All Android and iOS Smartphones (Random Colour)",Computers&Accessories,0.5417007818726631,0.10351888366449265,0.4443093886603403,0.008512202811562853,0.5628401781296388,0,Visibility Builders
B0B4G2MWSB,"Lapster 5 pin mini usb cable, usb b cable,camera cable usb2.0 for External HDDS/Card Readers/Camera etc.",Computers&Accessories,0.5538850833218221,0.2755210173083716,0.5054970087409294,0.011346802597764879,0.8411677387431965,3,Margin Watchlist
B0B21C4BMX,"Portronics Konnect Spydr 31 3-in-1 Multi Functional Cable with 3.0A Output, Tangle Resistant, 1.2M Length, Nylon Braided(Zebra)",Computers&Accessories,0.37721140621134647,0.17105263157894737,0.3424274661430935,0.006100174256058819,0.7050964868876793,0,Visibility Builders
B084MZXJNK,"Belkin Apple Certified Lightning To Type C Cable, Tough Unbreakable Braided Fast Charging For Iphone, Ipad, Air Pods, 3.3 Feet (1 Meters)    White",Computers&Accessories,0.5844130039758024,0.0282413350449294,0.579858941874251,0.005633973069699897,0.21771400296882734,1,Trusted Winners
B0BHZCNC4P,Remote Control Compatible for Amazon Fire Tv Stick Remote Control [ 3rd Gen ](Not Compatible for Fire TV Edition Smart TV) from basesailor,Electronics,0.28058098809486504,0.025332677925634633,0.25798275975755386,0.016905699822322373,0.5766947055912914,0,Visibility Builders
B0B16KD737,VW 80 cm (32 inches) Playwall Frameless Series HD Ready Android Smart LED TV VW3251 (Black),Electronics,0.4925145618498116,0.00519256135396734,0.47457971331126075,0.08902566845983594,0.5,0,Visibility Builders
B099K9ZX65,Hisense 108 cm (43 inches) 4K Ultra HD Smart Certified Android LED TV 43A6GE (Black),Electronics,0.5506482235112763,0.0020047140242220604,0.5130539183622331,0.3185080319262443,0.537605145967343,2,Revenue Upside
B08Y55LPBF,Redmi 126 cm (50 inches) 4K Ultra HD Android Smart LED TV X50 | L50M6-RA (Black),Electronics,0.8268527660395586,0.001306259679320426,0.7891935873929279,0.23913565499647713,0.28055418109846614,2,Revenue Upside
B015OW3M1W,AmazonBasics 6-Feet DisplayPort (not USB port) to HDMI Cable Black,Electronics,0.7915879364591908,0.05266451485409393,0.7376404799370225,0.01718932656554149,0.537605145967343,1,Trusted Winners
B01D5H8ZI8,AmazonBasics 3 Feet High Speed HDMI Male to Female 2.0 Extension Cable,Electronics,0.7296868188633073,0.19271431854746032,0.7124872621207661,0.006436540273442284,0.6595744680851064,3,Margin Watchlist
B09X1M3DHX,iFFALCON 80 cm (32 inches) HD Ready Smart LED TV 32F53 (Black),Electronics,0.5512579803609504,0.004310957411530627,0.5240895449347919,0.23902597457159228,0.6650173181593272,2,Revenue Upside
B09MM6P76N,7SEVEN® Compatible Lg Smart Tv Remote Suitable for Any LG LED OLED LCD UHD Plasma Android Television and AKB75095303 replacement of Original Lg Tv Remote Control,Electronics,0.4359981948893843,0.12351078268737747,0.41139918967487354,0.0026269971661024437,0.4364176150420584,0,Visibility Builders
B01D5H8LDM,"AmazonBasics 3.5mm to 2-Male RCA Adapter Cable For Tablet, Smartphone (Black, 15 feet)",Electronics,0.8600147789114502,0.09234743299967711,0.8598370287729084,0.014737045336338874,0.6422563087580406,1,Trusted Winners
B0B1YY6JJL,Acer 109 cm (43 inches) I Series 4K Ultra HD Android Smart LED TV AR43AR2851UDFL (Black),Electronics,0.6522567455779671,0.0018388924099907672,0.6359363672930203,0.17277889473306574,0.3297872340425532,2,Revenue Upside
B09QGZM8QB,"Wayona Usb Type C 65W 6Ft/2M Long Fast Charging Cable Compatible For Samsung S22 S20 Fe S21 Ultra A33 A53 A01 A73 A70 A51 M33 M53 M51 M31(2M, Black)",Computers&Accessories,0.6124327821858441,0.11060546102097348,0.5962217144939176,0.008856142261627259,0.6382978723404255,0,Visibility Builders
B08L4SBJRY,"Saifsmart Outlet Wall Mount Hanger Holder for Dot 3rd Gen, Compact Bracket Case Plug and Built-in Cable Management for Kitchen Bathroom, Bedroom (Black)",Electronics,0.6248199611919959,0.1176293168451214,0.5690083475953083,0.014305841375351971,0.7224146462147452,0,Visibility Builders
B09X79PP8F,"MI 2-in-1 USB Type C Cable (Micro USB to Type C) 30cm for Smartphone, Headphone, Laptop (White)",Computers&Accessories,0.3399071764521634,0.22361070273448982,0.31276413935534353,0.0009830519847955908,0.3859475507174666,0,Visibility Builders
B082T6GVG9,"AmazonBasics New Release ABS USB-A to Lightning Cable Cord, Fast Charging MFi Certified Charger for Apple iPhone, iPad Tablet (3-Ft, White)",Computers&Accessories,0.8216751431272036,0.06256206554121152,0.7842444540358224,0.016060383363767743,0.5611083621969323,1,Trusted Winners
B0B3XY5YT4,LG 108 cm (43 inches) 4K Ultra HD Smart LED TV 43UQ7500PSF (Ceramic Black),Electronics,0.5574973612891759,0.0014240586946553217,0.5408860742941737,0.25528854112039234,0.40425531914893614,2,Revenue Upside
B0B4HKH19N,"pTron Solero 331 3.4Amps Multifunction Fast Charging Cable, 3-in-1 USB Cable Micro USB/Type-C/iOS, Made in India, Durable & Strong & Tangle-free 118cm in Length (Black)",Computers&Accessories,0.5384717784320363,0.16074825618262525,0.4818404971841034,0.008850793855917895,0.7043542800593766,0,Visibility Builders
B08TGG316Z,"10k 8k 4k HDMI Cable, Certified 48Gbps 1ms Ultra High Speed HDMI 2.1 Cable 4k 120Hz 144Hz 2k 165Hz 8k 60Hz Dynamic HDR ARC eARC DTS:X Compatible for Mac Gaming PC Soundbar TV Monitor Laptop PS5 4 Xbox",Electronics,0.6330053057938962,0.04725778409988936,0.6571788500850582,0.02135847743881942,0.6600692726373082,1,Trusted Winners
B071VMP1Z4,LRIPL Compatible Sony Bravia LCD/led Remote Works with Almost All Sony led/LCD tv's,Electronics,0.5844130039758024,0.10031658092599921,0.5209892244888971,0.0,0.0,1,Trusted Winners
B071SDRGWL,"boAt Type-c A400 Type-c to USB A Cable for All Type C Phones (Lg nexus 5x), 1Mtr(Black)",Computers&Accessories,0.7671081612801213,0.12645151560850548,0.7492839309446907,0.006470823469357445,0.5319148936170213,1,Trusted Winners
B08PSQRW2T,"Zoul Type C to Type C Fast Charging Cable 65W 2M/6ft USB C Nylon Braided Cord Compatible with MacBook Oneplus 9 9R Samsung Galaxy S21 Ultra S20+ (2M, Black)",Computers&Accessories,0.6090340184317043,0.10546102097348634,0.567491604371654,0.010274826469134248,0.6491835724888668,0,Visibility Builders
B0859M539M,"TP-LINK AC1300 Archer T3U Plus High Gain USB 3.0 Wi-Fi Dongle, Wireless Dual Band MU-MIMO WiFi Adapter with High Gain Antenna, Supports Windows 11/10/8.1/8/7/XP/MacOS",Computers&Accessories,0.7804272718878245,0.026579102258294355,0.7799212214500774,0.02445179206995641,0.4680851063829788,1,Trusted Winners
B08RX8G496,"LRIPL Mi Remote Control with Netflix & Prime Video Button Compatible for Mi 4X LED Android Smart TV 4A Remote Control (32""/43"") with Voice Command (Pairing Required)",Electronics,0.4362683662331914,0.05014061872237847,0.35884172250374274,0.004668438027347372,0.31667491340920345,0,Visibility Builders
B002SZEOLG,"TP-Link Nano USB WiFi Dongle 150Mbps High Gain Wireless Network Wi-Fi Adapter for PC Desktop and Laptops, Supports Windows 10/8.1/8/7/XP, Linux, Mac OS X (TL-WN722N)",Computers&Accessories,0.9332427224995327,0.05755041810132809,0.8908280715353039,0.013270324046816363,0.4571994062345374,1,Trusted Winners
B08CS3BT4L,Kodak 80 cm (32 inches) HD Ready Certified Android LED TV 32HDX7XPRO (Black),Electronics,0.6721627260624276,0.004310957411530627,0.6410125888518933,0.04859936386590806,0.2389905987135082,1,Trusted Winners
B00RFWNJMC,Airtel DigitalTV DTH Remote SD/HD/HD Recording Compatible for Television (Shining Black ),Electronics,0.5578884790258366,0.19473684210526318,0.4768508526198285,0.004087482260767303,0.5583869371598219,0,Visibility Builders
B082T6GXS5,"AmazonBasics New Release Nylon USB-A to Lightning Cable Cord, MFi Certified Charger for Apple iPhone, iPad, Silver, 6-Ft",Computers&Accessories,0.6642172224266961,0.04623044096728307,0.6766889049247317,0.017625131079626596,0.5789213260761998,1,Trusted Winners
B09CMQRQM6,"Ambrane Fast 100W Output Cable with Type-C to Type-C for Mobile, Laptop, Macbook & Table Charging, 480mbps Data Sync Speed, Braided Cable, 1.5m Length (ABCC-100, Black-Grey)",Computers&Accessories,0.5263901453851192,0.08638329290159268,0.4998376393648955,0.005074609707654569,0.4571994062345374,0,Visibility Builders
B005LJQMCK,"BlueRigger Digital Optical Audio Toslink Cable (3.3 Feet / 1 Meter) With 8 Channel (7.1) Audio Support (for Home Theatre, Xbox, Playstation etc.)",Electronics,0.7952307854109404,0.10361842105263158,0.7589602063073804,0.0035073505815496403,0.3221177634834241,1,Trusted Winners
B09C6H53KH,"Duracell Type-C To Micro 1.2M braided Sync & Charge Cable, USB C to Micro Fast Charge Compatible for fast data transmission (Black)",Computers&Accessories,0.45979523090006236,0.11713386727688788,0.43467170564660496,0.0036679833914947035,0.48837209302325585,0,Visibility Builders
B0BB3CBFBM,VU 138 cm (55 inches) Premium Series 4K Ultra HD Smart IPS LED TV 55UT (Black),Electronics,0.413174067573403,0.0014030992787069372,0.3848447183129943,0.3486262390831167,0.5477486392874814,2,Revenue Upside
B08QSDKFGQ,"Zoul USB Type C Fast Charging 3A Nylon Braided Data Cable Quick Charger Cable QC 3.0 for Samsung Galaxy M31s M30 S10 S9 S20 Plus, Note 10 9 8, A20e A40 A50 A70 (1M, Grey)",Computers&Accessories,0.5308688293060124,0.1301816488122962,0.5138116040001731,0.009723793393133234,0.7340425531914893,0,Visibility Builders
B08PV1X771,Samsung 80 cm (32 inches) Wondertainment Series HD Ready LED Smart TV UA32TE40AAKBXL (Titan Gray),Electronics,0.748114971326212,0.0028490367299785937,0.7306193632063566,0.09754398981944738,0.2765957446808511,1,Trusted Winners
B07YTNKVJQ,MI Xiaomi USB Type C HYperCharge Cable 6A 100cm Sturdy and Durable Black Supports 120W HyperCharging,Computers&Accessories,0.7962211997675294,0.0884400379706782,0.7778565156516809,0.015351776112087129,0.6595744680851064,1,Trusted Winners
B0117H7GZ6,GENERIC Ultra-Mini Bluetooth CSR 4.0 USB Dongle Adapter for Windows Computer ( Black:Golden),Computers&Accessories,0.6512499560137907,0.140139505389981,0.5085280538670882,0.002354365420214575,0.3196437407224147,1,Trusted Winners
B09XJ1LM7R,7SEVEN® Compatible for Tata Sky Remote Original Set Top HD Box and Suitable for SD Tata Play setup Box Remote Control,Electronics,0.1978443928277922,0.11060546102097348,0.18462780827611827,0.0019072983893237611,0.5319148936170213,0,Visibility Builders
B084N133Y7,"Belkin Apple Certified Lightning To Type C Cable, Fast Charging For Iphone, Ipad, Air Pods, 3.3 Feet (1 Meters)    White",Computers&Accessories,0.5844130039758024,0.030125346722376323,0.579858941874251,0.007042466337124871,0.27214250371103416,1,Trusted Winners
B088Z1YWBC,"EGate i9 Pro-Max 1080p Native Full HD Projector 4k Support | 3600 L (330 ANSI ) | 150"" (381 cm) Large Screen | VGA, AV, HDMI, SD Card, USB, Audio Out | (E03i31 / E04i32) Black",Electronics,0.7140525894867601,0.004217736121124729,0.633679126093767,0.11186093870675122,0.3955962394854033,1,Trusted Winners
B07VSG5SXZ,"ZEBRONICS HAA2021 HDMI version 2.1 cable with 8K @ 60Hz, 4K @ 120Hz, eARC & CEC support, 3D compatible, 2 meters length, 48Gbps max and Gold-plated connectors",Electronics,0.24828425220424952,0.0660580021482277,0.23118927065754216,0.005158118852808068,0.5883226125680355,0,Visibility Builders
B08RWCZ6SY,7SEVEN® Compatible for Sony Bravia LCD LED UHD OLED QLED 4K Ultra HD TV remote control with YouTube and NETFLIX Hotkeys. Universal Replacement for Original Sony Smart Android tv Remote Control,Electronics,0.4274189345693887,0.10031658092599921,0.3883366766088577,0.005150609993406872,0.5403265710044534,0,Visibility Builders
B07KSB1MLX,AmazonBasics Digital Optical Coax to Analog RCA Audio Converter Adapter with Fiber Cable,Electronics,0.6308930869253945,0.03769754965927215,0.5744698726480858,0.007769831008720725,0.3166749134092034,1,Trusted Winners
B081FG1QYX,"Wayona Type C Cable Nylon Braided USB C QC 3.0 Fast Charging Short Power Bank Cable for Samsung Galaxy S10e/S10+/S10/S9/S9+/Note 9/S8/Note 8, LG G7 G5 G6, Moto G6 G7 (0.25M, Black)",Computers&Accessories,0.6742497470578638,0.1301816488122962,0.6577544653350744,0.010725057571785098,0.7021276595744681,1,Trusted Winners
B08R69WBN7,"Pinnaclz Original Combo of 2 USB Type C Fast Charging Cable, USB C Data Cable for Charging and Data Transfer Smart Phones White 1.2 Meter Made in India (Pack of 2)",Computers&Accessories,0.6905987181338544,0.2755210173083716,0.6283171695443526,0.005825439773384033,0.6927263730826323,3,Margin Watchlist
B0B3RHX6B6,Ambrane BCL-15 Lightning Cable for Smartphone (1.5m Black),Computers&Accessories,0.3131975606834006,0.2686329918756623,0.28901366233561704,0.0018870929145801477,0.6078673923800099,0,Visibility Builders
B084N18QZY,"Belkin USB C to USB-C Fast Charging Type C Cable, 60W PD, 3.3 feet (1 meter) for Laptop, Personal Computer, Tablet, Smartphone - Black, USB-IF Certified",Computers&Accessories,0.4905383519681627,0.07710218785695458,0.4881107725683562,0.0029556151277458018,0.32285997031172686,0,Visibility Builders
B081NHWT6Z,LOHAYA Television Remote Compatible with Samsung Smart LED/LCD/HD TV Remote Control [ Compatible for All Samsung Tv Remote Control ],Electronics,0.5464982142065283,0.13386727688787184,0.4886460484639724,0.011854033793221067,0.7236516575952499,0,Visibility Builders
B07JPJJZ2H,"Wayona Nylon Braided Lightning USB Data Sync & 3A Charging Cable for iPhones, iPad Air, iPad Mini, iPod Nano and iPod Touch (3 FT Pack of 1, Grey)",Computers&Accessories,0.7313806993417725,0.10803324099722991,0.6978428534062304,0.015864299828124602,0.7169717961405244,1,Trusted Winners
B09JKNF147,Electvision Remote Control Compatible with Kodak/Thomson Smart led tv (Without Voice) Before Placing Order for verification Contact Our coustmer Care 7738090464,Electronics,0.4505111179159326,0.12109920819748486,0.41374139728626813,0.018023889061308408,0.8213755566551212,0,Visibility Builders
B0B9959XF3,Acer 80 cm (32 inches) S Series HD Ready Android Smart LED TV AR32AR2841HDSB (Black),Electronics,0.5696512188892416,0.0035308087804919127,0.5531891201474932,0.14403260729532788,0.4893617021276596,2,Revenue Upside
B09PNR6F8Q,"realme 10W Fast Charging Micro-USB Cable (Braided, Black)",Computers&Accessories,0.6778979577770109,0.16487000634115406,0.6168421992503795,0.0024507019086700372,0.376051459673429,1,Trusted Winners
B07M69276N,"TP-Link AC1300 USB WiFi Adapter (Archer T3U) - 2.4G/5G Dual Band Mini Wireless Network Adapter for PC Desktop, MU-MIMO Wi-Fi Dongle, USB 3.0, Supports Windows 11,10, 8.1, 8, 7, XP/Mac OS 10.15 and earlier",Computers&Accessories,0.7752424206357021,0.032278695308679134,0.7747030000595793,0.02055252184542631,0.47897080653142016,1,Trusted Winners
B0B1YZ9CB8,Acer 139 cm (55 inches) I Series 4K Ultra HD Android Smart LED TV AR55AR2851UDFL (Black),Electronics,0.6522567455779671,0.0013373611002566264,0.6359363672930203,0.23565903111121722,0.3297872340425532,2,Revenue Upside
B09YLYB9PB,"Ambrane 60W / 3A Fast Charging Output Cable with Micro to USB for Mobile, Neckband, True Wireless Earphone Charging, 480mbps Data Sync Speed, 1m Length (ACM - AZ1, Black)",Computers&Accessories,0.5600861729795993,0.2755210173083716,0.5110270614954435,0.0033746579835355985,0.6234537357743691,3,Margin Watchlist
B08CTNJ985,"Wayona USB Type C 65W Fast Charging 2M/6Ft Long Flash Charge Cable 3A QC 3.0 Data Cable Compatible with Samsung Galaxy S21 S10 S9 S8, iQOO Z3, Vivo, Note 10 9 8, A20e A40 A50 A70, Moto G7 G8 (2M, Grey)",Computers&Accessories,0.6080514084582086,0.13578947368421052,0.5918334416990633,0.009877228474119636,0.7127659574468086,0,Visibility Builders
B0BP7XLX48,"Syncwire LTG to USB Cable for Fast Charging Compatible with Phone 5/ 5C/ 5S/ 6/ 6S/ 7/8/ X/XR/XS Max/ 11/12/ 13 Series and Pad Air/Mini, Pod & Other Devices (1.1 Meter, White)",Computers&Accessories,0.13820528785554692,0.12861100118717847,0.12923654219761577,0.005329415085366673,0.9896091044037606,0,Visibility Builders
B09LHXNZLR,"Skadioo WiFi Adapter for pc | Car Accessories, WiFi Dongle for pc | USB WiFi Adapter for pc | Wi-Fi Receiver 2.4GHz, 802.11b/g/n UNano Size WiFi Dongle Compatible Adapter,WiFi dongle for pc",Computers&Accessories,0.4950731327320303,0.19082253372123778,0.42927034282438453,0.0035795259666993686,0.5492330529440872,0,Visibility Builders
B0B3N8VG24,"FLiX (Beetel USB to Type C PVC Data Sync & 15W(3A) TPE Fast Charging Cable, Made in India, 480Mbps Data Sync, 1 Meter Long cable for all Andriod & all Type C Devices (Black)(XCD - FPC02)",Computers&Accessories,0.7054837182040112,0.4665071770334928,0.6417768435939025,0.0035876028046663696,0.70262246412667,3,Margin Watchlist
B08PSVBB2X,"Zoul USB C to USB C Fast Charging Cable 65W Type C to Type C Nylon Braided Cord Compatible with Macbook Oneplus 9 10R Samsung Galaxy S22 S21 Ultra Z Flip3 Macbook Air/Pro M1 Google Pixel 11'' iPad Pro 2020/2018 (2M, Grey)",Computers&Accessories,0.6090340184317043,0.10546102097348634,0.567491604371654,0.010274826469134248,0.6491835724888668,0,Visibility Builders
B0B3MQXNFB,"FLiX (Beetel Flow USB to Micro USB PVC Data Sync & 12W(2.4A) Fast Charging Cable,Made in India,480Mbps Data Sync,Solid Cable,1 Meter Long cable for all Andriod & Micro USB Devices (Black)(XCD-FPM01)",Computers&Accessories,0.7054837182040112,0.70914893036703,0.6417768435939025,0.002399273136333988,0.70262246412667,3,Margin Watchlist
B08XMSKKMM,7SEVEN® Bluetooth Voice Command Remote for Xiaomi Redmi Mi Smart TV with Netflix & Prime Video Hot Keys XMRM-00A,Electronics,0.49040478684422983,0.042388511955734134,0.3946911428704861,0.014183089750925743,0.4898565066798614,0,Visibility Builders
B09L8DT7D6,Sony TV - Remote Compatible for Sony LED Remote Control Works with Sony LED TV by Trend Trail Speed tech & Remote hi Remote & REO India only,Electronics,0.44347275750938214,0.1902439024390244,0.3962889712350192,0.0031423111115385007,0.5546759030183078,0,Visibility Builders
B00GE55L22,"Storite USB 3.0 Cable A to Micro B high Speed Upto 5 Gbps Data Transfer Cable for Portable External Hard Drive - (20cm), Black",Computers&Accessories,0.6164743691506646,0.14073226544622425,0.5744279033696996,0.005943057341856967,0.578179119247897,0,Visibility Builders
B0162K34H2,"boAt LTG 500 Apple MFI Certified for iPhone, iPad and iPod 2Mtr Data Cable(Space Grey)",Computers&Accessories,0.679963337412033,0.04956295331969499,0.6336088810138827,0.0024581685631356667,0.15215239980207815,1,Trusted Winners
B0B8SRZ5SV,"AmazonBasics USB C to Lightning Aluminum with Nylon Braided MFi Certified Charging Cable (Grey, 1.2 meter)",Computers&Accessories,0.7338793671562241,0.047584715212689255,0.7329922869323955,0.01857158118907401,0.5769421078673925,1,Trusted Winners
B07CWNJLPC,"AmazonBasics Double Braided Nylon USB Type-C to Type-C 2.0 Cable Smartphone (Dark Grey, 3 feet)",Computers&Accessories,0.6636393325729902,0.0884400379706782,0.6472373362317236,0.011212050372313072,0.6170212765957447,1,Trusted Winners
B00NH12R1O,"Amazon Basics USB 3.0 Cable - A Male to Micro B - 6 Feet (1.8 Meters), Black",Computers&Accessories,0.717161006630001,0.14759725400457666,0.700147494974528,0.003214878148303849,0.40425531914893614,1,Trusted Winners
B0B8SSC5D9,"AmazonBasics USB C to Lightning Aluminum with Nylon Braided MFi Certified Charging Cable (Grey, 1.8 meter)",Computers&Accessories,0.7338793671562241,0.047584715212689255,0.7329922869323955,0.01857158118907401,0.5769421078673925,1,Trusted Winners
B08WKG2MWT,"Wayona Usb C 65W Fast Charging Cable Compatible For Tablets Samsung S22 S20 S10 S20Fe S21 S21 Ultra A70 A51 A71 A50S M31 M51 M31S M53 5G (1M, Black)",Computers&Accessories,0.6124327821858441,0.11644216081099847,0.5962217144939176,0.01062737071395271,0.7021276595744681,0,Visibility Builders
B0B466C3G4,Karbonn 80 cm (32 inches) Millenium Bezel-Less Series HD Ready Smart LED TV KJW32SKHD (Phantom Black),Electronics,0.45206494564970423,0.004452315438206194,0.4091260682227501,0.10895213283324018,0.5113805047006433,0,Visibility Builders
B005LJQMZC,"BlueRigger Digital Optical Audio Toslink Cable (6 Feet / 1.8 Meter) With 8 Channel (7.1) Audio Support (for Home Theatre, Xbox, Playstation etc.)",Electronics,0.7952307854109404,0.08869395711500976,0.7589602063073804,0.02899793131084484,0.789708065314201,1,Trusted Winners
B07MDRGHWQ,VW 60 cm (24 inches) Premium Series HD Ready LED TV VW24A (Black),Electronics,0.6398289915128252,0.007563653826617781,0.6098864895809772,0.08174413889881572,0.4987629886194953,1,Trusted Winners
B07DC4RZPY,"Amazon Basics USB A to Lightning MFi Certified Charging Cable (White, 1.2 meter)",Computers&Accessories,0.9328662082847092,0.059349714200875946,0.8692957613919164,0.029003070373890372,0.6593270658090055,1,Trusted Winners
B0B15GSPQW,Samsung 138 cm (55 inches) Crystal 4K Neo Series Ultra HD Smart LED TV UA55AUE65AKXXL (Black),Electronics,0.6841198888884773,0.0009195994779614174,0.6675242004209483,0.3777393338561083,0.3404255319148936,2,Revenue Upside
B08GJNM9N7,LOHAYA Television Remote Compatible for VU LED LCD HD Tv Remote Control Model No :- EN2B27V,Electronics,0.47795552866904084,0.12700228832951946,0.41648784437401504,0.0103672817974818,0.6865413161801089,0,Visibility Builders
B09C6FML9B,"Duracell Micro USB 3A Braided Sync & Fast Charging Cable, 3.9 Feet (1.2M). Supports QC 2.0/3.0 Charging, High Speed Data Transmission - Black",Computers&Accessories,0.47811246430771026,0.13149671052631579,0.445406653598872,0.0032149126201605613,0.4767441860465116,0,Visibility Builders
B0B65MJ45G,"Zebronics CU3100V Fast charging Type C cable with QC 18W support, 3A max capacity, 1 meter braided cable, Data transfer and Superior durability (Braided Black + White)",Computers&Accessories,0.31834172247987325,0.2879591063990912,0.2936116383358741,0.0031456639331984113,0.7236516575952499,0,Visibility Builders
B08P9RYPLR,"FLiX (Beetel) USB to iPhone Lightning Textured Pattern Data Sync & 2A Fast Charging Cable, Made in India, 480Mbps Data Sync, Tough Cable, 1 Meter Long USB Cable for Apple Devices (Black)(XCD-L102)",Computers&Accessories,0.7054837182040112,0.3182374541003672,0.6417768435939025,0.002040342827298409,0.47501237011380504,3,Margin Watchlist
B0B6F8HHR6,MI 108 cm (43 inches) 5A Series Full HD Smart Android LED TV L43M7-EAIN (Black),Electronics,0.802148200071823,0.0017242794974956894,0.7655753717640286,0.21265823394605787,0.3221177634834241,2,Revenue Upside
B084MZXJN6,"Belkin Apple Certified Lightning to USB Charge and Sync Cable for iPhone, iPad, Air Pods, 39.6 inch (100cm) – Black",Computers&Accessories,0.686354569059103,0.045203097834676784,0.6848187236029943,0.011579277807074607,0.44631370608609605,1,Trusted Winners
B08XMG618K,Time Office Scanner Replacement Cable for Startek FM220U (Type C) Ivory,Computers&Accessories,0.5146395203405358,0.18701754385964908,0.4794736922806899,0.0033985103809402984,0.5578921326076199,0,Visibility Builders
B0BCKWZ884,Caldipree Silicone Case Cover Compatible for 2022 Samsung Smart TV Remote QLED TV BN68-13897A TM2280E (2022-BLACK),Electronics,0.4636721192119926,0.08067930337727315,0.44499533424561466,0.027400996210198557,0.8723404255319149,0,Visibility Builders
B00GGGOYEK,Storite USB 2.0 A to Mini 5 pin B Cable for External HDDS/Camera/Card Readers 35cm,Computers&Accessories,0.6003499543861014,0.15057915057915058,0.5223242072044582,0.0063663727494701556,0.5922810489856506,0,Visibility Builders
B07ZR4S1G4,Universal Remote Control for All Sony TV for All LCD LED and Bravia TVs Remote,Electronics,0.6077308063575885,0.1889451662629377,0.6041299323478578,0.006737580819309658,0.7184562097971302,3,Margin Watchlist
B09C635BMM,Cotbolt Silicone Case Cover Compatible for Samsung BN59-01312A QLED 8K 4K Smart TV Remote Shockproof Protective Remote Cover (Black),Electronics,0.5193731428188818,0.1176293168451214,0.47479382411268456,0.00813631490875966,0.6432459178624443,0,Visibility Builders
B00GG59HU2,"BlueRigger High Speed HDMI Cable with Ethernet - Supports 3D, 4K 60Hz and Audio Return - Latest Version (3 Feet / 0.9 Meter)",Electronics,0.8248071231271835,0.09669784740223149,0.8245194468233523,0.0026239843380759372,0.23948540326571008,1,Trusted Winners
B00RGLI0ZS,"Amkette 30 Pin to USB Charging & Data Sync Cable for iPhone 3G/3GS/4/4s/iPad 1/2/3, iPod Nano 5th/6th Gen and iPod Touch 3rd/4th Gen -1.5m (Black)",Computers&Accessories,0.623307484501246,0.09143125073262219,0.5676487127289035,0.0022533492311507977,0.24740227610094015,1,Trusted Winners
B09ZPJT8B2,TCL 80 cm (32 inches) HD Ready Certified Android Smart LED TV 32S615 (Black),Electronics,0.321986518929917,0.0035951011808085685,0.30133760703172613,0.15520388527602644,0.6546264225630877,0,Visibility Builders
B07HZ2QCGR,POPIO Type C Dash Charging USB Data Cable for OnePlus Devices,Computers&Accessories,0.6961958755957083,0.11436090225563908,0.618015658887394,0.004177973659582045,0.4052449282533399,1,Trusted Winners
B095244Q22,"MYVN LTG to USB for Fast Charging & Data Sync USB Cable Compatible for iPhone 5/5s/6/6S/7/7+/8/8+/10/11, iPad Air/Mini, iPod and iOS Devices (1 M)",Computers&Accessories,0.5953718504358919,0.1506892230576441,0.5060424272564688,0.010718741647166597,0.6865413161801089,0,Visibility Builders
B08CKW1KH9,Tata Sky Universal Remote Compatible for SD/HD,Electronics,0.4496089574585705,0.18111455108359134,0.38941533790750216,0.004280228505735451,0.5878278080158339,0,Visibility Builders
B0BLV1GNLN,"WZATCO Pixel | Portable LED Projector | Native 720p with Full HD 1080P Support | 2000 Lumens (200 ANSI) | 176"" Large Screen | Projector for Home and Outdoor | Compatible with TV Stick, PC, PS4",Electronics,0.25702572886121006,0.006325521044521937,0.23876143619995907,0.021681011915821474,0.34636318654131615,0,Visibility Builders
B08RHPDNVV,7SEVEN® Compatible Tata Sky Remote Control Replacement of Original dth SD HD tata Play Set top Box Remote - IR Learning Universal Remote for Any Brand TV - Pairing Must,Electronics,0.4079043419533406,0.1528555431131019,0.3554158648399294,0.0035784472220321754,0.5282038594755072,0,Visibility Builders
B00NH13Q8W,"AmazonBasics USB 2.0 Extension Cable for Personal Computer, Printer, 2-Pack - A-Male to A-Female - 3.3 Feet (1 Meter, Black)",Computers&Accessories,0.8658234962838642,0.15446224256292906,0.8852732135118918,0.010454469442943452,0.7013854527461653,1,Trusted Winners
B0B8SSZ76F,"Amazon Basics USB C to Lightning TPE MFi Certified Charging Cable (White, 1.2 meter)",Computers&Accessories,0.6986517316432957,0.05394901521638891,0.6664569723300148,0.020205839095294182,0.6234537357743691,1,Trusted Winners
B0841KQR1Z,Crypo™ Universal Remote Compatible with Tata Sky Universal HD & SD Set top Box (Also Works with All TV),Electronics,0.5271410486201025,0.13043478260869565,0.4628176576278355,0.008893235246983797,0.6580900544285007,0,Visibility Builders
B0B467CCB9,Karbonn 80 cm (32 Inches) Millennium Series HD Ready LED TV KJW32NSHDF (Phantom Black) with Bezel-Less Design,Electronics,0.36326414807071333,0.005572224603514787,0.3307456706523263,0.0874714651762721,0.5546759030183078,0,Visibility Builders
B095JQVC7N,OnePlus 138.7 cm (55 inches) U Series 4K LED Smart Android TV 55U1S (Black),Electronics,0.6801577301139228,0.0009786029295662934,0.6337900674425256,0.27867208312098135,0.28401781296387923,2,Revenue Upside
B08PPHFXG3,Posh 1.5 Meter High Speed Gold Plated HDMI Male to Female Extension Cable (Black),Electronics,0.5492895458879327,0.2550958320657134,0.532557836980463,0.010934937001077094,0.8829787234042552,3,Margin Watchlist
B06XR9PR5X,"Amazon Basics HDMI Coupler,Black",Electronics,0.7594202639046204,0.21606648199445985,0.7587662240157953,0.0071563874133080884,0.7075705096486888,3,Margin Watchlist
B09JSW16QD,"boAt LTG 550v3 Lightning Apple MFi Certified Cable with Spaceship Grade Aluminium Housing,Stress Resistance, Rapid 2.4A Charging & 480mbps Data Sync, 1m Length & 10000+ Bends Lifespan(Mercurial Black)",Computers&Accessories,0.4533723301653215,0.047145803589528364,0.41022570488636956,0.007004138419242492,0.41489361702127664,0,Visibility Builders
B07JH1CBGW,"Wayona Nylon Braided Usb Syncing And Charging Cable Sync And Charging Cable For Iphone, Ipad (3 Ft, Black) - Pack Of 2",Computers&Accessories,0.7788200949440413,0.06641797096748034,0.7432625332473235,0.025339953958616306,0.7065809005442851,1,Trusted Winners
B09127FZCK,Astigo Compatible Remote for Airtel Digital Set Top Box (Pairing Required with TV Remote),Electronics,0.46700215460036476,0.13043478260869565,0.4149955171290039,0.006753128895004593,0.6298861949529936,0,Visibility Builders
B083GQGT3Z,"Caprigo Heavy Duty TV Wall Mount Stand for 12 to 27 inches LED/LCD/Monitor Screen's, Full Motion Rotatable Universal TV & Monitor Wall Mount Bracket with Swivel & Tilt Adjustments (Single Arm - M416)",Electronics,0.5444027688132299,0.10546102097348634,0.5072299958987289,0.0052482585392483695,0.5071746660069273,0,Visibility Builders
B09Q8WQ5QJ,"Portronics Konnect L 60W PD Type C to Type C Mobile Charging Cable, 1.2M, Fast Data Sync, Tangle Resistant, TPE+Nylon Braided(Grey)",Computers&Accessories,0.5645581899019321,0.16899175649968293,0.5260244954983104,0.003401602993674255,0.5071746660069273,0,Visibility Builders
B07YZG8PPY,TATA SKY HD Connection with 1 month basic package and free installation,Electronics,0.689635159914633,0.03533352998188024,0.6729780635728512,0.017451935476567544,0.4893617021276596,1,Trusted Winners
B09H39KTTB,Remote Compatible for Samsung LED/LCD Remote Control Works with Samsung LED/LCD TV by Trend Trail,Electronics,0.42496027734108105,0.17828020756115642,0.3766740555515951,0.0029292016784189362,0.5217714002968827,0,Visibility Builders
B08DCVRW98,SoniVision SA-D10 SA-D100 SA-D40 Home Theater Systems Remote Compatible with Sony RM-ANU156,Electronics,0.47620782828397656,0.19642407454041802,0.43651861995963326,0.003328353398817219,0.5739732805541811,0,Visibility Builders
B0718ZN31Q,Rts™ High Speed 3D Full HD 1080p Support (10 Meters) HDMI Male to HDMI Male Cable TV Lead 1.4V for All Hdmi Devices- Black (10M - 30 FEET),Electronics,0.5256318601321772,0.07208237986270023,0.49909710460899726,0.05575296315767973,0.9143988124690748,0,Visibility Builders
B0162LYSFS,"boAt LTG 500 Apple MFI Certified for iPhone, iPad and iPod 2Mtr Data Cable(Metallic Silver)",Computers&Accessories,0.6660762934472367,0.05266451485409393,0.6206650493370179,0.015250443951502594,0.5477486392874814,1,Trusted Winners
B07PFJ5VQD,Agaro Blaze USBA to micro +Type C 2in1 Braided 1.2M Cable,Computers&Accessories,0.73739490722033,0.2775571002979146,0.7200745371404554,0.007748569406597047,0.776595744680851,3,Margin Watchlist
B01J8S6X2I,AmazonBasics 6 Feet DisplayPort to DisplayPort Cable - (Not HDMI Cable) (Gold),Computers&Accessories,0.7816531882989075,0.09049678303976375,0.7811547489740698,0.011322008590841402,0.5987135081642753,1,Trusted Winners
B09MJ77786,MI 108 cm (43 inches) 5X Series 4K Ultra HD LED Smart Android TV L43M6-ES (Grey),Electronics,0.7685811208980371,0.0013791549406971598,0.7507305366750474,0.3334242031581088,0.3829787234042553,2,Revenue Upside
B09NNGHG22,Sansui 140cm (55 inches) 4K Ultra HD Certified Android LED TV with Dolby Audio & Dolby Vision JSW55ASUHD (Mystique Black),Electronics,0.4891921774895465,0.0013377259456613644,0.4711728310847484,0.2806023896464928,0.44680851063829785,2,Revenue Upside
B07V5YF4ND,LOHAYA LCD/LED Remote Compatible for Sony Bravia Smart LCD LED UHD OLED QLED 4K Ultra HD TV Remote Control with YouTube & Netflix Function [ Compatible for Sony Tv Remote Control ],Electronics,0.47408997630528577,0.12013729977116704,0.39957750888585647,0.010283434518280808,0.6494309747649679,0,Visibility Builders
B0B65P827P,"Zebronics CU3100V Fast charging Type C cable with QC 18W support, 3A max capacity, 1 meter braided cable, Data transfer and Superior durability (Braided Black )",Computers&Accessories,0.31834172247987325,0.3119500879859222,0.2936116383358741,0.0032276813659932674,0.7429490351311233,0,Visibility Builders
B084MZYBTV,"Belkin USB C to USB-C Fast Charging Type C Cable, 60W PD, 3.3 feet (1 meter) for Laptop, Personal Computer, Tablet, Smartphone - White, USB-IF Certified",Computers&Accessories,0.47540013671753834,0.07710218785695458,0.47117286883279424,0.002864403629557539,0.32285997031172686,0,Visibility Builders
B097ZQTDVZ,7SEVEN® TCL Remote Control Smart TV RC802V Remote Compatible for TCL TV Remote Original 55EP680 40A325 49S6500 55P8S 55P8 50P8 65P8 40S6500 43S6500FS 49S6800FS 49S6800 49S6510FS(Without Voice Function/Google Assistant and Non-Bluetooth remote),Electronics,0.468080967148217,0.08745548080728137,0.38891877129160307,0.0056406076383725716,0.4710539336961901,0,Visibility Builders
B0B5F3YZY4,"Wayona 3in1 Nylon Braided 66W USB Fast Charging Cable with Type C, Lightening and Micro USB Port, Compatible with iPhone, iPad, Samsung Galaxy, OnePlus, Mi, Oppo, Vivo, iQOO, Xiaomi (1M, Black)",Computers&Accessories,0.42370092136985343,0.09143125073262219,0.3899243494317843,0.006637547919182498,0.5838693715982187,0,Visibility Builders
B09G5TSGXV,"Hi-Mobiler iPhone Charger Lightning Cable,2 Pack Apple MFi Certified USB iPhone Fast Chargering Cord,Data Sync Transfer for 13/12/11 Pro Max Xs X XR 8 7 6 5 5s iPad iPod More Model Cell Phone Cables",Computers&Accessories,0.6151063388610747,0.16162453377538333,0.5602800976419313,0.008079446495415523,0.6729341909945572,0,Visibility Builders
B006LW0WDQ,Amazon Basics 16-Gauge Speaker Wire - 50 Feet,Electronics,0.7250811845688778,0.11317768104471705,0.7240975164729188,0.006920169402497653,0.5442850074220683,1,Trusted Winners
B09YLX91QR,"Ambrane 60W / 3A Fast Charging Output Cable with Type-C to USB for Mobile, Neckband, True Wireless Earphone Charging, 480mbps Data Sync Speed, 1m Length (ACT - AZ10, White)",Computers&Accessories,0.5600861729795993,0.22934431049691267,0.5110270614954435,0.002969699025511327,0.5442850074220683,3,Margin Watchlist
B081FJWN52,"Wayona Usb Type C To Usb Nylon Braided Quick Charger Fast Charging Short Cable For Smartphone (Samsung Galaxy S21/S20/S10/S9/S9+/Note 9/S8/Note 8, Lg G7 G5 G6, Moto G6 G7) (0.25M,Grey)",Computers&Accessories,0.6742497470578638,0.1301816488122962,0.6577544653350744,0.010725057571785098,0.7021276595744681,1,Trusted Winners
B0758F7KK7,"Caprigo Heavy Duty TV Wall Mount Bracket for 14 to 32 Inch LED/HD/Smart TV’s, Universal Fixed TV Wall Mount Stand (M452)",Electronics,0.5492272155089466,0.10288880094974277,0.5013459838506776,0.007942152177328488,0.5937654626422563,0,Visibility Builders
B09L835C3V,"Smashtronics® - Case for Firetv Remote, Fire Stick Remote Cover Case, Silicone Cover for TV Firestick 4K/TV 2nd Gen(3rd Gen) Remote Control - Light Weight/Anti Slip/Shockproof (Black)",Electronics,0.5551658255575828,0.21660936260248614,0.5278942213341397,0.002676009336830772,0.5195447798119743,3,Margin Watchlist
B098TV3L96,Electvision Remote Control for led Smart tv Compatible with VU Smart Led (Without Voice),Electronics,0.4079043419533406,0.11174785100286531,0.36767339963337314,0.016220983286684313,0.7803067788223652,0,Visibility Builders
B08NCKT9FG,Boat A 350 Type C Cable 1.5m(Jet Black),Computers&Accessories,0.7919989167802203,0.15102974828375287,0.7915607067095952,0.009524891508529155,0.6857991093518061,1,Trusted Winners
B0B4T6MR8N,"pTron Solero M241 2.4A Micro USB Data & Charging Cable, Made in India, 480Mbps Data Sync, Durable 1-Meter Long USB Cable for Micro USB Devices (White)",Computers&Accessories,0.5384717784320363,0.4497338852749852,0.4818404971841034,0.00922714726034842,0.8587333003463632,3,Margin Watchlist
B01GGKZ4NU,"AmazonBasics USB Type-C to USB Type-C 2.0 Cable for Charging Adapter, Smartphone - 9 Feet (2.7 Meters) - White",Computers&Accessories,0.7945158491847643,0.07851596203623813,0.7582764542734255,0.008540284297310713,0.4675903018307769,1,Trusted Winners
B09BW2GP18,"Croma 3A Fast charge 1m Type-C to All Type-C Phones sync and charge cable, Made in India, 480Mbps Data transfer rate, Tested Durability with 8000+ bends (12 months warranty) - CRCMA0106sTC10, Black",Computers&Accessories,0.4389192745414713,0.310281517747858,0.39805364437469687,0.009213777323692699,0.8394359228104898,3,Margin Watchlist
B09WN3SRC7,Sony Bravia 164 cm (65 inches) 4K Ultra HD Smart LED Google TV KD-65X74K (Black),Electronics,0.670199796434613,0.0006185003475479312,0.7122088959129803,1.0,0.5116279069767442,2,Revenue Upside
B09B125CFJ,7SEVEN® Compatible for Mi tv Remote Control Original Suitable with Smart Android 4K LED Non Voice Command Xiaomi Redmi Remote of 4A Model 32 43 55 65 inches,Electronics,0.4458909442590352,0.10586638516060926,0.38679154602339,0.004835886178523137,0.4987629886194954,0,Visibility Builders
B09RQRZW2X,7SEVEN® Compatible Vu Smart Tv Remote Control Suitable for Original 4K Android LED Ultra HD UHD Vu Tv Remote with Non Voice Feature without google assistant,Electronics,0.403081906753844,0.07609956755616497,0.3598496086656276,0.003885869397301212,0.4027709054923306,0,Visibility Builders
B07924P3C5,Storite High Speed Micro USB 3.0 Cable A to Micro B for External & Desktop Hard Drives 45cm,Computers&Accessories,0.5907084951376855,0.14416475972540047,0.5624144219162647,0.007118330125715492,0.6546264225630877,0,Visibility Builders
B08N1WL9XW,"FLiX (Beetel) 3in1 (Type C|Micro|Iphone Lightening) Textured Pattern 3A Fast Charging Cable with QC & PD Support for Type C,Micro USB & Lightning Iphone Cable,Made in India,1.5 Meter Long Cable(T101)",Computers&Accessories,0.7054837182040112,0.2255639097744361,0.6417768435939025,0.0070901913248619716,0.6927263730826323,3,Margin Watchlist
B07VVXJ2P5,SVM Products Unbreakable Set Top Box Stand with Dual Remote Holder (Black),Electronics,0.578031267847741,0.3848684210526316,0.4809253290942957,0.0042211313318926014,0.6768926274121723,3,Margin Watchlist
B0BC8BQ432,VU 164 cm (65 inches) The GloLED Series 4K Smart LED Google TV 65GloLED (Grey),Electronics,0.631367492803181,0.0008025382605449795,0.615141269296675,0.45664963773225375,0.3723404255319149,2,Revenue Upside
B06XFTHCNY,"CableCreation RCA to 3.5mm Male Audio Cable, 3.5mm to 2RCA Cable Male RCA Cable,Y Splitter Stereo Jack Cable for Home Theater,Subwoofer, Receiver, Speakers and More (3Feet/0.9Meter,Black)",Electronics,0.6452764334506018,0.09818966550773288,0.6151364656362511,0.004961024727397688,0.4364176150420584,1,Trusted Winners
B08CT62BM1,"Wayona USB Type C Fast Charging Cable Charger Cord 3A QC 3.0 Data Cable Compatible with Samsung Galaxy S10e S10 S9 S8 S20 Plus, Note 10 9 8, M51 A40 A50 A70, Moto G7 G8 (1M, Grey)",Computers&Accessories,0.6080514084582086,0.14759725400457666,0.5918334416990633,0.010258249157097546,0.7446808510638298,0,Visibility Builders
B07CRL2GY6,boAt Rugged V3 Braided Micro USB Cable (Pearl White),Computers&Accessories,0.8835615726035925,0.14416475972540047,0.84337884243574,0.010647354849235274,0.6546264225630877,1,Trusted Winners
B07DWFX9YS,"Amazon Basics USB A to Lightning PVC Molded Nylon MFi Certified Charging Cable (Black, 1.2 meter)",Computers&Accessories,0.8060410901588642,0.05463277966780068,0.7692977652624816,0.02350593097090669,0.6338446313706086,1,Trusted Winners
B01D5H90L4,AmazonBasics - High-Speed Male to Female HDMI Extension Cable - 6 Feet,Electronics,0.6998199756077491,0.15102974828375287,0.6985022727395618,0.0067634083885243015,0.6204849084611579,1,Trusted Winners
B07F1P8KNV,"Wayona Nylon Braided Usb Type C 3Ft 1M 3A Fast Charger Cable For Samsung Galaxy S9 S8 (Wc3Cb1, Black)",Computers&Accessories,0.7147558756411475,0.13263157894736843,0.6819065512495965,0.01333317561120943,0.727362691736764,1,Trusted Winners
B084N1BM9L,"Belkin Apple Certified Lightning to USB Charge and Sync Tough Braided Cable for iPhone, iPad, Air Pods, 3.3 feet (1 meters) – Black",Computers&Accessories,0.686354569059103,0.03476358332320408,0.6848187236029943,0.011579277807074607,0.38099950519544784,1,Trusted Winners
B09F6D21BY,7SEVEN Compatible LG TV Remote Suitable for LG Non Magic Smart tv Remote Control (Mouse & Voice Non-Support) MR20GA Prime Video and Netflix Hotkeys,Electronics,0.3582397035725209,0.03897401732178547,0.30749752965015575,0.010438423725563976,0.44532409698169223,0,Visibility Builders
B09LQQYNZQ,Realme Smart TV Stick 4K,Electronics,0.4177646207521909,0.009828518945800339,0.4070737605608017,0.0,0.0,0,Visibility Builders
B0BC9BW512,Acer 100 cm (40 inches) P Series Full HD Android Smart LED TV AR40AR2841FDFL (Black),Electronics,0.6522403463348315,0.002322836936016023,0.6359200710220664,0.09417635638943014,0.25531914893617025,1,Trusted Winners
B0B61HYR92,"Lapster usb 2.0 mantra cable, mantra mfs 100 data cable (black)",Computers&Accessories,0.34358091075278013,0.21660936260248614,0.32195021037696003,0.006624512409119068,0.831271647699159,0,Visibility Builders
B075ZTJ9XR,"AmazonBasics High-Speed Braided HDMI Cable - 3 Feet - Supports Ethernet, 3D, 4K and Audio Return (Black)",Electronics,0.8089704228219071,0.16787321463510077,0.8086170185230258,0.00742835282916617,0.6422563087580406,1,Trusted Winners
B0978V2CP6,"Cubetek 3 in 1 LCD Display V5.0 Bluetooth Transmitter Receiver, Bypass Audio Adapter with Aux, Optical, Dual Link Support for TV, Home Stereo, PC, Headphones, Speakers, Model: CB-BT27",Electronics,0.5245232286459091,0.02062946310499868,0.4793681989337805,0.014032097994979979,0.3562592775853538,0,Visibility Builders
B09LRZYBH1,"KRISONS Thunder Speaker, Multimedia Home Theatre, Floor Standing Speaker, LED Display with Bluetooth, FM, USB, Micro SD Card, AUX Connectivity",Electronics,0.4354549965895452,0.016963897346672467,0.38988378789725814,0.01784132497982829,0.40425531914893614,0,Visibility Builders
B0B997FBZT,Acer 139 cm (55 inches) H Series 4K Ultra HD Android Smart LED TV AR55AR2851UDPRO (Black),Electronics,0.5696512188892416,0.0012259112460726248,0.5531891201474932,0.1920846638708352,0.2978723404255319,2,Revenue Upside
B098LCVYPW,Dealfreez Case Compatible for Fire TV Stick 4K All Alexa Voice Remote Shockproof Silicone Anti-Lost Cover with Loop (C-Black),Electronics,0.48148664933943636,0.12351078268737747,0.45591135701001423,0.007542798578545925,0.6754082137555667,0,Visibility Builders
B09HV71RL1,"Wayona Type C to Lightning MFI Certified 20W Fast charging Nylon Braided USB C Cable for iPhone 14 Pro, 14 Pro Max, 14, 14 Plus, 13, 13 Pro, 13 Pro Max, 13 Mini, 12, 12 Pro, 11, 11 Pro Max, iPhone 12 Mini (2M, Black)",Computers&Accessories,0.5362906574317553,0.05852426615913915,0.4996651868041728,0.010081606409930548,0.5274616526472043,0,Visibility Builders
B08PZ6HZLT,VW 80 cm (32 inches) HD Ready Android Smart LED TV VW32PRO (Black),Electronics,0.6753758085136545,0.004561910387703897,0.6145646236913671,0.16277226427230015,0.5244928253339931,2,Revenue Upside
B075TJHWVC,Airtel Digital TV HD Set Top Box with 1 Month Basic Pack with Recording + Free Standard Installation,Electronics,0.6249368838152601,0.04700683005222981,0.595520312970537,0.020815128914480688,0.6234537357743691,1,Trusted Winners
B09LV13JFB,LOHAYA Voice Assistant Remote Compatible for Airtel Xstream Set-Top Box Remote Control with Netflix Function (Black) (Non - Voice),Electronics,0.24513549501869936,0.08488326078353778,0.2245015363977164,0.003544805047031661,0.4898565066798614,0,Visibility Builders
B092BL5DCX,Samsung 138 cm (55 inches) Crystal 4K Series Ultra HD Smart LED TV UA55AUE60AKLXL (Black),Electronics,0.6841198888884773,0.0009594030076168703,0.6675242004209483,0.394078909580744,0.3617021276595745,2,Revenue Upside
B09VH568H7,Amazon Brand - Solimo 3A Fast Charging Tough Type C USB Data Cable  – 1 Meter,Computers&Accessories,0.30477459999094464,0.32773109243697474,0.2802884609331871,0.00132216659220144,0.5640771895101435,0,Visibility Builders
B09HQSV46W,Mi 100 cm (40 inches) Horizon Edition Full HD Android LED TV 4A | L40M6-EI (Black),Electronics,0.802148200071823,0.0019594192080501266,0.7655753717640286,0.15466053377895117,0.28055418109846614,1,Trusted Winners
B08TZD7FQN,"Astigo Compatible Remote Control for Mi Smart LED 4A (43""/32"")",Electronics,0.5062953806391364,0.12700228832951946,0.43767467790009534,0.003660666156162987,0.4576942107867393,0,Visibility Builders
B0B21XL94T,Toshiba 108 cm (43 inches) V Series Full HD Smart Android LED TV 43V35KP (Silver),Electronics,0.5718214884334248,0.0020068930853737346,0.5553823382726737,0.17915904069427258,0.39361702127659576,2,Revenue Upside
B09PTT8DZF,"Lenovo USB A to Type-C Tangle-free  Aramid fiber braided 1.2m cable with 4A Fast charging & 480 MBPS data transmission, certified 10000+ bend lifespan, Metallic Grey",Computers&Accessories,0.4829728964733929,0.0958851949728672,0.43508596248273623,0.0029398301050117055,0.36665017318159326,0,Visibility Builders
B0B94JPY2N,"Amazon Brand - Solimo 65W Fast Charging Braided Type C to C Data Cable | Suitable For All Supported Mobile Phones (1 Meter, Black)",Computers&Accessories,0.0,0.15472097328749007,0.0,0.0,0.5937654626422564,0,Visibility Builders
B0B3XXSB1K,LG 139 cm (55 inches) 4K Ultra HD Smart LED TV 55UQ7500PSF (Ceramic Black),Electronics,0.5574973612891759,0.0009195994779614174,0.5408860742941737,0.42995964820276605,0.425531914893617,2,Revenue Upside
B08RZ12GKR,Tata Sky Digital TV HD Setup Box Remote,Electronics,0.37055258964949755,0.16707466340269278,0.3286269824216348,0.002536314456935457,0.49356754082137555,0,Visibility Builders
B0B4T8RSJ1,"pTron Solero T241 2.4A Type-C Data & Charging USB Cable, Made in India, 480Mbps Data Sync, Durable 1-Meter Long USB Cable for Smartphone, Type-C USB Devices (White)",Computers&Accessories,0.5384717784320363,0.4043062200956937,0.4818404971841034,0.009097370224337894,0.8490846115784265,3,Margin Watchlist
B0B7B9V9QP,VU 108 cm (43 inches) Premium Series Full HD Smart LED TV 43GA (Black),Electronics,0.532975802668401,0.002160778545131184,0.48688111104717524,0.20553676744449959,0.4552201880257299,2,Revenue Upside
B08XXVXP3J,"Storite Super Speed USB 3.0 Male to Male Cable for Hard Drive Enclosures, Laptop Cooling Pad, DVD Players(60cm,Black)",Computers&Accessories,0.3646415746704151,0.17723525681674066,0.3447261507947853,0.006591167540581276,0.7978723404255319,0,Visibility Builders
B06XGWRKYT,Kodak 80 cm (32 Inches) HD Ready LED TV Kodak 32HDX900S (Black),Electronics,0.6181509774057253,0.004875609451181397,0.5370629256482776,0.11918441020373753,0.47006432459178626,1,Trusted Winners
B07CWDX49D,"AmazonBasics Double Braided Nylon USB Type-C to Type-C 2.0 Cable, Charging Adapter, Smartphone 6 feet, Dark Grey",Computers&Accessories,0.6636393325729902,0.06799935122861081,0.6472373362317236,0.015210641803237846,0.6276595744680851,1,Trusted Winners
B09TY4MSH3,Firestick Remote,Electronics,0.3319890673783189,0.02627495814789106,0.2955238163246203,0.009681531371251068,0.39188520534388915,0,Visibility Builders
B07RY2X9MP,"AmazonBasics 10.2 Gbps High-Speed 4K HDMI Cable with Braided Cord (10-Foot, Dark Grey)",Electronics,0.5351016729678157,0.07583614207933627,0.5376950622090069,0.011490764320512038,0.6568530430479961,0,Visibility Builders
B0B2C5MJN6,Hisense 126 cm (50 inches) Bezelless Series 4K Ultra HD Smart LED Google TV 50A6H (Black),Electronics,0.5669239808750172,0.0012755061342352545,0.5282304398733797,0.30059545740738436,0.4057397328055418,2,Revenue Upside
B0BBMGLQDW,"Tuarso 8K HDMI 2.1 Cable 48Gbps , 1.5 Meter High-Speed Braided HDMI Cable ( 8K@60HZ、4K@120HZ、2K@240HZ ) HDMI 2.1 Cable Compatible with Monitors , Television , Laptops , Projectors , Game Consoles and more with HDMI Ports Device",Electronics,0.2986005986002756,0.07196204199982427,0.2791315720614215,0.010075198564762893,0.727362691736764,0,Visibility Builders
B01LONQBDG,AmazonBasics USB Type-C to Micro-B 2.0 Cable - 6 Inches (15.2 Centimeters) - White,Computers&Accessories,0.7411725202197875,0.12057004976624942,0.6906564039680947,0.00982464581888834,0.6187530925284512,1,Trusted Winners
B08XXF5V6G,Kodak 139 cm (55 inches) 4K Ultra HD Smart LED TV 55CA0909 (Black),Electronics,0.5743386867055746,0.0015053133350059038,0.5693151181499664,0.29068476448686215,0.44631370608609605,2,Revenue Upside
B09HK9JH4F,"Smashtronics® - Case for Firetv Remote, Fire Stick Remote Cover Case, Silicone Cover for TV Firestick 4K/TV 2nd Gen(3rd Gen) Remote Control - Light Weight/Anti Slip/Shockproof (Black)",Electronics,0.5551658255575828,0.21660936260248614,0.5278942213341397,0.002676009336830772,0.5195447798119743,3,Margin Watchlist
B09MMD1FDN,7SEVEN® Suitable Sony Tv Remote Original Bravia for Smart Android Television Compatible for Any Model of LCD LED OLED UHD 4K Universal Sony Remote Control,Electronics,0.4142579332733287,0.11468858392399335,0.3771705630646626,0.0034944093835728427,0.48243443839683325,0,Visibility Builders
B09HN7LD5L,"PROLEGEND® PL-T002 Universal TV Stand Table Top for Most 22 to 65 inch LCD Flat Screen TV, VESA up to 800 by 400mm",Electronics,0.4026660898988674,0.022190611664295874,0.37116662070667766,0.025717327521444053,0.5838693715982187,0,Visibility Builders
B0BNDD9TN6,WANBO X1 Pro (Upgraded) | Native 1080P Full HD | Android 9 | Projector for Home | LED Cinema | 350ANSI | 3900 lumens | WiFi Bluetooth | HDMI ARC | Dolby DTS | 4D Keystone Correction (Global Version),Electronics,0.16039531074472865,0.003301230202024002,0.14974135924893262,0.05763737788796413,0.5789213260761998,0,Visibility Builders
B0941392C8,"Lava Charging Adapter Elements D3 2A Fast Charging Speed Usb Type C Data Cable, White",Computers&Accessories,0.28830080955360454,0.2943696450428397,0.26476966890045706,0.002223467288985842,0.6499257793171697,0,Visibility Builders
B01M5967SY,"TIZUM High Speed HDMI Cable Aura -Gold Plated-High Speed Data 10.2Gbps, 3D, 4K, HD 1080P (10 Ft/ 3 M)",Electronics,0.7254756668332613,0.11373420358283572,0.6921837404251814,0.010840503256900707,0.6442355269668482,1,Trusted Winners
B016MDK4F4,Technotech High Speed HDMI Cable 5 Meter V1.4 - Supports Full HD 1080p (Color May Vary),Electronics,0.25130949640936845,0.2330014224751067,0.23452612203813147,0.001901837701007499,0.6546264225630877,0,Visibility Builders
B08G43CCLC,"NK STAR 950 Mbps USB WiFi Adapter Wireless Network Receiver Dongle for Desktop Laptop, (Support- Windows XP/7/8/10 & MAC OS) NOt Support to DVR and HDTV",Computers&Accessories,0.39337228003373964,0.19773056494447128,0.36991002848305904,0.0074043969165487715,0.8104898565066799,0,Visibility Builders
B0B61GCHC1,"LS LAPSTER Quality Assured USB 2.0 morpho cable, morpho device cable for Mso 1300 E3/E2/E Biometric Finger Print Scanner morpho USB cable (Black)",Computers&Accessories,0.34535418056855166,0.22176672837873576,0.32567416276834427,0.006658702457319235,0.851063829787234,0,Visibility Builders
B07RX14W1Q,"Amazon Basics 10.2 Gbps High-Speed 4K HDMI Cable with Braided Cord, 1.8 Meter, Dark Grey",Electronics,0.5924370568821246,0.09049678303976375,0.5882316746348554,0.0057256064414415685,0.4898565066798615,0,Visibility Builders
B09PLD9TCD,Kodak 126 cm (50 inches) Bezel-Less Design Series 4K Ultra HD Smart Android LED TV 50UHDX7XPROBL (Black),Electronics,0.5646603539430899,0.0015965503595649741,0.5371304950895136,0.21774198766968586,0.384463137060861,2,Revenue Upside
B0B8ZKWGKD,"ZORBES® Wall Adapter Holder for Alexa Echo Dot 4th Generation,A Space-Saving Solution with Cord Management for Your Smart Home Speakers -White (Holder Only)",Electronics,0.3604332307197138,0.04941946130724347,0.3405536943662886,0.0013812009021707038,0.15957446808510636,0,Visibility Builders
B09NNJ9WYM,Sansui 80cm (32 inches) HD Ready Smart LED TV JSY32SKHD (BLACK) With Bezel-less Design,Electronics,0.37545162251149317,0.0034552942866720943,0.3380565788545901,0.08143880629935558,0.41192478970806534,0,Visibility Builders
B08H5L8V1L,"Synqe USB Type C Fast Charging Cable 2M Charger Cord Data Cable Compatible with Samsung Galaxy M51,Galaxy M31S, S10e S10 S9 S20 Plus, Note10 9 8,M40 A50 A70, Redmi Note 9, Moto G7, Poco F1 (2M, Grey)",Computers&Accessories,0.618836841853747,0.11644216081099847,0.6026286581946156,0.010738498527722197,0.7021276595744681,0,Visibility Builders
B0B8CXTTG3,MI 80 cm (32 inches) HD Ready Smart Android LED TV 5A Pro | L32M7-EAIN (Black),Electronics,0.802148200071823,0.002535752877104226,0.7655753717640286,0.17399310050132008,0.363681345868382,2,Revenue Upside
B09HCH3JZG,"Bestor ® 8K Hdmi 2.1 Cable 48Gbps 9.80Ft/Ultra High Speed Hdmi Braided Cord For Roku Tv/Ps5/Hdtv/Blu-Ray Projector, Laptop, Television, Personal Computer, Xbox, Ps4, Ps5, Ps4 Pro (1 M, Grey)",Electronics,0.46038933273155896,0.06460356900835781,0.4480060288030478,0.013315007115896274,0.6857991093518061,0,Visibility Builders
B097JVLW3L,Irusu Play VR Plus Virtual Reality Headset with Headphones for Gaming (Black),Electronics,0.49619737054189755,0.013309022834968117,0.4140297600144955,0.009579037622795465,0.19915883226125683,0,Visibility Builders
B09SB6SJB4,"Amazon Brand - Solimo Fast Charging Braided Type C Data Cable Seam, Suitable For All Supported Mobile Phones (1 Meter, Black)",Computers&Accessories,0.43067650979292266,0.3261933904528764,0.40116611214019554,0.004878473465968101,0.7911924789708066,3,Margin Watchlist
B08NW8GHCJ,"Synqe USB C to USB C 60W Nylon Braided Fast Charging Type C to Type C Cable Compatible with Samsung Galaxy Note 20/Ultra, S20 S22 S21 S20 FE A73 A53 A33 (2M, Black)",Computers&Accessories,0.5192812621173709,0.11344878906778515,0.501983411810985,0.007634267812934427,0.648936170212766,0,Visibility Builders
B09YHLPQYT,Shopoflux Silicone Remote Cover for Mi Smart TV and Mi TV Stick/MI Box S / 3S / MI 4X / 4A Smart LED TV (Black),Electronics,0.3833407828742463,0.17522464698331194,0.36019928547886004,0.003270568065386056,0.6130628401781296,0,Visibility Builders
B08G1RW2Q3,"EYNK Extra Long Micro USB Fast Charging USB Cable | Micro USB Data Cable | Quick Fast Charging Cable | Charger Sync Cable | High Speed Transfer Android Smartphones V8 Cable (2.4 Amp, 3m,) (White)",Computers&Accessories,0.38751119525801747,0.13729977116704806,0.3576005048084041,0.004669701956147107,0.6234537357743691,0,Visibility Builders
B08YXJJW8H,"LUNAGARIYA®, Protective Case Compatible with JIO Settop Box Remote Control,PU Leather Cover Holder (Before Placing Order,Please Compare The Dimensions of The Product with Your Remote)",Electronics,0.4090642711768753,0.16204986149584488,0.37274824339373513,0.001498545869659148,0.36665017318159326,0,Visibility Builders
B09P8M18QM,7SEVEN® Compatible with Fire Tv Stick Remote with Voice Command Feature Suitable for Second Generation Amazon Fire Tv Stick Remote Only - Pairing Must,Electronics,0.41878627595041196,0.024739533274383912,0.3538408277694175,0.016451857902371487,0.4408708560118753,0,Visibility Builders
B08BG4M4N7,"PRUSHTI COVER AND BAGS, Protective Case for Airtel Xstream settop Box Remote Remote Control Pouch Cover Holder PU Leather Cover Holder(only Cover for Selling Purpose)",Electronics,0.4851499132199383,0.19597989949748743,0.42938537892224654,0.003507778138816296,0.5640771895101435,0,Visibility Builders
B07VJ9ZTXS,Aine HDMI Male to VGA Female Video Converter Adapter Cable (Black),Electronics,0.3970460143343564,0.13729977116704806,0.36614122181659153,0.0028707607509244402,0.4948045522018803,0,Visibility Builders
B084872DQY,Mi 80 cm (32 inches) HD Ready Android Smart LED TV 4A PRO | L32M5-AL (Black),Electronics,0.7884828210676872,0.002942301416585667,0.7702655359514856,0.0,0.0,1,Trusted Winners
B00GGGOYEU,Storite USB 2.0 A to Mini 5 pin B Cable for External HDDS/Camera/Card Readers (150cm - 1.5M),Computers&Accessories,0.5617473341130054,0.13386727688787184,0.501614860518605,0.005415467025609554,0.5499752597723899,0,Visibility Builders
B08FD2VSD9,TCL 108 cm (43 inches) 4K Ultra HD Certified Android Smart LED TV 43P615 (Black),Electronics,0.6163177521632572,0.0017249004865103937,0.5871956689150036,0.40105445571013304,0.5403265710044534,2,Revenue Upside
B0BQRJ3C47,"REDTECH USB-C to Lightning Cable 3.3FT, [Apple MFi Certified] Lightning to Type C Fast Charging Cord Compatible with iPhone 14/13/13 pro/Max/12/11/X/XS/XR/8, Supports Power Delivery - White",Computers&Accessories,0.0,0.20608750792644262,0.0,0.0,0.9277585353785255,0,Visibility Builders
B095JPKPH3,OnePlus 163.8 cm (65 inches) U Series 4K LED Smart Android TV 65U1S (Black),Electronics,0.6801577301139228,0.0006787036463236673,0.6337900674425256,0.13113980382163828,0.111578426521524,1,Trusted Winners
B087JWLZ2K,AmazonBasics 108 cm (43 inches) 4K Ultra HD Smart LED Fire TV AB43U20PS (Black),Electronics,0.6298697012795004,0.001633793860544254,0.5601833435853326,0.38711752596718085,0.49208312716476993,2,Revenue Upside
B09DSXK8JX,Kodak 80 cm (32 inches) HD Ready Certified Android Smart LED TV 32HDX7XPROBL (Black),Electronics,0.5646603539430899,0.004105654172577839,0.5371304950895136,0.12247986806419829,0.4779811974270164,0,Visibility Builders
B08V9C4B1J,"Synqe Type C to Type C Short Fast Charging 60W Cable Compatible with Samsung Galaxy Z Fold3 5G, Z Flip3 5G, S22 5G, S22 Ultra, S21, S20, S20FE, A52, A73, A53 (0.25M, Black)",Computers&Accessories,0.5192812621173709,0.12645151560850548,0.501983411810985,0.00813487553837275,0.6914893617021277,0,Visibility Builders
B08PKBMJKS,Airtel DigitalTV HD Setup Box Remote,Electronics,0.3794970205408358,0.1979695431472081,0.3443288275013532,0.002762168816069745,0.5734784760019792,0,Visibility Builders
B0B8VQ7KDS,Airtel Digital TV HD Set Top Box with FTA Pack | Unlimited Entertainment + Recording Feature + Free Standard Installation (6 Months Pack),Electronics,0.4404671627349638,0.03397350188404036,0.42123437476612935,0.01273883426303083,0.5106382978723405,0,Visibility Builders
B086JTMRYL,"ESR USB C to Lightning Cable, 10 ft (3 m), MFi-Certified, Braided Nylon Power Delivery Fast Charging for iPhone 14/14 Plus/14 Pro/14 Pro Max, iPhone 13/12/11/X/8 Series, Use with Type-C Chargers, Black",Computers&Accessories,0.7629784303269566,0.029728699629257477,0.7623519517719946,0.0069876438494374405,0.21771400296882734,1,Trusted Winners
B09RWQ7YR6,MI 138.8 cm (55 inches) 5X Series 4K Ultra HD LED Smart Android TV L55M6-ES (Grey),Electronics,0.7685811208980371,0.0009389897433428034,0.7507305366750474,0.42604203736869456,0.35106382978723405,2,Revenue Upside
B00OFM6PEO,"Storite USB Extension Cable USB 3.0 Male to Female Extension Cable High Speed 5GBps Extension Cable Data Transfer for Keyboard, Mouse, Flash Drive, Hard Drive, Printer and More- 1.5M - Blue",Computers&Accessories,0.5824520381049308,0.14759725400457666,0.5661091764633275,0.007018835726512321,0.6702127659574468,0,Visibility Builders
B0BF57RN3K,"Fire-Boltt Ninja Call Pro Plus 1.83"" Smart Watch with Bluetooth Calling, AI Voice Assistance, 100 Sports Modes IP67 Rating, 240*280 Pixel High Resolution",Electronics,0.7360399629871776,0.02396067990989146,0.7023070931392487,0.32285512679801476,0.9455714992577934,2,Revenue Upside
B0B3RRWSF6,"Fire-Boltt Phoenix Smart Watch with Bluetooth Calling 1.3"",120+ Sports Modes, 240*240 PX High Res with SpO2, Heart Rate Monitoring & IP67 Rating",Electronics,0.789008170411552,0.022087877351035245,0.770780957646584,0.15214604774276838,0.851063829787234,2,Revenue Upside
B0B5B6PQCT,"boAt Wave Call Smart Watch, Smart Talk with Advanced Dedicated Bluetooth Calling Chip, 1.69” HD Display with 550 NITS & 70% Color Gamut, 150+ Watch Faces, Multi-Sport Modes,HR,SpO2, IP68(Active Black)",Electronics,0.7550438646836101,0.01950975487743872,0.6528133774983556,0.1090200575442369,0.7050964868876793,1,Trusted Winners
B08HV83HL3,MI Power Bank 3i 20000mAh Lithium Polymer 18W Fast Power Delivery Charging | Input- Type C | Micro USB| Triple Output | Sandstone Black,Electronics,0.9329071760227753,0.021538105879633198,0.9116813472379706,0.003372598147939904,0.07446808510638298,1,Trusted Winners
B0BBN4DZBD,"Redmi A1 (Light Blue, 2GB RAM, 32GB Storage) | Segment Best AI Dual Cam | 5000mAh Battery | Leather Texture Design | Android 12",Electronics,0.6913432111389548,0.006316761283112381,0.6289900958599054,0.04165514164403752,0.277090549233053,1,Trusted Winners
B0B3CPQ5PF,"OnePlus Nord 2T 5G (Jade Fog, 8GB RAM, 128GB Storage)",Electronics,0.7532230994031076,0.0015218310613251637,0.7356412659272235,0.0,0.0,1,Trusted Winners
B0B3CQBRB4,"OnePlus Nord 2T 5G (Gray Shadow, 8GB RAM, 128GB Storage)",Electronics,0.7532230994031076,0.0015218310613251637,0.7356412659272235,0.0,0.0,1,Trusted Winners
B0BBN56J5H,"Redmi A1 (Black, 2GB RAM, 32GB Storage) | Segment Best AI Dual Cam | 5000mAh Battery | Leather Texture Design | Android 12",Electronics,0.6913432111389548,0.006316761283112381,0.6289900958599054,0.04165514164403752,0.277090549233053,1,Trusted Winners
B0BBN3WF7V,"Redmi A1 (Light Green, 2GB RAM 32GB ROM) | Segment Best AI Dual Cam | 5000mAh Battery | Leather Texture Design | Android 12",Electronics,0.6913432111389548,0.006316761283112381,0.6289900958599054,0.04165514164403752,0.277090549233053,1,Trusted Winners
B0BDRVFDKP,"SanDisk Ultra® microSDXC™ UHS-I Card, 64GB, 140MB/s R, 10 Y Warranty, for Smartphones",Electronics,0.8574445220201069,0.07936361113680511,0.8572601523810156,0.008906728306373872,0.4680851063829788,1,Trusted Winners
B0B5LVS732,"Noise Pulse Go Buzz Smart Watch Bluetooth Calling with 1.69"" Display, 550 NITS, 150+ Cloud Watch Face, SPo2, Heart Rate Tracking, 100 Sports Mode with Auto Detection, Longer Battery (Jet Black)",Electronics,0.7155755686795259,0.02217015140591204,0.666800538540183,0.05348009561126822,0.6288965858485898,1,Trusted Winners
B09V2Q4QVQ,"Nokia 105 Single SIM, Keypad Mobile Phone with Wireless FM Radio | Charcoal",Electronics,0.9072651990865805,0.031603257566549164,0.8248585573171906,0.0065597971776240865,0.1880257298367145,1,Trusted Winners
B09V12K8NT,"boAt Wave Lite Smartwatch with 1.69"" HD Display, Sleek Metal Body, HR & SpO2 Level Monitor, 140+ Watch Faces, Activity Tracker, Multiple Sports Modes, IP68 & 7 Days Battery Life(Active Black)",Electronics,0.7705306234533414,0.02670201186756083,0.6833882903597572,0.10197089985733503,0.7622464126669966,1,Trusted Winners
B01DEWVZ2C,"JBL C100SI Wired In Ear Headphones with Mic, JBL Pure Bass Sound, One Button Multi-function Remote, Angled Buds for Comfort fit (Black)",Electronics,0.9385895577473788,0.0702486600474475,0.8746291641412158,0.009048375473981098,0.4057397328055418,1,Trusted Winners
B0BMGB3CH9,"Samsung Galaxy M04 Dark Blue, 4GB RAM, 64GB Storage | Upto 8GB RAM with RAM Plus | MediaTek Helio P35 | 5000 mAh Battery",Electronics,0.4359981948893843,0.004537873792809215,0.41139918967487354,0.026269971661024436,0.2182088075210292,0,Visibility Builders
B08D77XZX5,"PTron Tangentbeat in-Ear Bluetooth 5.0 Wireless Headphones with Mic, Enhanced Bass, 10mm Drivers, Clear Calls, Snug-Fit, Fast Charging, Magnetic Buds, Voice Assistant & IPX4 Wireless Neckband (Black)",Electronics,0.8462357183887029,0.06682189614269396,0.7502646614188979,0.038750727266556755,0.7333003463631865,1,Trusted Winners
B09XB8GFBQ,"Redmi 10A (Charcoal Black, 4GB RAM, 64GB Storage) | 2 Ghz Octa Core Helio G25 | 5000 mAh Battery | Finger Print Sensor | Upto 5GB RAM with RAM Booster",Electronics,0.7294521040758577,0.004561910387703897,0.6634718913547704,0.05274155625440367,0.24740227610094015,1,Trusted Winners
B07WG8PDCW,"pTron Bullet Pro 36W PD Quick Charger, 3 Port Fast Car Charger Adapter - Compatible with All Smartphones & Tablets (Black)",Electronics,0.7379259698984435,0.1176293168451214,0.6711475386955225,0.016895509951347434,0.7224146462147452,1,Trusted Winners
B07GPXXNNG,boAt Bassheads 100 in Ear Wired Earphones with Mic(Taffy Pink),Electronics,0.9876311817586154,0.12057004976624942,0.9203293030918497,0.015471878782343552,0.6593270658090055,1,Trusted Winners
B0BDYVC5TD,"SanDisk Ultra® microSDXC™ UHS-I Card, 128GB, 140MB/s R, 10 Y Warranty, for Smartphones",Electronics,0.8574445220201069,0.04708852423028374,0.8572601523810156,0.017379486092019548,0.5116279069767442,1,Trusted Winners
B0BMGB2TPR,"Samsung Galaxy M04 Light Green, 4GB RAM, 64GB Storage | Upto 8GB RAM with RAM Plus | MediaTek Helio P35 | 5000 mAh Battery",Electronics,0.4359981948893843,0.004537873792809215,0.41139918967487354,0.026269971661024436,0.2182088075210292,0,Visibility Builders
B08MC57J31,"MI 10000mAh Lithium Ion, Lithium Polymer Power Bank Pocket Pro with 22.5 Watt Fast Charging, Dual Input Ports(Micro-USB and Type C), Triple Output Ports, (Black)",Electronics,0.7465421714411142,0.029440679751413224,0.7290727693515662,0.01799240631488699,0.425531914893617,1,Trusted Winners
B08HVL8QN3,"Mi 10000mAH Li-Polymer, Micro-USB and Type C Input Port, Power Bank 3i with 18W Fast Charging (Midnight Black)",Electronics,0.9329071760227753,0.03840868489762264,0.9116813472379706,0.023608187035579327,0.5106382978723405,1,Trusted Winners
B0746JGVDS,"ELV Car Mount Adjustable Car Phone Holder Universal Long Arm, Windshield for Smartphones - Black",Electronics,0.8288073307955311,0.11468858392399335,0.7348527814124602,0.012983800828516433,0.6271647699158833,1,Trusted Winners
B08VFF6JQ8,Samsung 25W USB Travel Adapter for Cellular Phones - White,Electronics,0.7013708530521748,0.03704503259790164,0.7000763496849866,0.008113791728286749,0.3047996041563583,1,Trusted Winners
B09NVPSCQT,"Noise ColorFit Pulse Grand Smart Watch with 1.69""(4.29cm) HD Display, 60 Sports Modes, 150 Watch Faces, Fast Charge, Spo2, Stress, Sleep, Heart Rate Monitoring & IP68 Waterproof (Jet Black)",Electronics,0.7958219698770514,0.025673940949935813,0.7236468899274009,0.0460322359296626,0.5937654626422563,1,Trusted Winners
B09YV4RG4D,"Fire-Boltt Ninja 3 Smartwatch Full Touch 1.69 & 60 Sports Modes with IP68, Sp02 Tracking, Over 100 Cloud based watch faces - Black",Electronics,0.7734473154255667,0.028756012780450126,0.7381218254710398,0.12116550519886436,0.8416625432953985,1,Trusted Winners
B09TWHTBKQ,"Samsung Galaxy M33 5G (Mystique Green, 8GB, 128GB Storage) | 6000mAh Battery | Upto 16GB RAM with RAM Plus | Travel Adapter to be Purchased Separately",Electronics,0.7723560719800553,0.0022746606502200683,0.7197178319937982,0.13960910178734012,0.29416130628401777,1,Trusted Winners
B08L5HMJVW,"SanDisk Ultra microSD UHS-I Card 32GB, 120MB/s R",Electronics,0.8574445220201069,0.12237911852802741,0.8572601523810156,0.006840202017191998,0.5116279069767442,1,Trusted Winners
B0B4F2XCK3,"Samsung Galaxy M13 (Aqua Green, 6GB, 128GB Storage) | 6000mAh Battery | Upto 12GB RAM with RAM Plus",Electronics,0.7599335137817756,0.003237091112271794,0.708140778981729,0.09157575469492403,0.28401781296387923,1,Trusted Winners
B0BF54972T,"Fire-Boltt Ninja Call Pro Plus 1.83"" Smart Watch with Bluetooth Calling, AI Voice Assistance, 100 Sports Modes IP67 Rating, 240*280 Pixel High Resolution",Electronics,0.7360399629871776,0.02396067990989146,0.7023070931392487,0.32285512679801476,0.9455714992577934,2,Revenue Upside
B09YV4MW2T,"Fire-Boltt India's No 1 Smartwatch Brand Talk 2 Bluetooth Calling Smartwatch with Dual Button, Hands On Voice Assistance, 60 Sports Modes, in Built Mic & Speaker with IP68 Rating",Electronics,0.7937994588903754,0.019602211531557407,0.7575913010975055,0.14922455951914448,0.8104898565066799,2,Revenue Upside
B09TWH8YHM,"Samsung Galaxy M33 5G (Emerald Brown, 6GB, 128GB Storage) | 6000mAh Battery | Upto 12GB RAM with RAM Plus | Travel Adapter to be Purchased Separately",Electronics,0.7723560719800553,0.002475377808601744,0.7197178319937982,0.14891637523982945,0.3245917862444334,1,Trusted Winners
B07WGMMQGP,"iQOO vivo Z6 5G (Chromatic Blue, 6GB RAM, 128GB Storage) | Snapdragon 695-6nm Processor | 120Hz FHD+ Display | 5000mAh Battery",Electronics,0.7689359762934179,0.0024881890768499526,0.6992562808455194,0.08339453643997582,0.2078179119247897,1,Trusted Winners
B0BF563HB4,"Fire-Boltt Ninja Call Pro Plus 1.83"" Smart Watch with Bluetooth Calling, AI Voice Assistance, 100 Sports Modes IP67 Rating, 240*280 Pixel High Resolution",Electronics,0.7360399629871776,0.02396067990989146,0.7023070931392487,0.32285512679801476,0.9455714992577934,2,Revenue Upside
B07JW9H4J1,"Wayona Nylon Braided USB to Lightning Fast Charging and Data Sync Cable Compatible for iPhone 13, 12,11, X, 8, 7, 6, 5, iPad Air, Pro, Mini (3 FT Pack of 1, Grey)",Computers&Accessories,0.7788232730343075,0.10803324099722991,0.7432655738518302,0.013139289002537104,0.6650173181593272,1,Trusted Winners
B09GFPVD9Y,"Redmi 9 Activ (Carbon Black, 4GB RAM, 64GB Storage) | Octa-core Helio G35 | 5000 mAh Battery",Electronics,0.976254395349201,0.004951046872387463,0.9097277022738409,0.05882174651269065,0.23330034636318653,1,Trusted Winners
B09GFLXVH9,"Redmi 9A Sport (Coral Green, 2GB RAM, 32GB Storage) | 2GHz Octa-core Helio G25 Processor | 5000 mAh Battery",Electronics,0.976254395349201,0.00647468031519019,0.9097277022738409,0.047057397210152514,0.24344383968332506,1,Trusted Winners
B0BF4YBLPX,"Fire-Boltt Ninja Call Pro Plus 1.83"" Smart Watch with Bluetooth Calling, AI Voice Assistance, 100 Sports Modes IP67 Rating, 240*280 Pixel High Resolution",Electronics,0.7360399629871776,0.02396067990989146,0.7023070931392487,0.32285512679801476,0.9455714992577934,2,Revenue Upside
B09XB7DPW1,"Redmi 10A (Sea Blue, 4GB RAM, 64GB Storage) | 2 Ghz Octa Core Helio G25 | 5000 mAh Battery | Finger Print Sensor | Upto 5GB RAM with RAM Booster",Electronics,0.7294521040758577,0.004561910387703897,0.6634718913547704,0.05274155625440367,0.24740227610094015,1,Trusted Winners
B07PFJ5W31,AGARO Blaze USB 3.0 to USB Type C OTG Adapter,Electronics,0.7374003447332713,0.3174933737220749,0.7200798878399826,0.0063268602057803495,0.7659574468085106,3,Margin Watchlist
B0B3N7LR6K,"Fire-Boltt Visionary 1.78"" AMOLED Bluetooth Calling Smartwatch with 368*448 Pixel Resolution 100+ Sports Mode, TWS Connection, Voice Assistance, SPO2 & Heart Rate Monitoring",Electronics,0.7520808837724393,0.011035653650254669,0.7345184759292481,0.23563663203758475,0.8085106382978723,2,Revenue Upside
B09ZQK9X8G,"Noise ColorFit Pro 4 Advanced Bluetooth Calling Smart Watch with 1.72"" TruView Display, Fully-Functional Digital Crown, 311 PPI, 60Hz Refresh Rate, 500 NITS Brightness (Charcoal Black)",Electronics,0.6596918187600775,0.014035672904743512,0.6147140566925728,0.04771357941065718,0.5071746660069273,1,Trusted Winners
B098NS6PVG,"Ambrane Unbreakable 60W / 3A Fast Charging 1.5m Braided Type C Cable for Smartphones, Tablets, Laptops & other Type C devices, PD Technology, 480Mbps Data Sync, Quick Charge 3.0 (RCT15A, Black)",Computers&Accessories,0.8247002470699782,0.20629463104998677,0.7498600493534425,0.002981414011339845,0.425531914893617,1,Trusted Winners
B07WJV6P1R,"iQOO Z6 Lite 5G by vivo (Stellar Green, 6GB RAM, 128GB Storage) | World's First Snapdragon 4 Gen 1 | 120Hz Refresh Rate | 5000mAh Battery | Travel Adapter to be Purchased Separately",Electronics,0.7609578933313885,0.002714945955766246,0.7090954425852527,0.0641894382552849,0.1825828797624938,1,Trusted Winners
B096MSW6CT,"Sounce Fast Phone Charging Cable & Data Sync USB Cable Compatible for iPhone 13, 12,11, X, 8, 7, 6, 5, iPad Air, Pro, Mini & iOS Devices",Computers&Accessories,0.6925293811262458,0.20113726527373713,0.6148035321815638,0.013352515624045748,0.7718951014349332,3,Margin Watchlist
B0BF54LXW6,"Fire-Boltt Ninja Call Pro Plus 1.83"" Smart Watch with Bluetooth Calling, AI Voice Assistance, 100 Sports Modes IP67 Rating, 240*280 Pixel High Resolution",Electronics,0.7360399629871776,0.02396067990989146,0.7023070931392487,0.32285512679801476,0.9455714992577934,2,Revenue Upside
B09XB7SRQ5,"Redmi 10A (Slate Grey, 4GB RAM, 64GB Storage) | 2 Ghz Octa Core Helio G25 | 5000 mAh Battery | Finger Print Sensor | Upto 5GB RAM with RAM Booster",Electronics,0.7294521040758577,0.004561910387703897,0.6634718913547704,0.05274155625440367,0.24740227610094015,1,Trusted Winners
B09FFK1PQG,"Duracell 38W Fast Car Charger Adapter with Dual Output. Quick Charge, Type C PD 20W & Qualcomm Certified 3.0 Compatible for iPhone, All Smartphones, Tablets & More (Copper & Black)",Electronics,0.5728841457411744,0.0517272562850425,0.5677898349260955,0.011404644580426256,0.5333993072736269,0,Visibility Builders
B09RMQYHLH,"realme narzo 50 (Speed Blue, 4GB RAM+64GB Storage) Helio G96 Processor | 50MP AI Triple Camera | 120Hz Ultra Smooth Display",Electronics,0.7321178760552014,0.003316044554034521,0.6985492305277041,0.05293429949556286,0.19742701632855025,1,Trusted Winners
B08ZN4B121,"WeCool Bluetooth Extendable Selfie Sticks with Wireless Remote and Tripod Stand, 3-in-1 Multifunctional Selfie Stick with Tripod Stand Compatible with iPhone/OnePlus/Samsung/Oppo/Vivo and All Phones",Electronics,0.7398776145451197,0.07235621521335807,0.6398479212651809,0.018901690920951925,0.6204849084611579,1,Trusted Winners
B0B3RSDSZ3,"Fire-Boltt Phoenix Smart Watch with Bluetooth Calling 1.3"",120+ Sports Modes, 240*240 PX High Res with SpO2, Heart Rate Monitoring & IP67 Rating",Electronics,0.789008170411552,0.022076827887628023,0.770780957646584,0.1521270318637854,0.851063829787234,2,Revenue Upside
B08VB34KJ1,"OPPO A74 5G (Fantastic Purple,6GB RAM,128GB Storage) with No Cost EMI/Additional Exchange Offers",Electronics,0.8023264954711596,0.002782780061839557,0.7657458645192942,0.10635275100022007,0.2701632855022267,1,Trusted Winners
B09T39K9YL,"Redmi Note 11 Pro + 5G (Stealth Black, 6GB RAM, 128GB Storage) | 67W Turbo Charge | 120Hz Super AMOLED Display | Additional Exchange Offers | Charger Included",Electronics,0.7836102602981018,0.0020014158602666976,0.6949273649651316,0.09442891999377097,0.1929737753587333,1,Trusted Winners
B08VF8V79P,"Samsung Original 25W USB Travel Lightning Adapter for Cellular Phones, Black",Electronics,0.6878574271709664,0.04200734394124847,0.6863474774974204,0.010344700584708752,0.4027709054923306,1,Trusted Winners
B08G28Z33M,realme Buds Classic Wired in Ear Earphones with Mic (Black),Electronics,0.8130323591262937,0.10288880094974277,0.7392673650960137,0.0058784657232341985,0.425531914893617,1,Trusted Winners
B09PNKXSKF,"Noise ColorFit Pulse Grand Smart Watch with 1.69"" HD Display, 60 Sports Modes, 150 Watch Faces, Spo2 Monitoring, Call Notification, Quick Replies to Text & Calls (Rose Pink)",Electronics,0.7958219698770514,0.02053658408151444,0.7236468899274009,0.03818757572331593,0.4948045522018803,1,Trusted Winners
B0B5DDJNH4,"boAt Wave Call Smart Watch, Smart Talk with Advanced Dedicated Bluetooth Calling Chip, 1.69” HD Display with 550 NITS & 70% Color Gamut, 150+ Watch Faces, Multi-Sport Modes, HR, SpO2, IP68(Mauve)",Electronics,0.7550438646836101,0.01950975487743872,0.6528133774983556,0.1090200575442369,0.7050964868876793,1,Trusted Winners
B08HDJ86NZ,"boAt Deuce USB 300 2 in 1 Type-C & Micro USB Stress Resistant, Tangle-Free, Sturdy Cable with 3A Fast Charging & 480mbps Data Transmission, 10000+ Bends Lifespan and Extended 1.5m Length(Martian Red)",Computers&Accessories,0.8835623900067451,0.13101903695408734,0.843379623244914,0.007879049877517797,0.5507174666006929,1,Trusted Winners
B08CF3B7N1,"Portronics Konnect L 1.2M Fast Charging 3A 8 Pin USB Cable with Charge & Sync Function for iPhone, iPad (Grey)",Computers&Accessories,0.7509306249581249,0.2799043062200957,0.7165691239943835,0.0044340522366633104,0.6338446313706086,3,Margin Watchlist
B07WDKLDRX,"iQOO Neo 6 5G (Dark Nova, 8GB RAM, 128GB Storage) | Snapdragon® 870 5G | 80W FlashCharge",Electronics,0.7650880210543376,0.0015572224813559814,0.7644773765246026,0.11063627804084425,0.18505690252350326,1,Trusted Winners
B09MQSCJQ1,"boAt Xtend Smartwatch with Alexa Built-in, 1.69” HD Display, Multiple Watch Faces, Stress Monitor, Heart & SpO2 Monitoring, 14 Sports Modes, Sleep Monitor, 5 ATM & 7 Days Battery(Charcoal Black)",Electronics,0.8601078969081721,0.018749570751585357,0.8209728811299642,0.11797131626379752,0.7377535873330034,1,Trusted Winners
B094YFFSMY,"Tygot Bluetooth Extendable Selfie Sticks with Wireless Remote and Tripod Stand, 3-in-1 Multifunctional Selfie Stick with Tripod Stand Compatible with iPhone/OnePlus/Samsung/Oppo/Vivo and All Phones",Electronics,0.6268295505442747,0.10288880094974277,0.5708151872803885,0.02417154158468902,0.7916872835230085,0,Visibility Builders
B09MT84WV5,"Samsung EVO Plus 128GB microSDXC UHS-I U3 130MB/s Full HD & 4K UHD Memory Card with Adapter (MB-MC128KA), Blue",Electronics,0.9140099266930776,0.03840868489762264,0.893197714376223,0.06278135385666879,0.7553191489361702,1,Trusted Winners
B08VS3YLRK,"Portronics Adapto 20 Type C 20W Fast PD/Type C Adapter Charger with Fast Charging for iPhone 12/12 Pro/12 Mini/12 Pro Max/11/XS/XR/X/8/Plus, iPad Pro/Air/Mini, Galaxy 10/9/8 (Adapter Only) White",Electronics,0.6987953701201821,0.07954432394786588,0.6511611832162613,0.0163364112434755,0.6593270658090055,1,Trusted Winners
B0B4F3QNDM,"Samsung Galaxy M13 5G (Aqua Green, 6GB, 128GB Storage) | 5000mAh Battery | Upto 12GB RAM with RAM Plus",Electronics,0.7599335137817756,0.0030058538015873314,0.708140778981729,0.10073333016441645,0.28401781296387923,1,Trusted Winners
B07GQD4K6L,boAt Bassheads 100 in Ear Wired Earphones with Mic(Furious Red),Electronics,0.9876311817586154,0.11102624635467295,0.9203293030918497,0.014757792069312313,0.6288965858485898,1,Trusted Winners
B07WDKLRM4,"iQOO Z6 44W by vivo (Lumina Blue, 4GB RAM, 128GB Storage) | 6.44"" FHD+ AMOLED Display | 50% Charge in just 27 mins | in-Display Fingerprint Scanning",Electronics,0.7609578933313885,0.0030058538015873314,0.7090954425852527,0.11003903700905983,0.3043047996041563,1,Trusted Winners
B0BP18W8TM,"Fire-Boltt Gladiator 1.96"" Biggest Display Smart Watch with Bluetooth Calling, Voice Assistant &123 Sports Modes, 8 Unique UI Interactions, SpO2, 24/7 Heart Rate Tracking",Electronics,0.3319890673783189,0.011292296758400128,0.31428246950455635,0.048007593576451575,0.653142008906482,0,Visibility Builders
B08Y1TFSP6,"pTron Solero TB301 3A Type-C Data and Fast Charging Cable, Made in India, 480Mbps Data Sync, Strong and Durable 1.5-Meter Nylon Braided USB Cable for Type-C Devices for Charging Adapter (Black)",Computers&Accessories,0.7807069002284627,0.2686329918756623,0.6923652862885179,0.01601225443188391,0.8201385452746166,3,Margin Watchlist
B07GXHC691,"STRIFF PS2_01 Multi Angle Mobile/Tablet Tabletop Stand. Phone Holder for iPhone, Android, Samsung, OnePlus, Xiaomi. Portable, Foldable Cell Phone Stand. Perfect for Bed, Office, Home & Desktop (Black)",Electronics,0.8222926239518982,0.4457735247208931,0.8034149946967016,0.007927226922126598,0.851063829787234,3,Margin Watchlist
B08FN6WGDQ,"Samsung Galaxy Buds Live Bluetooth Truly Wireless in Ear Earbuds with Mic, Upto 21 Hours Playtime, Mystic Black",Electronics,0.6469456010112503,0.008570486759696736,0.5889212769891969,0.17463073875518212,0.6927263730826323,2,Revenue Upside
B0B3D39RKV,"OnePlus Nord 2T 5G (Jade Fog, 12GB RAM, 256GB Storage)",Electronics,0.7532230994031076,0.0012980257933282865,0.7356412659272235,0.0,0.0,1,Trusted Winners
B085HY1DGR,Sounce Spiral Charger Cable Protector Data Cable Saver Charging Cord Protective Cable Cover Headphone MacBook Laptop Earphone Cell Phone Set of 3 (Cable Protector (12 Units)),Computers&Accessories,0.5586096205010724,0.41467304625199364,0.5097099012823993,0.012116741000247181,0.8906481939633846,3,Margin Watchlist
B08D75R3Z1,"PTron Boom Ultima 4D Dual Driver, in-Ear Gaming Wired Headphones with in-line Mic, Volume Control & Passive Noise Cancelling Boom 3 Earphones - (Dark Blue)",Electronics,0.756632190796253,0.12356979405034324,0.6202446998013538,0.02919517283812782,0.748144482929243,1,Trusted Winners
B0B4F2TTTS,"Samsung Galaxy M13 (Aqua Green, 4GB, 64GB Storage) | 6000mAh Battery | Upto 8GB RAM with RAM Plus",Electronics,0.7599335137817756,0.0038257066431876575,0.708140778981729,0.07326060375593924,0.2738743196437407,1,Trusted Winners
B09WRMNJ9G,"OnePlus 10R 5G (Forest Green, 8GB RAM, 128GB Storage, 80W SuperVOOC)",Electronics,0.7179906375516703,0.0012316141363437453,0.6850082993095504,0.06921714418986917,0.10390895596239487,1,Trusted Winners
B0B14MR9L1,"Samsung Galaxy M33 5G (Emerald Brown, 6GB, 128GB Storage) | 6000mAh Battery | Upto 12GB RAM with RAM Plus | Travel Adapter to be Purchased Separately",Electronics,0.7723560719800553,0.002475377808601744,0.7197178319937982,0.14891637523982945,0.3245917862444334,1,Trusted Winners
B09ZPL5VYM,"Ambrane Mobile Holding Stand, 180° Perfect View, Height Adjustment, Wide Compatibility, Multipurpose, Anti-Skid Design (Twistand, Black)",Electronics,0.5776008323568732,0.21145199682623644,0.5381856234082895,0.004176225775773815,0.6086095992083126,3,Margin Watchlist
B0993BB11X,"Ambrane 10000mAh Slim Power Bank, 20W Fast Charging, Dual Output, Type C PD (Input & Output), Quick Charge, Li-Polymer, Multi-Layer Protection for iPhone, Anrdoid & Other Devices (Stylo 10K, Black)",Electronics,0.6853361457070346,0.04109372530425162,0.6235613631312649,0.009910368255850522,0.376051459673429,1,Trusted Winners
B09V2PZDX8,"Nokia 105 Single SIM, Keypad Mobile Phone with Wireless FM Radio | Blue",Electronics,0.9072651990865805,0.031603257566549164,0.8248585573171906,0.0065597971776240865,0.1880257298367145,1,Trusted Winners
B085W8CFLH,"PTron Tangent Lite Bluetooth 5.0 Earphones with Mic, Hi-Fi Stereo Sound Neckband, 8Hrs Playtime, Lightweight Snug-fit in-Ear Headphones, IPX4 Water Resistant, Fast Charge & Voice Assistant (Black)",Electronics,0.8745848473570973,0.05996836833318689,0.6960724746580068,0.0253151124283298,0.5801583374567046,1,Trusted Winners
B09MT6XSFW,"Samsung EVO Plus 64GB microSDXC UHS-I U1 130MB/s Full HD & 4K UHD Memory Card with Adapter (MB-MC64KA), Blue",Electronics,0.9140099266930776,0.07367542395220103,0.893197714376223,0.028637108776726112,0.723404255319149,1,Trusted Winners
B07RD611Z8,"Ambrane 20000mAh Power Bank with 20W Fast Charging, Triple Output, Power Delivery, Type C Input, Made in India, Multi-Layer Protection, Li-Polymer + Type C Cable (Stylo-20k, Black)",Electronics,0.7586232838210641,0.023390187531084516,0.7069197175173173,0.012798501168749237,0.28401781296387923,1,Trusted Winners
B08WRWPM22,"boAt Micro USB 55 Tangle-free, Sturdy Micro USB Cable with 3A Fast Charging & 480mbps Data Transmission (Black)",Computers&Accessories,0.7426748919781133,0.23823216536500622,0.6920565591179072,0.005770165441368775,0.6593270658090055,3,Margin Watchlist
B0B4F52B5X,"Samsung Galaxy M13 (Midnight Blue, 4GB, 64GB Storage) | 6000mAh Battery | Upto 8GB RAM with RAM Plus",Electronics,0.7599335137817756,0.0038257066431876575,0.708140778981729,0.07326060375593924,0.2738743196437407,1,Trusted Winners
B096VF5YYF,"boAt Xtend Smartwatch with Alexa Built-in, 1.69” HD Display, Multiple Watch Faces, Stress Monitor, Heart & SpO2 Monitoring, 14 Sports Modes, Sleep Monitor, 5 ATM & 7 Days Battery(Pitch Black)",Electronics,0.8321420487663785,0.014030992787069372,0.77543306569896,0.10009674199731697,0.6288965858485898,1,Trusted Winners
B0B5D39BCD,"boAt Wave Call Smart Watch, Smart Talk with Advanced Dedicated Bluetooth Calling Chip, 1.69” HD Display with 550 NITS & 70% Color Gamut, 150+ Watch Faces, Multi-Sport Modes, HR, SpO2, IP68(Deep Blue)",Electronics,0.7550438646836101,0.01950975487743872,0.6528133774983556,0.1090200575442369,0.7050964868876793,1,Trusted Winners
B08DDRGWTJ,MI Usb Type-C Cable Smartphone (Black),Computers&Accessories,0.7962211997675294,0.19271431854746032,0.7778565156516809,0.001343280409807624,0.2446808510638298,1,Trusted Winners
B082LZGK39,"Ambrane Unbreakable 60W / 3A Fast Charging 1.5m Braided Micro USB Cable for Smartphones, Tablets, Laptops & Other Micro USB Devices, 480Mbps Data Sync, Quick Charge 3.0 (RCM15, Black)",Computers&Accessories,0.8247020003309494,0.20629463104998677,0.749861641196725,0.0019876135664259565,0.326571004453241,1,Trusted Winners
B09XBJ1CTN,MI Xiaomi 22.5W Fast USB Type C Charger Combo for Tablets - White,Electronics,0.5540023971692235,0.06641797096748034,0.526761696959302,0.0046732024173757065,0.363681345868382,0,Visibility Builders
B0B4F5L738,"Samsung Galaxy M13 5G (Aqua Green, 6GB, 128GB Storage) | 5000mAh Battery | Upto 12GB RAM with RAM Plus",Electronics,0.7599335137817756,0.0030058538015873314,0.708140778981729,0.10073333016441645,0.28401781296387923,1,Trusted Winners
B08MTCKDYN,"Gizga Essentials Spiral Cable Protector Cord Saver for Mac Charger, iPhone Charger, Wire Protector, Lightweight Durable Flexible Wire Winder for Charging Cables, Data Cables, Earphones, Pack of 10",Electronics,0.6710269769066498,0.35360459973463065,0.6252795316442744,0.0029110347494780077,0.6086095992083126,3,Margin Watchlist
B09QS8V5N8,"Redmi Note 11 (Space Black, 4GB RAM, 64GB Storage)|90Hz FHD+ AMOLED Display | Qualcomm® Snapdragon™ 680-6nm | 33W Charger Included",Electronics,0.8357544099770714,0.003237091112271794,0.7787994026237494,0.10071254846017912,0.28401781296387923,1,Trusted Winners
B08CF3D7QR,Portronics Konnect L POR-1081 Fast Charging 3A Type-C Cable 1.2Meter with Charge & Sync Function for All Type-C Devices (Grey),Computers&Accessories,0.732957586046514,0.2865686944634313,0.7157073225171664,0.0032680258032041403,0.5851063829787235,3,Margin Watchlist
B09T2WRLJJ,"Redmi Note 11 Pro + 5G (Phantom White, 8GB RAM, 128GB Storage) | 67W Turbo Charge | 120Hz Super AMOLED Display | Additional Exchange Offers | Charger Included",Electronics,0.7836102602981018,0.001906105804537058,0.6949273649651316,0.11331470399252516,0.21227115289460663,1,Trusted Winners
B089WB69Y1,"USB Charger, Oraimo Elite Dual Port 5V/2.4A Wall Charger, USB Wall Charger Adapter for iPhone 11/Xs/XS Max/XR/X/8/7/6/Plus, iPad Pro/Air 2/Mini 3/Mini 4, Samsung S4/S5, and More",Electronics,0.7385820201762333,0.16487000634115406,0.6717418977134605,0.00712022351167555,0.6135576447303316,1,Trusted Winners
B0116MIKKC,Goldmedal Curve Plus 202042 Plastic Spice 3-Pin 240V Universal Travel Adaptor (White),Electronics,0.7201285920592176,0.4665071770334928,0.7351005065011692,0.0012496185266594347,0.4675903018307768,3,Margin Watchlist
B09P858DK8,"WeCool C1 Car Mobile Holder with One Click Technology,360° Rotational, Strong Suction Cup,Compatible with 4 to 6 Inch Devices, Wildshield and Dashboard Mobile Holder for Car, and Use",Electronics,0.6322013802740306,0.08395221181788828,0.575646847597859,0.02300738666644252,0.752102919346858,0,Visibility Builders
B07DJLFMPS,HP 32GB Class 10 MicroSD Memory Card (U1 TF Card 32GB),Electronics,0.801641568175533,0.11125374411638853,0.728928292682457,0.023783358717921248,0.7619990103908957,1,Trusted Winners
B07WHQWXL7,"iQOO Z6 44W by vivo (Lumina Blue, 6GB RAM, 128GB Storage) | 6.44"" FHD+ AMOLED Display | 50% Charge in just 27 mins | in-Display Fingerprint Scanning",Electronics,0.7609578933313885,0.002714945955766246,0.7090954425852527,0.10086911725830484,0.2637308263236022,1,Trusted Winners
B07WDK3ZS6,"iQOO Z6 Lite 5G by vivo (Mystic Night, 6GB RAM, 128GB Storage) | World's First Snapdragon 4 Gen 1 | 120Hz Refresh Rate | 5000mAh Battery | Travel Adapter to be Purchased Separately",Electronics,0.7609578933313885,0.002714945955766246,0.7090954425852527,0.0641894382552849,0.1825828797624938,1,Trusted Winners
B09T2S8X9C,"Redmi Note 11 Pro + 5G (Stealth Black, 8GB RAM, 256GB Storage) | 67W Turbo Charge | 120Hz Super AMOLED Display | Additional Exchange Offers | Charger Included",Electronics,0.7836102602981018,0.0017403502669452447,0.6949273649651316,0.11331470399252516,0.20262246412666995,1,Trusted Winners
B07S9S86BF,boAt Bassheads 242 in Ear Wired Earphones with Mic(Active Black),Electronics,0.925095015907647,0.0702486600474475,0.8620540331386285,0.019865474803915366,0.6086095992083126,1,Trusted Winners
B07N8RQ6W7,Portronics MODESK POR-122 Universal Mobile Tabletop Holder (Black),Electronics,0.7499202839615737,0.31402199528672425,0.698808961154586,0.010211709528910573,0.8216229589312222,3,Margin Watchlist
B09FKDH6FS,"realme narzo 50i (Mint Green, 2GB RAM+32GB Storage) Octa Core Processor | 6.5"" inch Large Display",Electronics,0.7974690542669911,0.0054744141324106375,0.725141589163773,0.009609897335218482,0.05937654626422563,1,Trusted Winners
B08HVJCW95,MI 10000mAh 3i Lithium Polymer Power Bank Dual Input(Micro-USB and Type C) and Output Ports 18W Fast Charging (Metallic Blue),Electronics,0.9329071760227753,0.03840868489762264,0.9116813472379706,0.023608187035579327,0.5106382978723405,1,Trusted Winners
B09YDFDVNS,"Nokia 105 Plus Single SIM, Keypad Mobile Phone with Wireless FM Radio, Memory Card Slot and MP3 Player | Red",Electronics,0.9072651990865805,0.031006519319446653,0.8248585573171906,0.008199746472030109,0.2177140029688273,1,Trusted Winners
B07WGPKTS4,"iQOO Z6 44W by vivo (Raven Black, 4GB RAM, 128GB Storage) | 6.44"" FHD+ AMOLED Display | 50% Charge in just 27 mins | in-Display Fingerprint Scanning",Electronics,0.7609578933313885,0.0030058538015873314,0.7090954425852527,0.11003903700905983,0.3043047996041563,1,Trusted Winners
B0789LZTCJ,boAt Rugged v3 Extra Tough Unbreakable Braided Micro USB Cable 1.5 Meter (Black),Computers&Accessories,0.8835623900067451,0.14416475972540047,0.843379623244914,0.010647364699348376,0.6546264225630877,1,Trusted Winners
B09MZCQYHZ,"Ambrane 10000mAh Slim Power Bank, 20W Fast Charging, Dual Output, Type C PD (Input & Output), Quick Charge, Li-Polymer, Multi-Layer Protection for iPhone, Anrdoid & Other Devices (Stylo 10K, Green)",Electronics,0.6853361457070346,0.04109372530425162,0.6235613631312649,0.009910368255850522,0.376051459673429,1,Trusted Winners
B0B4F2ZWL3,"Samsung Galaxy M13 (Stardust Brown, 6GB, 128GB Storage) | 6000mAh Battery | Upto 12GB RAM with RAM Plus",Electronics,0.7599335137817756,0.003237091112271794,0.708140778981729,0.09157575469492403,0.28401781296387923,1,Trusted Winners
B08VB2CMR3,"OPPO A74 5G (Fluid Black, 6GB RAM, 128GB Storage) with No Cost EMI/Additional Exchange Offers",Electronics,0.8023264954711596,0.002782780061839557,0.7657458645192942,0.10635275100022007,0.2701632855022267,1,Trusted Winners
B095RTJH1M,Spigen EZ Fit Tempered Glass Screen Protector Guard for iPhone 14/13/13 Pro - 2 Pack,Electronics,0.7859025673619551,0.04725778409988936,0.8208214098060744,0.03598795865520444,0.7511133102424543,1,Trusted Winners
B097R25DP7,"Noise ColorFit Pulse Smartwatch with 3.56 cm (1.4"") Full Touch HD Display, SpO2, Heart Rate, Sleep Monitors & 10-Day Battery - Jet Black",Electronics,0.8582329186346489,0.025673940949935813,0.7803122901375379,0.07032649770777678,0.6729341909945572,1,Trusted Winners
B09YDFKJF8,"Nokia 105 Plus Single SIM, Keypad Mobile Phone with Wireless FM Radio, Memory Card Slot and MP3 Player | Charcoal",Electronics,0.9072651990865805,0.031006519319446653,0.8248585573171906,0.008199746472030109,0.2177140029688273,1,Trusted Winners
B07WDK3ZS2,"iQOO Z6 Pro 5G by vivo (Legion Sky, 8GB RAM, 128GB Storage) | Snapdragon 778G 5G | 66W FlashCharge | 1300 nits Peak Brightness | HDR10+",Electronics,0.7064724699828155,0.002101603835771628,0.6896065637282712,0.15308694094765724,0.3191489361702127,1,Trusted Winners
B08RZ5K9YH,MI 33W SonicCharge 2.0 USB Charger for Cellular Phones - White,Electronics,0.5772113759568833,0.04417575470207049,0.560824382860859,0.013911366300638271,0.5319148936170213,0,Visibility Builders
B08444S68L,"OPPO A31 (Mystery Black, 6GB RAM, 128GB Storage) with No Cost EMI/Additional Exchange Offers",Electronics,0.8466905759833329,0.003451181998230163,0.8081525787296368,0.07142128746504185,0.2285997031172687,1,Trusted Winners
B07WHQBZLS,"iQOO vivo Z6 5G (Chromatic Blue, 8GB RAM, 128GB Storage) | Snapdragon 695-6nm Processor | 120Hz FHD+ Display | 5000mAh Battery",Electronics,0.7689359762934179,0.00228082846707858,0.6992562808455194,0.07396168776265413,0.1781296387926769,1,Trusted Winners
B085DTN6R2,"Portronics Konnect CL 20W POR-1067 Type-C to 8 Pin USB 1.2M Cable with Power Delivery & 3A Quick Charge Support, Nylon Braided for All Type-C and 8 Pin Devices, Green",Computers&Accessories,0.5958503073342738,0.1231578947368421,0.5673958875569346,0.007883960079081136,0.6338446313706086,0,Visibility Builders
B09JS562TP,"Motorola a10 Dual Sim keypad Mobile with 1750 mAh Battery, Expandable Storage Upto 32GB, Wireless FM with Recording - Rose Gold",Electronics,0.7054837182040112,0.029344268462435576,0.6417768435939025,0.003927659942549438,0.1385452746165265,1,Trusted Winners
B09KLVMZ3B,Portronics Konnect L 1.2M POR-1401 Fast Charging 3A 8 Pin USB Cable with Charge & Sync Function (White),Computers&Accessories,0.653315286330313,0.2646474677259185,0.6087703632865312,0.0037789310342183926,0.6086095992083126,3,Margin Watchlist
B09V17S2BG,"boAt Wave Lite Smartwatch with 1.69"" HD Display, Heart Rate & SpO2 Level Monitor, Multiple Watch Faces, Activity Tracker, Multiple Sports Modes & IP68 (Deep Blue)",Electronics,0.7705306234533414,0.02670201186756083,0.6833882903597572,0.10197089985733503,0.7622464126669966,1,Trusted Winners
B0B5CGTBKV,"boAt Wave Call Smart Watch, Smart Talk with Advanced Dedicated Bluetooth Calling Chip, 1.69” HD Display with 550 NITS & 70% Color Gamut, 150+ Watch Faces, Multi-Sport Modes,HR,SpO2(Caribbean Green)",Electronics,0.7550525153694037,0.01950975487743872,0.6528207790756598,0.10902130660843982,0.7050964868876793,1,Trusted Winners
B0B23LW7NV,Spigen EZ Fit Tempered Glass Screen Protector for iPhone 14 Pro Max - 2 Pack (Sensor Protection),Electronics,0.691066106977142,0.04828512723249565,0.7352629707562678,0.03164521852802693,0.7674418604651164,1,Trusted Winners
B09KGV7WSV,"KINGONE Upgraded Stylus Pen, iPad Pencil, Ultra High Precision & Sensitivity, Palm Rejection, Prevents False ON/Off Touch, Power Display, Tilt Sensitivity, Magnetic Adsorption for iPad 2018 and Later",Electronics,0.7519459163892757,0.021025049522328927,0.7343857984886157,0.07067830350518371,0.6914893617021277,1,Trusted Winners
B0971DWFDT,"Portronics CarPower Mini Car Charger with Dual Output, Fast Charging (Type C PD 18W + QC 3.0A) Compatible with All Smartphones(Black)",Electronics,0.6564996181265765,0.12790879275339684,0.6259448574022122,0.005727669533336773,0.5403265710044534,1,Trusted Winners
B0BNV7JM5Y,"boAt Newly Launched Wave Electra with 1.81"" HD Display, Smart Calling with Ultra-Seamless BT Calling Chip,20 Built-In Watch Faces,100 + Sports Modes,Menu Personalization,In-Built Games(Charcoal Black)",Electronics,0.38901874500042183,0.014030992787069372,0.36232250496852925,0.046794305140755374,0.6288965858485898,0,Visibility Builders
B0B53QFZPY,"PTron Newly Launched Force X10 Bluetooth Calling Smartwatch with 1.7"" Full Touch Color Display, Real Heart Rate Monitor, SpO2, Watch Faces, 5 Days Runtime, Fitness Trackers & IP68 Waterproof (Pink)",Electronics,0.6473835143016937,0.02607268749240306,0.49183848966889493,0.07333214663471051,0.6368134586838199,0,Visibility Builders
B083342NKJ,MI Braided USB Type-C Cable for Charging Adapter (Red),Computers&Accessories,0.7589488217855874,0.12939224852963355,0.7582910478677483,0.000914570944291802,0.14151410192973776,1,Trusted Winners
B07WJWRNVK,"iQOO vivo Z6 5G (Dynamo Black, 6GB RAM, 128GB Storage) | Snapdragon 695-6nm Processor | 120Hz FHD+ Display | 5000mAh Battery",Electronics,0.7689359762934179,0.0024881890768499526,0.6992562808455194,0.08322774736709589,0.2078179119247897,1,Trusted Winners
B01F25X6RQ,Samsung Ehs64 Ehs64Avfwecinu Hands-Free Wired In Ear Earphones With Mic With Remote Note (White),Electronics,0.7990303613121621,0.08638329290159268,0.7625938794498617,0.0,0.0,1,Trusted Winners
B09C6HXFC1,"Duracell USB Lightning Apple Certified (Mfi) Braided Sync & Charge Cable For Iphone, Ipad And Ipod. Fast Charging Lightning Cable, 3.9 Feet (1.2M) - Black",Computers&Accessories,0.5171372227935688,0.04761258817145957,0.5177812166730521,0.010332257800670402,0.5121227115289462,0,Visibility Builders
B0B244R4KB,Spigen EZ Fit Tempered Glass Screen Protector for iPhone 14 Pro - 2 Pack (Sensor Protection),Electronics,0.6726803624157313,0.04725778409988936,0.7002687323523645,0.030803300658560982,0.7511133102424543,1,Trusted Winners
B0BMGG6NKT,"Samsung Galaxy M04 Dark Blue, 4GB RAM, 128GB Storage | Upto 8GB RAM with RAM Plus | MediaTek Helio P35 | 5000 mAh Battery",Electronics,0.4359981948893843,0.004105654172577839,0.41139918967487354,0.031523965993229326,0.2285997031172687,0,Visibility Builders
B082LSVT4B,"Ambrane Unbreakable 60W / 3A Fast Charging 1.5m Braided Type C to Type C Cable for Smartphones, Tablets, Laptops & Other Type C Devices, PD Technology, 480Mbps Data Sync (RCTT15, Black)",Computers&Accessories,0.8247020003309494,0.16487000634115406,0.749861641196725,0.002981420349638935,0.376051459673429,1,Trusted Winners
B092JHPL72,"SWAPKART Flexible Mobile Tabletop Stand, Metal Built, Heavy Duty Foldable Lazy Bracket Clip Mount Multi Angle Clamp for All Smartphones (Pack of 1), Multi Color",Electronics,0.623379048297749,0.1512895785279933,0.5282582101131825,0.01123799161864486,0.6865413161801089,0,Visibility Builders
B08WRBG3XW,"boAt Type C A325 Tangle-free, Sturdy Type C Cable with 3A Rapid Charging & 480mbps Data Transmission(Black)",Computers&Accessories,0.7309385352552109,0.21145199682623644,0.6811186331324014,0.005284902964878571,0.6086095992083126,3,Margin Watchlist
B09GFM8CGS,"Redmi 9A Sport (Carbon Black, 2GB RAM, 32GB Storage) | 2GHz Octa-core Helio G25 Processor | 5000 mAh Battery",Electronics,0.9762534122359114,0.00647468031519019,0.9097267861469608,0.03529301236660726,0.19272637308263235,1,Trusted Winners
B0B3MWYCHQ,"Fire-Boltt Ring 3 Smart Watch 1.8 Biggest Display with Advanced Bluetooth Calling Chip, Voice Assistance,118 Sports Modes, in Built Calculator & Games, SpO2, Heart Rate Monitoring",Electronics,0.7672153660781955,0.01437321212333936,0.7321581259796821,0.12943455558042438,0.727362691736764,1,Trusted Winners
B09J2MM5C6,Amozo Ultra Hybrid Camera and Drop Protection Back Cover Case for iPhone 13 (TPU + Polycarbonate | Crystal Transparent),Electronics,0.6079058454035013,0.15449915110356538,0.5790637112821208,0.017874382795694546,0.8416625432953985,0,Visibility Builders
B07Q4QV1DL,"ELV Aluminum Adjustable Mobile Phone Foldable Tabletop Stand Dock Mount for All Smartphones, Tabs, Kindle, iPad (Black)",Electronics,0.7924982703804377,0.17168851496771667,0.8099207801792003,0.0234929924375415,0.912914398812469,1,Trusted Winners
B0B56YRBNT,"Tecno Spark 9 (Sky Mirror, 6GB RAM,128GB Storage) | 11GB Expandable RAM | Helio G37 Gaming Processor",Electronics,0.6212272360570144,0.004333814868318702,0.5396197262334136,0.06737486471187448,0.31024245423057895,1,Trusted Winners
B09NHVCHS9,Flix Micro Usb Cable For Smartphone (Black),Computers&Accessories,0.7054754936649195,0.695807314897413,0.641769403520795,0.0023803722144452627,0.6927263730826323,3,Margin Watchlist
B01DF26V7A,"JBL C100SI Wired In Ear Headphones with Mic, JBL Pure Bass Sound, One Button Multi-function Remote, Premium Metallic Finish, Angled Buds for Comfort fit (Red)",Electronics,0.9385891572403975,0.0702486600474475,0.8746287909219738,0.015834650322636257,0.5477486392874814,1,Trusted Winners
B08K4PSZ3V,"Tukzer Capacitive Stylus Pen for Touch Screens Devices, Fine Point, Lightweight Metal Body with Magnetism Cover Cap for Smartphones/Tablets/iPad/iPad Pro/iPhone (Grey)",Electronics,0.7493263012709153,0.11174785100286531,0.647922893288925,0.011738679292245133,0.6110836219693221,1,Trusted Winners
B0B4F1YC3J,"Samsung Galaxy M13 5G (Aqua Green, 6GB, 128GB Storage) | 5000mAh Battery | Upto 12GB RAM with RAM Plus",Electronics,0.7599335137817756,0.0030058538015873314,0.708140778981729,0.10073333016441645,0.28401781296387923,1,Trusted Winners
B08K4RDQ71,"Tukzer Capacitive Stylus Pen for Touch Screens Devices, Fine Point, Lightweight Metal Body with Magnetism Cover Cap for Smartphones/Tablets/iPad/iPad Pro/iPhone (White)",Electronics,0.7493263012709153,0.11174785100286531,0.647922893288925,0.011738679292245133,0.6110836219693221,1,Trusted Winners
B085CZ3SR1,Mi 10W Wall Charger for Mobile Phones with Micro USB Cable (Black),Electronics,0.7709541071897196,0.08638329290159268,0.7357360592486055,0.001858075816388427,0.17664522513607128,1,Trusted Winners
B09YV3K34W,"Fire-Boltt India's No 1 Smartwatch Brand Talk 2 Bluetooth Calling Smartwatch with Dual Button, Hands On Voice Assistance, 60 Sports Modes, in Built Mic & Speaker with IP68 Rating",Electronics,0.7938020760365221,0.019602211531557407,0.7575938041461652,0.14922505151051152,0.8104898565066799,2,Revenue Upside
B09Z6WH2N1,"STRIFF 12 Pieces Highly Flexible Silicone Micro USB Protector, Mouse Cable Protector, Suit for All Cell Phones, Computers and Chargers (White)",Electronics,0.5843339328875887,0.45373961218836567,0.5562343671792854,0.005689542900989554,0.8416625432953985,3,Margin Watchlist
B09NL4DJ2Z,"FLiX (Beetel) USB to Type C PVC Data Sync & 2A Smartphone Fast Charging Cable, Made in India, 480Mbps Data Sync, Tough Cable, 1 Meter Long USB Cable for USB Type C Devices Black XCD-C12",Computers&Accessories,0.7054754936649195,0.2953426732298372,0.641769403520795,0.0018702924542069923,0.4354280059376546,3,Margin Watchlist
B0BGSV43WY,"Noise ColorFit Pro 4 Alpha Bluetooth Calling Smart Watch with 1.78 AMOLED Display, Tru Sync, 60hz Refresh Rate, instacharge, Gesture Control, Functional 360 Digital Crown (Jet Black)",Electronics,0.28058098809486504,0.007984230413776161,0.2563384905945031,0.02366797975125132,0.38099950519544784,0,Visibility Builders
B0926V9CTV,Elv Mobile Phone Mount Tabletop Holder for Phones and Tablets - Black,Electronics,0.5987916419963909,0.49586043761088117,0.5825454843749589,0.007360050772456172,0.9042553191489362,3,Margin Watchlist
B07WGPKMP5,"iQOO Z6 44W by vivo (Raven Black, 6GB RAM, 128GB Storage) | 6.44"" FHD+ AMOLED Display | 50% Charge in just 27 mins | in-Display Fingerprint Scanning",Electronics,0.7609618995557018,0.002714945955766246,0.7090991761569424,0.10086964830517821,0.2637308263236022,1,Trusted Winners
B0BBFJ9M3X,"Redmi 11 Prime 5G (Meadow Green, 4GB RAM 64GB ROM) | Prime Design | MTK Dimensity 700 | 50 MP Dual Cam | 5000mAh | 7 Band 5G",Electronics,0.5929693836312259,0.0028592267868757545,0.5283334244709064,0.02858229981029989,0.12543295398317666,1,Trusted Winners
B09PLFJ7ZW,"Noise Pulse Buzz 1.69"" Bluetooth Calling Smart Watch with Call Function, 150 Watch Faces, 60 Sports Modes, Spo2 & Heart Rate Monitoring, Calling Smart Watch for Men & Women - Rose Pink",Electronics,0.6889758489655022,0.02002316947947658,0.6116917851106676,0.04981500264801582,0.5789213260761998,1,Trusted Winners
B0B53NXFFR,"PTron Newly Launched Force X10 Bluetooth Calling Smartwatch with 1.7"" Full Touch Display, Real Heart Rate Monitor, SpO2, Watch Faces, 5 Days Runtime, Health/Fitness Trackers & IP68 Waterproof (Black)",Electronics,0.6473835143016937,0.024209021481509347,0.49183848966889493,0.07177188819567411,0.6286491835724889,0,Visibility Builders
B07GNC2592,Portronics CLAMP X Car-Vent Mobile Holder 360 Degree Rotational(Black),Electronics,0.7585241134985617,0.06853527809507073,0.6898154086419749,0.007312473198056746,0.3958436417615043,1,Trusted Winners
B09TP5KBN7,"pTron Volta Dual Port 12W Smart USB Charger Adapter, Multi-Layer Protection, Made in India, BIS Certified, Fast Charging Power Adaptor Without Cable for All iOS & Android Devices (Black)",Electronics,0.6224917535539263,0.20629463104998677,0.5669155032825333,0.013502401454949776,0.8114794656110836,3,Margin Watchlist
B0949SBKMP,"boAt Flash Edition Smart Watch with Activity Tracker, Multiple Sports Modes, 1.3"" Screen, 170+ Watch Faces, Sleep Monitor, Gesture, Camera & Music Control, IP68 & 7 Days Battery Life(Lightning Black)",Electronics,0.7867015302358794,0.02281969515227758,0.7153712076981775,0.09842284809548327,0.7323107372587828,1,Trusted Winners
B09V175NP7,"boAt Wave Lite Smartwatch with 1.69 Inches(4.29cm) HD Display, Heart Rate & SpO2 Level Monitor, Multiple Watch Faces, Activity Tracker, Multiple Sports Modes & IP68 (Scarlet Red)",Electronics,0.7705306234533414,0.02670201186756083,0.6833882903597572,0.10197089985733503,0.7622464126669966,1,Trusted Winners
B07WHSJXLF,"iQOO Z6 Pro 5G by vivo (Phantom Dusk, 8GB RAM, 128GB Storage) | Snapdragon 778G 5G | 66W FlashCharge | 1300 nits Peak Brightness | HDR10+",Electronics,0.7064724699828155,0.002101603835771628,0.6896065637282712,0.15308694094765724,0.3191489361702127,1,Trusted Winners
B0BD3T6Z1D,"Samsung Galaxy M32 Prime Edition (Light Blue, 4GB RAM, 64GB)",Electronics,0.8434487627114786,0.003237091112271794,0.7859697036822233,0.010163975609843131,0.040573973280554176,1,Trusted Winners
B09LHYZ3GJ,"Redmi Note 11T 5G (Matte Black, 6GB RAM, 128GB ROM)| Dimensity 810 5G | 33W Pro Fast Charging | Charger Included | Additional Exchange Offers|Get 2 Months of YouTube Premium Free!",Electronics,0.7997193760940589,0.002475377808601744,0.7452182877091591,0.07709611862808047,0.19272637308263235,1,Trusted Winners
B07WFPMGQQ,"iQOO Z6 Pro 5G by vivo (Legion Sky, 6GB RAM, 128GB Storage) | Snapdragon 778G 5G | 66W FlashCharge | 1300 nits Peak Brightness | HDR10+",Electronics,0.7064724699828155,0.0022066892818325126,0.6896065637282712,0.13606025415556994,0.30851063829787234,1,Trusted Winners
B09QS9X9L8,"Redmi Note 11 (Horizon Blue, 6GB RAM, 64GB Storage)|90Hz FHD+ AMOLED Display | Qualcomm® Snapdragon™ 680-6nm | 33W Charger Included",Electronics,0.8357544099770714,0.003237091112271794,0.7787994026237494,0.12085505815221494,0.3245917862444334,1,Trusted Winners
B0B6BLTGTT,"Noise Pulse 2 Max Advanced Bluetooth Calling Smart Watch with 1.85'' TFT and 550 Nits Brightness, Smart DND, 10 Days Battery, 100 Sports Mode, Smartwatch for Men and Women - (Jet Black)",Electronics,0.6845418297333465,0.014030992787069372,0.637876307366012,0.04949440987234329,0.5071746660069273,1,Trusted Winners
B077Z65HSD,"boAt A400 USB Type-C to USB-A 2.0 Male Data Cable, 2 Meter (Black)",Computers&Accessories,0.7671081612801213,0.14759725400457666,0.7492839309446907,0.01294164693871489,0.7446808510638298,1,Trusted Winners
B09W5XR9RT,"Duracell USB C To Lightning Apple Certified (Mfi) Braided Sync & Charge Cable For Iphone, Ipad And Ipod. Fast Charging Lightning Cable, 3.9 Feet (1.2M) - Black",Computers&Accessories,0.4026660898988674,0.04655453065653826,0.38668684492108524,0.0099860867998362,0.5551707075705097,0,Visibility Builders
B084DTMYWK,Myvn 30W Warp/20W Dash Charging Usb Type C Charger Cable Compatible For Cellular Phones Oneplus 8T 8 8Pro 7 Pro / 7T / 7T Pro Nord And Oneplus 3 / 3T / 5 / 5T / 6 / 6T / 7,Electronics,0.6292976850143099,0.13101903695408734,0.5997292916925284,0.010161687644997542,0.6961900049480457,0,Visibility Builders
B0B53QLB9H,"PTron Newly Launched Force X10 Bluetooth Calling Smartwatch with 1.7"" Full Touch Color Display, Real Heart Rate Monitor, SpO2, Watch Faces, 5 Days Runtime, Fitness Trackers & IP68 Waterproof (Blue)",Electronics,0.6473835143016937,0.02607268749240306,0.49183848966889493,0.07333214663471051,0.6368134586838199,0,Visibility Builders
B0BDYW3RN3,"SanDisk Ultra® microSDXC™ UHS-I Card, 256GB, 150MB/s R, 10 Y Warranty, for Smartphones",Electronics,0.8574456688126493,0.02270381836945305,0.8572613021705113,0.031225253991820783,0.4680851063829788,1,Trusted Winners
B0B3RS9DNF,"Fire-Boltt Phoenix Smart Watch with Bluetooth Calling 1.3"",120+ Sports Modes, 240*240 PX High Res with SpO2, Heart Rate Monitoring & IP67 Rating",Electronics,0.7890304465287561,0.022076827887628023,0.7708028125455163,0.15213132687582556,0.851063829787234,2,Revenue Upside
B09QS9X16F,"Redmi Note 11 (Space Black, 6GB RAM, 64GB Storage) | 90Hz FHD+ AMOLED Display | Qualcomm® Snapdragon™ 680-6nm | 33W Charger Included",Electronics,0.8357544099770714,0.003237091112271794,0.7787994026237494,0.12085505815221494,0.3245917862444334,1,Trusted Winners
B08HV25BBQ,Noise ColorFit Pro 2 Full Touch Control Smart Watch with 35g Weight & Upgraded LCD Display (Deep Wine),Electronics,0.8820968549497965,0.027386678838523925,0.8019907359013879,0.07440792992907826,0.6927263730826323,1,Trusted Winners
B09LJ116B5,"Redmi Note 11T 5G (Aquamarine Blue, 6GB RAM, 128GB ROM)| Dimensity 810 5G | 33W Pro Fast Charging | Charger Included | Additional Exchange Offers| Get 2 Months of YouTube Premium Free!",Electronics,0.7997193760940589,0.002475377808601744,0.7452182877091591,0.07709611862808047,0.19272637308263235,1,Trusted Winners
B0BMVWKZ8G,"Newly Launched Boult Dive+ with 1.85"" HD Display, Bluetooth Calling Smartwatch, 500 Nits Brightness, 7 Days Battery Life, 150+ Watch Faces, 100+ Sport Modes, IP68 Waterproof Smart Watch (Jet Black)",Electronics,0.4230634479910848,0.022076827887628023,0.40348580405896917,0.0662756148798688,0.8085106382978723,0,Visibility Builders
B0BD92GDQH,"OnePlus Nord Watch with 1.78” AMOLED Display, 60 Hz Refresh Rate, 105 Fitness Modes, 10 Days Battery, SPO2, Heart Rate, Stress Monitor, Women Health Tracker & Multiple Watch Face [Midnight Black]",Electronics,0.5115517626360594,0.007801560312062411,0.4503648269353897,0.024657809073738587,0.272637308263236,0,Visibility Builders
B08Y1SJVV5,"pTron Solero MB301 3A Micro USB Data & Charging Cable, Made in India, 480Mbps Data Sync, Strong & Durable 1.5-Meter Nylon Braided USB Cable for Micro USB Devices - (Black)",Computers&Accessories,0.7807069002284627,0.4043062200956937,0.6923652862885179,0.010680982785902727,0.8201385452746166,3,Margin Watchlist
B0B5GF6DQD,"Noise Agile 2 Buzz Bluetooth Calling Smart Watch with 1.28"" TFT Display,Dual Button,in-Built Mic & Speaker,AI Voice Assistant, Health Suite,in-Built Games, 100 Watch Faces-(Jet Black)",Electronics,0.5183563848518485,0.015195551904972515,0.4467437249286821,0.04372515936987648,0.5309252845126176,0,Visibility Builders
B09JS94MBV,"Motorola a10 Dual Sim keypad Mobile with 1750 mAh Battery, Expandable Storage Upto 32GB, Wireless FM with Recording - Dark Blue",Electronics,0.7054837182040112,0.029344268462435576,0.6417768435939025,0.003927659942549438,0.1385452746165265,1,Trusted Winners
B09YV463SW,"Fire-Boltt Ninja 3 Smartwatch Full Touch 1.69 "" & 60 Sports Modes with IP68, Sp02 Tracking, Over 100 Cloud based watch faces ( Silver )",Electronics,0.7734541299710078,0.028756012780450126,0.7381283461303146,0.15844859512325557,0.8832261256803563,2,Revenue Upside
B07XLCFSSN,"Amazonbasics Nylon Braided Usb-C To Lightning Cable, Fast Charging Mfi Certified Smartphone, Iphone Charger (6-Foot, Dark Grey)",Computers&Accessories,0.7338793671562241,0.05023125109771091,0.7329922869323955,0.017704907400250557,0.5769421078673925,1,Trusted Winners
B09NL4DCXK,"Flix (Beetel) Bolt 2.4 12W Dual USB Smart Charger, Made in India, Bis Certified, Fast Charging Power Adaptor with 1 Meter USB to Type C Cable for Cellular Phones (White)(Xwc-64D)",Electronics,0.5917933771539909,0.16074825618262525,0.5273230583301972,0.004991982444181018,0.5596239485403266,0,Visibility Builders
B0B8CHJLWJ,Kyosei Advanced Tempered Glass Compatible with Google Pixel 6a with Military-Grade Anti-Explosion Edge-to-Edge Coverage Screen Protector Guard,Electronics,0.4930331106249521,0.15446224256292906,0.4909000951462409,0.010694328000706698,0.8349826818406729,0,Visibility Builders
B0B8ZWNR5T,"STRIFF 12 Pieces Highly Flexible Silicone Micro USB Protector, Mouse Cable Protector, Suit for All Cell Phones, Computers and Chargers (Black)",Electronics,0.5843339328875887,0.5456362425049966,0.5562343671792854,0.005914871332711913,0.8728352300841168,3,Margin Watchlist
B0BBFJLP21,"Redmi 11 Prime 5G (Thunder Black, 4GB RAM, 64GB Storage) | Prime Design | MTK Dimensity 700 | 50 MP Dual Cam | 5000mAh | 7 Band 5G",Electronics,0.5929693836312259,0.0028592267868757545,0.5283334244709064,0.02858229981029989,0.12543295398317666,1,Trusted Winners
B01F262EUU,"Samsung Original EHS64 Wired in Ear Earphones with Mic, Black",Electronics,0.7990303613121621,0.04542177361211247,0.7625938794498617,0.0009628711858907605,0.051954477981197435,1,Trusted Winners
B09VZBGL1N,"STRIFF Multi Angle Tablet/Mobile Stand. Holder for iPhone, Android, Samsung, OnePlus, Xiaomi. Portable,Foldable Stand.Perfect for Bed,Office, Home,Gift and Desktop (Black)",Electronics,0.6020033398951827,0.42503987240829344,0.5609370423833466,0.005803550882278598,0.8114794656110836,3,Margin Watchlist
B0BNVBJW2S,"boAt Newly Launched Wave Electra with 1.81"" HD Display, Smart Calling Ultra-Seamless BT Calling Chip, 20 Built-in Watch Faces, 100 + Sports Modes, Menu Personalization, in-Built Games(Cherry Blossom)",Electronics,0.38901874500042183,0.01683831427307765,0.36232250496852925,0.051482173818450765,0.6999010390895596,0,Visibility Builders
B0B2DJ5RVQ,"WeCool B1 Mobile Holder for Bikes or Bike Mobile Holder for Maps and GPS Navigation, one Click Locking, Firm Gripping, Anti Shake and Stable Cradle Clamp with 360° Rotation Bicycle Phone Mount",Electronics,0.5464982142065283,0.06405163853028797,0.5297220063364118,0.017254204743466218,0.7021276595744681,0,Visibility Builders
B096TWZRJC,"Sounce 360 Adjustable Mobile Phone Holder, Universal Phone Holder Clip Lazy Bracket Flexible Gooseneck Clamp Long Arms Mount for Mobile Tabletop Stand for Bedroom, Office, Bathroom, White",Electronics,0.562852648581681,0.0843265478325071,0.524434176625043,0.018991429433651213,0.7506185056902523,0,Visibility Builders
B09GP6FBZT,OpenTech® Military-Grade Tempered Glass Screen Protector Compatible for iPhone 13/13 Pro / 14 with Edge to Edge Coverage and Easy Installation kit (6.1 Inches),Electronics,0.7013708530521748,0.14759725400457666,0.6845714320358075,0.011832612937084843,0.7446808510638298,1,Trusted Winners
B0B3DV7S9B,"EN LIGNE Adjustable Cell Phone Stand, Foldable Portable Phone Stand Phone Holder for Desk, Desktop Tablet Stand Compatible with Mobile Phone/iPad/Tablet (Black)",Electronics,0.35897783207415307,0.17678166708637622,0.32233393269640515,0.0025089992572981125,0.516575952498763,0,Visibility Builders
B09MKP344P,"Tecno Spark 8T (Turquoise Cyan, 4GB RAM,64GB Storage) | 50MP AI Camera | 7GB Expandable RAM",Electronics,0.679111402759748,0.004951046872387463,0.6328148224812835,0.07365266078100617,0.35502226620484906,1,Trusted Winners
B08JW1GVS7,"URBN 20000 mAh Lithium_Polymer 22.5W Super Fast Charging Ultra Compact Power Bank with Quick Charge & Power Delivery, Type C Input/Output, Made in India, Type C Cable Included (Camo)",Electronics,0.6968057054884109,0.01884012463467066,0.633928407555004,0.030564548898408136,0.4552201880257299,1,Trusted Winners
B09LHZSMRR,"Redmi Note 11T 5G (Stardust White, 6GB RAM, 128GB ROM)| Dimensity 810 5G | 33W Pro Fast Charging | Charger Included | Additional Exchange Offers|Get 2 Months of YouTube Premium Free!",Electronics,0.7997193760940589,0.002475377808601744,0.7452182877091591,0.07709611862808047,0.19272637308263235,1,Trusted Winners
B0B5V47VK4,"OnePlus 10T 5G (Moonstone Black, 8GB RAM, 128GB Storage)",Electronics,0.6194915894465077,0.0009807235482425926,0.6032832286709269,0.07465180677241828,0.10638297872340426,1,Trusted Winners
B08H21B6V7,Nokia 150 (2020) (Cyan),Electronics,0.7378395151477628,0.015400660172941009,0.6545882732277805,0.007113065468808501,0.12543295398317666,1,Trusted Winners
B09BNXQ6BR,"Noise ColorFit Ultra SE Smart Watch with 1.75""(4.3cm) HD Display, Aluminium Alloy Body, 60 Sports Modes, Spo2, Lightweight, Stock Market Info, Calls & SMS Reply (Vintage Brown)",Electronics,0.8151685653798594,0.015033564618942855,0.7596155001948333,0.07269157059937226,0.578179119247897,1,Trusted Winners
B01FSYQ2A4,boAt Rockerz 400 Bluetooth On Ear Headphones With Mic With Upto 8 Hours Playback & Soft Padded Ear Cushions(Grey/Green),Electronics,0.885826540156195,0.030077875173996464,0.8254608210525547,0.03396673257953581,0.537605145967343,1,Trusted Winners
B08L5FM4JC,"SanDisk Ultra microSD UHS-I Card 64GB, 120MB/s R",Electronics,0.8574456688126493,0.06958073148974131,0.8572613021705113,0.036184923719178155,0.7946561108362198,1,Trusted Winners
B0B54Y2SNX,"iPhone Original 20W C Type Fast PD Charger Compatible with I-Phone13/13 mini/13pro/13 pro Max I-Phone 12/12 Pro/12mini/12 Pro Max, I-Phone11/11 Pro/11 Pro Max 2020 (Only Adapter)",Electronics,0.36927762112082413,0.04881101376720901,0.3357992139193977,0.028399761836756427,0.752102919346858,0,Visibility Builders
B08BQ947H3,"LIRAMARK Webcam Cover Slide, Ultra Thin Laptop Camera Cover Slide Blocker for Computer MacBook Pro iMac PC Tablet (Pack of 3)",Computers&Accessories,0.7166076666772605,0.29618509360649947,0.6996020593295026,0.0,0.0,3,Margin Watchlist
B082T6V3DT,"AmazonBasics New Release Nylon USB-A to Lightning Cable Cord, Fast Charging MFi Certified Charger for Apple iPhone, iPad (6-Ft, Rose Gold)",Computers&Accessories,0.6950180941312155,0.05523351557868388,0.6782976199694065,0.021792563099402137,0.6595744680851064,1,Trusted Winners
B0B7DHSKS7,"Nokia 8210 4G Volte keypad Phone with Dual SIM, Big Display, inbuilt MP3 Player & Wireless FM Radio | Blue",Electronics,0.571073518065211,0.009455396849586456,0.46451846925507106,0.020645156762276164,0.24245423057892135,0,Visibility Builders
B09SJ1FTYV,Sounce Protective Case Cover Compatible Boat Xtend Overall Protective Case TPU HD Clear Ultra-Thin Cover with Unbreakable Screen Guard,Electronics,0.6528610794417496,0.20629463104998677,0.5942520376317546,0.026748818537454814,0.8906481939633846,3,Margin Watchlist
B09XJ5LD6L,"Samsung Galaxy M53 5G (Deep Ocean Blue, 6GB, 128GB Storage) | 108MP | sAmoled+ 120Hz | 12GB RAM with RAM Plus | Travel Adapter to be Purchased Separately",Electronics,0.7011536846002618,0.0016678326509218585,0.6223613477647544,0.15208648913081266,0.26051459673428995,1,Trusted Winners
B07WHS7MZ1,"iQOO 9 SE 5G (Sunset Sierra, 8GB RAM, 128GB Storage) | Qualcomm Snapdragon 888 | 66W Flash Charge",Electronics,0.6969803725025828,0.0014715431459609342,0.6802359815019258,0.1679791783411249,0.26595744680851063,2,Revenue Upside
B0BBVKRP7B,SHREENOVA ID116 Plus Bluetooth Fitness Smart Watch for Men Women and Kids Activity Tracker (Black),Electronics,0.34535418056855166,0.10226634201161267,0.2952786008098635,0.014299563527093058,0.5957446808510638,0,Visibility Builders
B09NY7W8YD,"POCO C31 (Shadow Gray, 64 GB) (4 GB RAM)",Electronics,0.3730409938275752,0.00487621905476369,0.33894881618982586,0.03597162151672393,0.31024245423057895,0,Visibility Builders
B0BMM7R92G,Noise_Colorfit Smart Watch Charger 2 Pin USB Fast Charger Magnetic Charging Cable Adapter (Smart Watch Charger 2 pin),Electronics,0.2825845771017629,0.18547875713379836,0.26652738729887593,0.005107926307485706,0.8349826818406729,0,Visibility Builders
B08M66K48D,"POPIO Tempered Glass Screen Protector Compatible for iPhone 12 / iPhone 12 Pro with Case Friendly Edge to Edge Coverage and Easy Installation kit, Pack of 1",Electronics,0.6517797462213657,0.14759725400457666,0.6354623453373833,0.004712561381170582,0.5319148936170213,1,Trusted Winners
B09RFB2SJQ,"10WeRun Id-116 Bluetooth Smartwatch Wireless Fitness Band for Boys, Girls, Men, Women & Kids | Sports Gym Watch for All Smart Phones I Heart Rate and spo2 Monitor",Electronics,0.4646116416656279,0.0843265478325071,0.432814849355028,0.01567664153127838,0.7506185056902523,0,Visibility Builders
B0B82YGCF6,"Tokdis MX-1 Pro Bluetooth Calling Smartwatch - 1.69” LCD Display, Multiple Watch Faces, Sleep Monitor, Heart & SpO2 Monitoring, Multiple Sports Modes, Water Resistant",Electronics,0.5033005923036963,0.0342485802938938,0.37685743115403975,0.03153811219827486,0.5492330529440871,0,Visibility Builders
B08HF4W2CT,"URBN 20000 mAh lithium_polymer Power Bank with 12 Watt Fast Charging, Camo",Electronics,0.8100527885823136,0.025673940949935813,0.7365626938830588,0.03709384276716208,0.5343889163780308,1,Trusted Winners
B08BCKN299,"Sounce Gold Plated 3.5 mm Headphone Splitter for Computer 2 Male to 1 Female 3.5mm Headphone Mic Audio Y Splitter Cable Smartphone Headset to PC Adapter – (Black,20cm)",Electronics,0.677105985871769,0.3335526315789474,0.6013083274464653,0.014344335441135878,0.8490846115784265,3,Margin Watchlist
B0B2X35B1K,"Noise ColorFit Ultra 2 Buzz 1.78"" AMOLED Bluetooth Calling Watch with 368*448px Always On Display, Premium Metallic Finish, 100+ Watch Faces, 100+ Sports Modes, Health Suite (Jet Black)",Electronics,0.7121829026797917,0.010522367433963753,0.6636385686822335,0.051492941641038285,0.43617021276595747,1,Trusted Winners
B09QS9CWLV,"Redmi Note 11 (Horizon Blue, 6GB RAM, 64GB Storage)|90Hz FHD+ AMOLED Display | Qualcomm® Snapdragon™ 680-6nm | 33W Charger Included",Electronics,0.8357544099770714,0.003237091112271794,0.7787994026237494,0.12085505815221494,0.3245917862444334,1,Trusted Winners
B0B1NX6JTN,Spigen Ultra Hybrid Back Cover Case Compatible with iPhone 14 Pro max (TPU + Poly Carbonate | Crystal Clear),Electronics,0.5782455881851201,0.027599486521181,0.5618678165734348,0.013936291840464562,0.40425531914893614,0,Visibility Builders
B078G6ZF5Z,"Oraimo 18W USB & Type-C Dual Output Super Fast Charger Wall Adapter PE2.0&Quick Charge 3.0 & Power Delivery 3.0 Compatible for iPhone 13/13 Mini/13 Pro Max/12/12 Pro Max, iPad Mini/Pro, Pixel, Galaxy, Airpods Pro",Electronics,0.7385820201762333,0.05873051728032527,0.6717418977134605,0.008900279389594437,0.4156358238495794,1,Trusted Winners
B0BBW521YC,"LAPSTER 12pcs Spiral Cable Protectors for Charger, Wires, Data Charger Cable Protector for Computers, Cell Phones etc.(Grey)",Electronics,0.4414820963228108,0.456140350877193,0.42778596553353115,0.009576140512208396,0.979713013359723,3,Margin Watchlist
B09HSKYMB3,"MI REDMI 9i Sport (Carbon Black, 64 GB) (4 GB RAM)",Electronics,0.5574973612891759,0.005575689064733849,0.5408860742941737,0.028001122089205136,0.22340425531914893,0,Visibility Builders
B09YV42QHZ,"Fire-Boltt Ninja 3 Smartwatch Full Touch 1.69 "" & 60 Sports Modes with IP68, Sp02 Tracking, Over 100 Cloud based watch faces ( Green )",Electronics,0.7734541299710078,0.028756012780450126,0.7381283461303146,0.1211665727413131,0.8416625432953985,1,Trusted Winners
B09BF8JBWX,"Lava A1 Josh 21(Blue Silver) -Dual Sim,Call Blink Notification,Military Grade Certified with 4 Day Battery Backup, Keypad Mobile",Electronics,0.5988244300265542,0.036966824644549756,0.5210657624432963,0.002799858891415134,0.1504205838693716,1,Trusted Winners
B0B5YBGCKD,"POPIO Tempered Glass Compatible for iPhone 13 / iPhone 13 Pro/iPhone 14 (Transparent) Edge to Edge Full Screen Coverage with Installation Kit, Pack of 2",Electronics,0.50694538875374,0.2942105263157895,0.48936572818911084,0.005485830975820709,0.7978723404255319,3,Margin Watchlist
B01GGKYKQM,"Amazon Basics USB Type-C to USB-A 2.0 Male Fast Charging Cable for Laptop - 3 Feet (0.9 Meters), Black",Computers&Accessories,0.7640981566331776,0.20151405912040374,0.7463274135882104,0.008857866543642864,0.7340425531914893,3,Margin Watchlist
B09MY4W73Q,Amozo Ultra Hybrid Camera and Drop Protection Back Cover Case for iPhone 13 (Polycarbonate| Back Transparent - Sides Black),Electronics,0.5617473341130054,0.09310459693537641,0.5451921964261272,0.017938734522331645,0.7872340425531915,0,Visibility Builders
B08R69VDHT,"Pinnaclz Original Combo of 2 Micro USB Fast Charging Cable, USB Charging Cable for Data Transfer Perfect for Android Smart Phones White 1.2 Meter Made in India (Pack of 2)",Computers&Accessories,0.6905987181338544,0.35697940503432496,0.6283171695443526,0.006391339637084196,0.7619990103908957,3,Margin Watchlist
B09T37CKQ5,"FLiX Usb Charger,Flix (Beetel) Bolt 2.4 Dual Poart,5V/2.4A/12W Usb Wall Charger Fast Charging,Adapter For Android/Iphone 11/Xs/Xs Max/Xr/X/8/7/6/Plus,Ipad Pro/Air 2/Mini 3/4,Samsung S4/S5 & More-Black",Electronics,0.5917933771539909,0.16747412464214928,0.5273230583301972,0.005134610514014762,0.5789213260761998,0,Visibility Builders
B09GFPN6TP,"Redmi 9A Sport (Coral Green, 3GB RAM, 32GB Storage) | 2GHz Octa-core Helio G25 Processor | 5000 mAh Battery",Electronics,0.9762534122359114,0.005611274485720902,0.9097267861469608,0.04705734982214301,0.21301335972290944,1,Trusted Winners
B0B298D54H,Prolet Classic Bumper Case Cover for Samsung Galaxy Watch 4 44mm TPU Plated Full Screen Protector (Black),Electronics,0.47392463039031385,0.1432969215491559,0.4134799474869842,0.008383787161249762,0.6682335477486393,0,Visibility Builders
B08VB57558,"Samsung Galaxy S20 FE 5G (Cloud Navy, 8GB RAM, 128GB Storage) with No Cost EMI & Additional Exchange Offers",Electronics,0.7892695093632894,0.0011346476219503748,0.7532586245399765,0.7039917674954544,0.5091538842157348,2,Revenue Upside
B09CMP1SC8,"Ambrane 2 in 1 Type-C & Micro USB Cable with 60W / 3A Fast Charging, 480 mbps High Data, PD Technology & Quick Charge 3.0, Compatible with All Type-C & Micro USB Devices (ABDC-10, Black)",Computers&Accessories,0.49380445545084606,0.21145199682623644,0.46004206498973965,0.003570353052697149,0.6086095992083126,0,Visibility Builders
B09YLXYP7Y,"Ambrane 60W / 3A Fast Charging Output Cable with Type-C to USB for Mobile, Neckband, True Wireless Earphone Charging, 480mbps Data Sync Speed, 1m Length (ACT - AZ10, Black)",Computers&Accessories,0.5600861729795993,0.22934431049691267,0.5110270614954435,0.002969699025511327,0.5442850074220683,3,Margin Watchlist
B0B9BXKBC7,"WeCool S5 Long Selfie Stick, with Large Reinforced Tripod Stand up to 61 Inch / 156 Cms, Ultra Long Multi Function Bluetooth Selfie Stick with 1/4 Screw Compatible with Gopro, Camera, and Ring Light",Electronics,0.42464736072613407,0.026242649425119214,0.41942856212127805,0.022515729081929878,0.6259277585353785,0,Visibility Builders
B09NY6TRXG,"POCO C31 (Royal Blue, 64 GB) (4 GB RAM)",Electronics,0.4338020653420225,0.0047095323908075875,0.3937340306429016,0.03659270917919293,0.2798119742701633,0,Visibility Builders
B09NVPJ3P4,"Noise ColorFit Pulse Grand Smart Watch with 1.69""(4.29cm) HD Display, 60 Sports Modes, 150 Watch Faces, Fast Charge, Spo2, Stress, Sleep, Heart Rate Monitoring & IP68 Waterproof (Electric Blue)",Electronics,0.7958219698770514,0.02053658408151444,0.7236468899274009,0.03836019660805217,0.4948045522018803,1,Trusted Winners
B0B3NDPCS9,"Fire-Boltt Visionary 1.78"" AMOLED Bluetooth Calling Smartwatch with 368*448 Pixel Resolution 100+ Sports Mode, TWS Connection, Voice Assistance, SPO2 & Heart Rate Monitoring",Electronics,0.7520898732066081,0.011035653650254669,0.7345273128019211,0.2537655599695416,0.8297872340425533,2,Revenue Upside
B09VGKFM7Y,Amazon Basics 2 Amp USB Wall Charger & Micro USB Cable (White),Electronics,0.20888231037609545,0.20620043258832013,0.19524993244028377,0.0014095958036057681,0.6095992083127166,0,Visibility Builders
B07QCWY5XV,"Mobilife Bluetooth Extendable Selfie Stick with Tripod Stand and Wireless Remote,3-in-1 Multifunctional Selfie Stick Tripod for iPhone Samsung Mi Realme Oppo Vivo Google More,Black",Electronics,0.7394128560077713,0.0702486600474475,0.6890164583041841,0.014256466197012131,0.578179119247897,1,Trusted Winners
B098QXR9X2,"Ambrane 27000mAh Power Bank, 20W Fast Charging, Triple Output, Type C PD (Input & Output), Quick Charge, Li-Polymer, Multi-Layer Protection for iPhone, Smartphones & Other Devices (Stylo Pro, Black)",Electronics,0.6214964643924678,0.01683831427307765,0.5791096652411435,0.007489340413970844,0.17243938644235526,1,Trusted Winners
B07H1S7XW8,"STRIFF Wall Mount Phone Holder Wall Mount with Adhesive Strips, Charging Holder Compatible with iPhone, Smartphone and Mini Tablet (Pack of 1) (White)",Electronics,0.7051705675695856,0.47279716144293316,0.6571030029334393,0.006968076957920411,0.8317664522513607,3,Margin Watchlist
B0BNXFDTZ2,"Fire-Boltt Tank 1.85"" Bluetooth Calling Smart Watch, 123 Sports Mode, 8 UI Interactions, Built in Speaker & Mic, 7 Days Battery & Fire-Boltt Health Suite",Electronics,0.5125613822833553,0.01505765079587933,0.5039016522316045,0.11117913634006554,0.8164275111331025,0,Visibility Builders
B088ZFJY82,"Elv Aluminium Adjustable Mobile Phone Foldable Holder Tabletop Stand Dock Mount for All Smartphones, Tabs, Kindle, iPad (Moonlight Silver)",Electronics,0.7924982703804377,0.14708347301374455,0.8099207801792003,0.022633492714216812,0.8795150915388422,1,Trusted Winners
B0B4F4QZ1H,"Samsung Galaxy M13 5G (Stardust Brown, 6GB, 128GB Storage) | 5000mAh Battery | Upto 12GB RAM with RAM Plus",Electronics,0.7599335137817756,0.0030058538015873314,0.708140778981729,0.10073333016441645,0.28401781296387923,1,Trusted Winners
B09BCNQ9R2,"DYAZO USB 3.0 Type C Female to USB A Male Connector/Converter/Adapter Compatible for Samsung Galaxy Note s 20 10 Plus Ultra,Google Pixel 4 5 3 2 & Other Type-c Devices",Electronics,0.6565306516573906,0.31010980689132905,0.6259747297336893,0.005696294208266921,0.748144482929243,3,Margin Watchlist
B0B9BD2YL4,"KINGONE Wireless Charging Pencil (2nd Generation) for iPad with Magnetic and Tilt Sensitive, Palm Rejection, Compatible with Apple iPad Pro 11 inch 1/2/3/4, iPad Pro 12.9 Inch 3/4/5/6, iPad Air 4/5, mini6",Electronics,0.5654728311304131,0.017769992507239627,0.5710494519870978,0.059965205233598426,0.7013854527461653,0,Visibility Builders
B071Z8M4KX,boAt BassHeads 100 in-Ear Wired Headphones with Mic (Black),Electronics,0.9876307576118855,0.1152847873107426,0.9203289078455984,0.015091026054419466,0.6390400791687283,1,Trusted Winners
B09N3ZNHTY,"boAt Airdopes 141 Bluetooth Truly Wireless in Ear Earbuds with mic, 42H Playtime, Beast Mode(Low Latency Upto 80ms) for Gaming, ENx Tech, ASAP Charge, IWP, IPX4 Water Resistance (Bold Black)",Electronics,0.9122933694972363,0.02670201186756083,0.8087305712223216,0.06576363887856537,0.6464621474517566,1,Trusted Winners
B0B3RRWSF6,"Fire-Boltt Phoenix Smart Watch with Bluetooth Calling 1.3"",120+ Sports Modes, 240*240 PX High Res with SpO2, Heart Rate Monitoring & IP67 Rating",Electronics,0.7890443658358042,0.022087877351035245,0.770816468642135,0.1521530273799291,0.851063829787234,2,Revenue Upside
B0B5B6PQCT,"boAt Wave Call Smart Watch, Smart Talk with Advanced Dedicated Bluetooth Calling Chip, 1.69” HD Display with 550 NITS & 70% Color Gamut, 150+ Watch Faces, Multi-Sport Modes,HR,SpO2, IP68(Active Black)",Electronics,0.7550525153694037,0.0216787103946637,0.6528207790756598,0.11266080941626622,0.7238990598713507,1,Trusted Winners
B005FYNT3G,SanDisk Cruzer Blade 32GB USB Flash Drive,Computers&Accessories,0.9596655775898666,0.15270442542342014,0.9378490622611113,0.008349529887096013,0.5957446808510638,1,Trusted Winners
B01J0XWYKQ,"Logitech B170 Wireless Mouse, 2.4 GHz with USB Nano Receiver, Optical Tracking, 12-Months Battery Life, Ambidextrous, PC/Mac/Laptop - Black",Computers&Accessories,0.8503064643027147,0.0753888059045778,0.850102660338161,0.0060659956731438066,0.3592281048985651,1,Trusted Winners
B09CTRPSJR,"Storio Kids Toys LCD Writing Tablet 8.5Inch E-Note Pad Best Birthday Gift for Girls Boys, Multicolor (SC1667)",Computers&Accessories,0.6867330376162452,0.17972350230414746,0.5946335035783735,0.0003310189381209705,0.0752102919346858,1,Trusted Winners
B08JQN8DGZ,"boAt Airdopes 121v2 in-Ear True Wireless Earbuds with Upto 14 Hours Playback, 8MM Drivers, Battery Indicators, Lightweight Earbuds & Multifunction Controls (Active Black, with Mic)",Electronics,0.9338013000948767,0.030023094688221705,0.8065841263482679,0.03805686294751184,0.5358733300346363,1,Trusted Winners
B0B72BSW7K,SKE Bed Study Table Portable Wood Multifunction Laptop-Table Lapdesk for Children Bed Foldabe Table Work with Tablet Slot & Cup Holder Brown Black,Computers&Accessories,0.5043118297418161,0.1365819491695017,0.41935978975767685,0.00529932493031826,0.53686293913904,0,Visibility Builders
B0BDRVFDKP,"SanDisk Ultra® microSDXC™ UHS-I Card, 64GB, 140MB/s R, 10 Y Warranty, for Smartphones",Electronics,0.8574479623465854,0.07936361113680511,0.857263601698103,0.008906764042858787,0.4680851063829788,1,Trusted Winners
B0B5LVS732,"Noise Pulse Go Buzz Smart Watch Bluetooth Calling with 1.69"" Display, 550 NITS, 150+ Cloud Watch Face, SPo2, Heart Rate Tracking, 100 Sports Mode with Auto Detection, Longer Battery (Jet Black)",Electronics,0.7155755686795259,0.0210499986835523,0.666800538540183,0.0517382414813946,0.6086095992083126,1,Trusted Winners
B08TV2P1N8,"boAt Rockerz 255 Pro+ in-Ear Bluetooth Neckband with Upto 40 Hours Playback, ASAP  Charge, IPX7, Dual Pairing, BT v5.0, with Mic (Active Black)",Electronics,0.9149977866176743,0.030077875173996464,0.8526447306231832,0.057137648219651276,0.6593270658090055,1,Trusted Winners
B07XCM6T4N,STRIFF Adjustable Laptop Tabletop Stand Patented Riser Ventilated Portable Foldable Compatible with MacBook Notebook Tablet Tray Desk Table Book with Free Phone Stand (Black),Computers&Accessories,0.7804615031125517,0.12645151560850548,0.7623942837324464,0.02163138020391326,0.8191489361702128,1,Trusted Winners
B07T5DKR5D,"ZEBRONICS Zeb-Bro in Ear Wired Earphones with Mic, 3.5mm Audio Jack, 10mm Drivers, Phone/Tablet Compatible(Black)",Electronics,0.7704173006803969,0.24108089014482514,0.6140429999641575,0.0046419551487298484,0.545522018802573,3,Margin Watchlist
B01DEWVZ2C,"JBL C100SI Wired In Ear Headphones with Mic, JBL Pure Bass Sound, One Button Multi-function Remote, Angled Buds for Comfort fit (Black)",Electronics,0.938588356220196,0.0702486600474475,0.8746280444776754,0.009048363890782668,0.4057397328055418,1,Trusted Winners
B07PR1CL3S,"boAt Rockerz 450 Bluetooth On Ear Headphones with Mic, Upto 15 Hours Playback, 40MM Drivers, Padded Ear Cushions, Integrated Controls and Dual Modes(Luscious Black)",Electronics,0.8933644153218094,0.03449094046591889,0.8324851839015145,0.05964078115140761,0.6999010390895596,1,Trusted Winners
B09V12K8NT,"boAt Wave Lite Smartwatch with 1.69"" HD Display, Sleek Metal Body, HR & SpO2 Level Monitor, 140+ Watch Faces, Activity Tracker, Multiple Sports Modes, IP68 & 7 Days Battery Life(Active Black)",Electronics,0.7705341621086832,0.02670201186756083,0.6833914111067704,0.10197136815782626,0.7622464126669966,1,Trusted Winners
B07JQKQ91F,"JBL C50HI, Wired in Ear Headphones with Mic, One Button Multi-Function Remote, Lightweight & Comfortable fit (Black)",Electronics,0.8824351745675153,0.08021305769433604,0.7822957224551399,0.010633781194649715,0.48243443839683325,1,Trusted Winners
B08W56G1K9,LAPSTER Spiral Charger Spiral Charger Cable Protectors for Wires Data Cable Saver Charging Cord Protective Cable Cover Set of 3 (12 Pieces),Computers&Accessories,0.7001467582654689,0.42503987240829344,0.6524207117280033,0.015186807782607947,0.912914398812469,3,Margin Watchlist
B07WG8PDCW,"pTron Bullet Pro 36W PD Quick Charger, 3 Port Fast Car Charger Adapter - Compatible with All Smartphones & Tablets (Black)",Electronics,0.7379313701042635,0.1176293168451214,0.6711524310354503,0.016895633594144806,0.7224146462147452,1,Trusted Winners
B01L8ZNWN2,"HP v236w USB 2.0 64GB Pen Drive, Metal",Computers&Accessories,0.8539418349063482,0.09074792243767314,0.8150814222061895,0.021095365776975752,0.7065809005442851,1,Trusted Winners
B009VCGPSY,"HP X1000 Wired USB Mouse with 3 Handy Buttons, Fast-Moving Scroll Wheel and Optical Sensor works on most Surfaces (H2C21AA, Black/Grey)",Computers&Accessories,0.8409574056955094,0.16405791430248481,0.8216997675795511,0.007701804677530577,0.6276595744680851,1,Trusted Winners
B0B296NTFV,"Portronics Toad 23 Wireless Optical Mouse with 2.4GHz, USB Nano Dongle, Optical Orientation, Click Wheel, Adjustable DPI(Black)",Computers&Accessories,0.5689783960828828,0.14073226544622425,0.5301460287189105,0.00411388299750864,0.5071746660069273,0,Visibility Builders
B09NVPSCQT,"Noise ColorFit Pulse Grand Smart Watch with 1.69""(4.29cm) HD Display, 60 Sports Modes, 150 Watch Faces, Fast Charge, Spo2, Stress, Sleep, Heart Rate Monitoring & IP68 Waterproof (Jet Black)",Electronics,0.7958219698770514,0.025673940949935813,0.7236468899274009,0.0460322359296626,0.5937654626422563,1,Trusted Winners
B09YV4RG4D,"Fire-Boltt Ninja 3 Smartwatch Full Touch 1.69 & 60 Sports Modes with IP68, Sp02 Tracking, Over 100 Cloud based watch faces - Black",Electronics,0.7734541299710078,0.028756012780450126,0.7381283461303146,0.1211665727413131,0.8416625432953985,1,Trusted Winners
B07TCN5VR9,Boult Audio BassBuds X1 in-Ear Wired Earphones with 10mm Extra Bass Driver and HD Sound with mic(Black),Electronics,0.8679041241434788,0.12166053431450968,0.7694351506024036,0.01401462427936733,0.6464621474517566,1,Trusted Winners
B00ZYLMQH0,Dell KB216 Wired Multimedia USB Keyboard with Super Quite Plunger Keys with Spill-Resistant – Black,Computers&Accessories,0.7921006517542658,0.08038538970376762,0.7738147626419876,0.02386301356080476,0.7340425531914893,1,Trusted Winners
B09YV4MW2T,"Fire-Boltt India's No 1 Smartwatch Brand Talk 2 Bluetooth Calling Smartwatch with Dual Button, Hands On Voice Assistance, 60 Sports Modes, in Built Mic & Speaker with IP68 Rating",Electronics,0.7938177770488841,0.019602211531557407,0.7576088206519226,0.14922800310820727,0.8104898565066799,2,Revenue Upside
B01HJI0FS2,"Dell MS116 1000Dpi USB Wired Optical Mouse, Led Tracking, Scrolling Wheel, Plug and Play.",Computers&Accessories,0.8029333554522714,0.15446224256292906,0.8206643584398331,0.006792372900598482,0.6011875309252845,1,Trusted Winners
B076B8G5D8,Boya ByM1 Auxiliary Omnidirectional Lavalier Condenser Microphone with 20ft Audio Cable (Black),MusicalInstruments,0.8590391794395247,0.051444400474871387,0.7810446327656887,0.02478232377237959,0.5937654626422563,1,Trusted Winners
B07JW9H4J1,"Wayona Nylon Braided USB to Lightning Fast Charging and Data Sync Cable Compatible for iPhone 13, 12,11, X, 8, 7, 6, 5, iPad Air, Pro, Mini (3 FT Pack of 1, Grey)",Computers&Accessories,0.7788200949440413,0.10803324099722991,0.7432625332473235,0.013139235385949194,0.6650173181593272,1,Trusted Winners
B014SZO90Y,"Duracell Ultra Alkaline AA Battery, 8 Pcs",Electronics,0.7899327688529605,0.17362485160269092,0.8072781107648982,0.0009328699733724222,0.1781296387926769,1,Trusted Winners
B07KCMR8D6,Classmate Octane Neon- Blue Gel Pens(Pack of 5)|Smooth Writing Pen|Attractive body colour for Boys & Girls|Waterproof ink for smudge free writing|Preferred by Students for Exam|Study at home essential,OfficeProducts,0.668318871263741,0.8826315789473683,0.651877689720328,0.0,0.0,3,Margin Watchlist
B00N1U9AJS,"3M Scotch Double Sided Heavy Duty Tape(1m holds 4.5Kgs) for indoor hanging applications (Photo frames, Mirrors, Key Holders, Car Interiors, Extension Boards, Wall decoration, etc)(L: 3m, W: 24mm)",Home&Kitchen,0.7405591059412187,0.3078947368421053,0.6569815946659233,0.0006246872977044135,0.20262246412666995,3,Margin Watchlist
B07KY3FNQP,boAt Bassheads 152 in Ear Wired Earphones with Mic(Active Black),Electronics,0.881412369215288,0.09371703200093774,0.8213473559968699,0.01786528879561946,0.6593270658090055,1,Trusted Winners
B0B3N7LR6K,"Fire-Boltt Visionary 1.78"" AMOLED Bluetooth Calling Smartwatch with 368*448 Pixel Resolution 100+ Sports Mode, TWS Connection, Voice Assistance, SPO2 & Heart Rate Monitoring",Electronics,0.752094367530851,0.011035653650254669,0.7345317308501624,0.23564085667284393,0.8085106382978723,2,Revenue Upside
B07QZ3CZ48,"boAt BassHeads 122 Wired Earphones with Heavy Bass, Integrated Controls and Mic (Gun Metal)",Electronics,0.4113330770862071,0.10803324099722991,0.3873514438809889,0.008832959575353258,0.7169717961405244,0,Visibility Builders
B09T3H12GV,"Dell USB Wireless Keyboard and Mouse Set- KM3322W, Anti-Fade & Spill-Resistant Keys, up to 36 Month Battery Life, 3Y Advance Exchange Warranty, Black",Computers&Accessories,0.8041809918116134,0.030811481885557355,0.767519168335348,0.02130033336103451,0.4571994062345374,1,Trusted Winners
B098NS6PVG,"Ambrane Unbreakable 60W / 3A Fast Charging 1.5m Braided Type C Cable for Smartphones, Tablets, Laptops & other Type C devices, PD Technology, 480Mbps Data Sync, Quick Charge 3.0 (RCT15A, Black)",Computers&Accessories,0.8247020003309494,0.20629463104998677,0.749861641196725,0.002981420349638935,0.425531914893617,1,Trusted Winners
B096MSW6CT,"Sounce Fast Phone Charging Cable & Data Sync USB Cable Compatible for iPhone 13, 12,11, X, 8, 7, 6, 5, iPad Air, Pro, Mini & iOS Devices",Computers&Accessories,0.6925293811262458,0.20113726527373713,0.6148035321815638,0.013352515624045748,0.7718951014349332,3,Margin Watchlist
B09ZQK9X8G,"Noise ColorFit Pro 4 Advanced Bluetooth Calling Smart Watch with 1.72"" TruView Display, Fully-Functional Digital Crown, 311 PPI, 60Hz Refresh Rate, 500 NITS Brightness (Charcoal Black)",Electronics,0.6596918187600775,0.014035672904743512,0.6147140566925728,0.04771357941065718,0.5071746660069273,1,Trusted Winners
B08ZJDWTJ1,"Seagate Expansion 1TB External HDD - USB 3.0 for Windows and Mac with 3 yr Data Recovery Services, Portable Hard Drive (STKM1000400)",Computers&Accessories,0.8358121176091599,0.011269939123063882,0.8544671233398413,0.018149654353355967,0.2003958436417615,1,Trusted Winners
B08FTFXNNB,"HP w100 480P 30 FPS Digital Webcam with Built-in Mic, Plug and Play Setup, Wide-Angle View for Video Calling on Skype, Zoom, Microsoft Teams and Other Apps (Black)",Electronics,0.6265325740431471,0.07609956755616497,0.530779377162757,0.022650084093579236,0.6865413161801089,0,Visibility Builders
B08YDFX7Y1,"ZEBRONICS Zeb-Dash Plus 2.4GHz High Precision Wireless Mouse with up to 1600 DPI, Power Saving Mode, Nano Receiver and Plug & Play Usage - USB",Computers&Accessories,0.7233784955562405,0.12013729977116704,0.5774683415612127,0.002615120814884771,0.2857496288965859,1,Trusted Winners
B08HDJ86NZ,"boAt Deuce USB 300 2 in 1 Type-C & Micro USB Stress Resistant, Tangle-Free, Sturdy Cable with 3A Fast Charging & 480mbps Data Transmission, 10000+ Bends Lifespan and Extended 1.5m Length(Martian Red)",Computers&Accessories,0.8835623900067451,0.13101903695408734,0.843379623244914,0.007879049877517797,0.5507174666006929,1,Trusted Winners
B087FXHB6J,Zebronics Zeb-Companion 107 USB Wireless Keyboard and Mouse Set with Nano Receiver (Black),Computers&Accessories,0.7432112837623857,0.05138920262028462,0.5928353355930008,0.005373638586062,0.25977238990598717,1,Trusted Winners
B07N42JB4S,"SYVO WT 3130 Aluminum Tripod (133CM), Universal Lightweight Tripod with Mobile Phone Holder Mount & Carry Bag for All Smart Phones, Gopro, Cameras - Brown",Electronics,0.7874411617711132,0.05523351557868388,0.7692435259673682,0.06055915705609845,0.851063829787234,1,Trusted Winners
B0B31BYXQQ,"Boult Audio Airbass Z20 True Wireless, 40H Battery Life, Zen ENC Mic, Type-C Lightning Boult Fast Charging (10Mins=100Mins), BoomX Tech Bass, ENC, IPX5 in Ear Earbuds with mic (Green)",Electronics,0.7065130560609936,0.028610661750874684,0.6270618333730028,0.06981342632288379,0.7236516575952499,1,Trusted Winners
B08CF3B7N1,"Portronics Konnect L 1.2M Fast Charging 3A 8 Pin USB Cable with Charge & Sync Function for iPhone, iPad (Grey)",Computers&Accessories,0.7509306249581249,0.2799043062200957,0.7165691239943835,0.0044340522366633104,0.6338446313706086,3,Margin Watchlist
B07SLMR1K6,"SanDisk Ultra Flair 64GB USB 3.0 Pen Drive, Multicolor",Computers&Accessories,0.7953206505873893,0.08503194402190448,0.7769732455594635,0.015928621306163508,0.6595744680851064,1,Trusted Winners
B09MQSCJQ1,"boAt Xtend Smartwatch with Alexa Built-in, 1.69” HD Display, Multiple Watch Faces, Stress Monitor, Heart & SpO2 Monitoring, 14 Sports Modes, Sleep Monitor, 5 ATM & 7 Days Battery(Charcoal Black)",Electronics,0.8601045732004177,0.018749570751585357,0.8209697055455171,0.11797086038822648,0.7377535873330034,1,Trusted Winners
B094YFFSMY,"Tygot Bluetooth Extendable Selfie Sticks with Wireless Remote and Tripod Stand, 3-in-1 Multifunctional Selfie Stick with Tripod Stand Compatible with iPhone/OnePlus/Samsung/Oppo/Vivo and All Phones",Electronics,0.6268295505442747,0.10288880094974277,0.5708151872803885,0.02417154158468902,0.7916872835230085,0,Visibility Builders
B092X94QNQ,"boAt Rockerz 330 in-Ear Bluetooth Neckband with Upto 30 Hours Playtime, ASAP  Charge, Signature Sound, Dual Pairing & IPX5 with Mic (Active Black)",Electronics,0.8952930661636909,0.028071345809487024,0.8342824447163923,0.05374942875133282,0.6288965858485898,1,Trusted Winners
B0846D5CBP,"Casio FX-991ES Plus-2nd Edition Scientific Calculator, Black",OfficeProducts,0.6678916098504273,0.03566348303190408,0.6805511786384891,0.0,0.0,1,Trusted Winners
B00KXULGJQ,"TP-Link AC750 Wifi Range Extender | Up to 750Mbps | Dual Band WiFi Extender, Repeater, Wifi Signal Booster, Access Point| Easy Set-Up | Extends Wifi to Smart Home & Alexa Devices (RE200)",Computers&Accessories,0.8338768107984036,0.02281909113705386,0.7959070496157806,0.07255110026352474,0.6857991093518061,1,Trusted Winners
B08H9Z3XQW,boAt Bassheads 242 in Ear Wired Earphones with Mic(Blue),Electronics,0.925094061747369,0.09248120300751879,0.8620531439863044,0.023076032789330965,0.6999010390895596,1,Trusted Winners
B08LPJZSSW,"DIGITEK® (DTR 260 GT) Gorilla Tripod/Mini 33 cm (13 Inch) Tripod for Mobile Phone with Phone Mount & Remote, Flexible Gorilla Stand for DSLR & Action Cameras",Electronics,0.769015413828552,0.10031658092599921,0.6820520823809153,0.011046284104403037,0.5789213260761998,1,Trusted Winners
B09MT84WV5,"Samsung EVO Plus 128GB microSDXC UHS-I U3 130MB/s Full HD & 4K UHD Memory Card with Adapter (MB-MC128KA), Blue",Electronics,0.9140093758806838,0.04167287908155658,0.8931971755691502,0.06476388389696024,0.7872340425531915,1,Trusted Winners
B08Y1TFSP6,"pTron Solero TB301 3A Type-C Data and Fast Charging Cable, Made in India, 480Mbps Data Sync, Strong and Durable 1.5-Meter Nylon Braided USB Cable for Type-C Devices for Charging Adapter (Black)",Computers&Accessories,0.7807069002284627,0.2686329918756623,0.6923652862885179,0.01601225443188391,0.8201385452746166,3,Margin Watchlist
B08CYPB15D,HP 805 Black Original Ink Cartridge,Computers&Accessories,0.685090138660072,0.05725611098876899,0.6233390843032166,0.0007264994621605633,0.05937654626422563,1,Trusted Winners
B085HY1DGR,Sounce Spiral Charger Cable Protector Data Cable Saver Charging Cord Protective Cable Cover Headphone MacBook Laptop Earphone Cell Phone Set of 3 (Cable Protector (12 Units)),Computers&Accessories,0.5586096205010724,0.41467304625199364,0.5097099012823993,0.012116741000247181,0.8906481939633846,3,Margin Watchlist
B00MFPCY5C,GIZGA essentials Universal Silicone Keyboard Protector Skin for 15.6-inches Laptop (5 x 6 x 3 inches),Computers&Accessories,0.7428979981651559,0.9210526315789473,0.5925919250386702,0.004655190312962883,0.7533399307273627,3,Margin Watchlist
B07JJFSG2B,SanDisk Ultra 128 GB USB 3.0 Pen Drive (Black),Computers&Accessories,0.842964635883795,0.04964182108815345,0.823665599153868,0.03272953236934109,0.6808510638297872,1,Trusted Winners
B09NR6G588,"Boult Audio ZCharge Bluetooth Wireless in Ear Earphones with Mic, 40H Playtime and Super Fast Charging, Environmental Noise Cancellation for Pro+ Calling and IPX5 Water Resistant (Black)",Electronics,0.7415083457669699,0.03252710592160133,0.6412409220040686,0.06791012728085553,0.7144977733795151,1,Trusted Winners
B07JPX9CR7,"Dell WM118 Wireless Mouse, 2.4 Ghz with USB Nano Receiver, Optical Tracking, 12-Months Battery Life, Ambidextrous, Pc/Mac/Laptop - Black.",Computers&Accessories,0.7046319501812304,0.07936361113680511,0.7033850047379017,0.012397099761579516,0.6095992083127166,1,Trusted Winners
B08D11DZ2W,"Boult Audio AirBass PowerBuds with Inbuilt Powerbank, 120H Total Playtime, IPX7 Fully Waterproof, Lightning Boult Type-C Fast Charging, Low Latency Gaming, TWS Earbuds with Pro+ Calling Mic (Black)",Electronics,0.7907375653121873,0.025332677925634633,0.6655888344967871,0.14293169335709371,0.7597723899059872,2,Revenue Upside
B07Q7561HD,Eveready 1015 Carbon Zinc AA Battery - 10 Pieces,Electronics,0.4989981175472994,0.3030731190392088,0.48939540400866033,0.0003728168266532695,0.18505690252350326,3,Margin Watchlist
B0819HZPXL,Zebronics Zeb-Transformer-M Optical USB Gaming Mouse with LED Effect(Black),Computers&Accessories,0.7563647700123473,0.11317768104471705,0.7556861793257796,0.002734371101512845,0.29391390400791695,1,Trusted Winners
B00LXTFMRS,"PIDILITE Fevicryl Acrylic Colours Sunflower Kit (10 Colors x 15 ml) DIY Paint, Rich Pigment, Non-Craking Paint for Canvas, Wood, Leather, Earthenware, Metal, Diwali Gifts for Diwali",Home&Kitchen,0.6851329788943294,0.23642876825571785,0.6835757844039908,0.0005614210527648838,0.1632855022266205,1,Trusted Winners
B0B9LDCX89,"STRIFF Mpad Mouse Mat 230X190X3mm Gaming Mouse Pad, Non-Slip Rubber Base, Waterproof Surface, Premium-Textured, Compatible with Laser and Optical Mice(Universe Black)",Computers&Accessories,0.47811246430771026,0.33414932680538556,0.4526070797193159,0.010024996342436159,0.9040079168728352,3,Margin Watchlist
B0765B3TH7,"Gizga Essentials Hard Drive Case Shell, 6.35cm/2.5-inch, Portable Storage Organizer Bag for Earphone USB Cable Power Bank Mobile Charger Digital Gadget Hard Disk, Water Resistance Material, Black",Computers&Accessories,0.7339703738356674,0.23208145993123513,0.7494642500231639,0.007075765412500871,0.7459178624443346,3,Margin Watchlist
B0B1F6GQPS,"Boult Audio FXCharge with ENC, 32H Playtime, 5min=7H Type C Fast Charging, Zen ENC, 14.2 mm BoomX Rich Bass, IPX5, Bluetooth Wireless in Ear Earphones Neckband with mic (Black)",Electronics,0.627011738617869,0.039039039039039033,0.5444348620627143,0.05289061541257079,0.7333003463631865,0,Visibility Builders
B07LG59NPV,"Boult Audio Probass Curve Bluetooth Wireless in Ear Earphones with Mic with Ipx5 Water Resistant, 12H Battery Life & Extra Bass (Black)",Electronics,0.8903558123554013,0.04338153503893214,0.7691199335912353,0.07725044739972835,0.752102919346858,1,Trusted Winners
B07RD611Z8,"Ambrane 20000mAh Power Bank with 20W Fast Charging, Triple Output, Power Delivery, Type C Input, Made in India, Multi-Layer Protection, Li-Polymer + Type C Cable (Stylo-20k, Black)",Electronics,0.7586232838210641,0.023390187531084516,0.7069197175173173,0.012798501168749237,0.28401781296387923,1,Trusted Winners
B08WRWPM22,"boAt Micro USB 55 Tangle-free, Sturdy Micro USB Cable with 3A Fast Charging & 480mbps Data Transmission (Black)",Computers&Accessories,0.7426748919781133,0.23823216536500622,0.6920565591179072,0.005770165441368775,0.6593270658090055,3,Margin Watchlist
B00AXHBBXU,"Casio FX-82MS 2nd Gen Non-Programmable Scientific Calculator, 240 Functions and 2-line Display, Black",OfficeProducts,0.7256404963391299,0.08650937689050213,0.7246632467445854,0.0004896823463530114,0.054428500742206835,1,Trusted Winners
B08MCD9JFY,"Tygot 10 Inches Big LED Ring Light for Camera, Phone tiktok YouTube Video Shooting and Makeup, 10"" inch Ring Light with 7 Feet Long Foldable and Lightweight Tripod Stand",Electronics,0.7304224291910898,0.04881101376720901,0.6317767725828899,0.021124685458253946,0.5640771895101435,1,Trusted Winners
B083RCTXLL,"HP X200 Wireless Mouse with 2.4 GHz Wireless connectivity, Adjustable DPI up to 1600, ambidextrous Design, and 18-Month Long Battery Life. 3-Years Warranty (6VY95AA)",Computers&Accessories,0.6956746361283273,0.06329700904242987,0.6635993867371696,0.008685020215892405,0.4468085106382979,1,Trusted Winners
B08HLZ28QC,Oakter Mini UPS for 12V WiFi Router Broadband Modem | Backup Upto 4 Hours | WiFi Router UPS Power Backup During Power Cuts | UPS for 12V Router Broadband Modem | Current Surge & Deep Discharge Protection,Computers&Accessories,0.722651214210012,0.035095035336464596,0.6733949945221118,0.0399014548034134,0.669470559129144,1,Trusted Winners
B07GVR9TG7,"TP-Link Archer AC1200 Archer C6 Wi-Fi Speed Up to 867 Mbps/5 GHz + 400 Mbps/2.4 GHz, 5 Gigabit Ports, 4 External Antennas, MU-MIMO, Dual Band, WiFi Coverage with Access Point Mode, Black",Computers&Accessories,0.8071144127835059,0.018070386049156506,0.8067525052176355,0.04863064342825179,0.5442850074220683,1,Trusted Winners
B0856HY85J,"boAt Rockerz 550 Over Ear Bluetooth Headphones with Upto 20 Hours Playback, 50MM Drivers, Soft Padded Ear Cushions and Physical Noise Isolation, Without Mic (Black)",Electronics,0.8421928808389213,0.023390187531084516,0.7847993598222247,0.06495258630947123,0.6491835724888668,1,Trusted Winners
B07CD2BN46,Xiaomi Mi Wired in Ear Earphones with Mic Basic with Ultra Deep Bass & Aluminum Alloy Sound Chamber (Black),Electronics,0.9017559442425616,0.09808612440191386,0.8403050311135678,0.003694646055212983,0.28401781296387923,1,Trusted Winners
B07PLHTTB4,Zodo 8. 5 inch LCD E-Writer Electronic Writing Pad/Tablet Drawing Board (Paperless Memo Digital Tablet),Computers&Accessories,0.7075928829872337,0.3592105263157895,0.565306471835788,0.006804422252569148,0.6927263730826324,3,Margin Watchlist
B077T3BG5L,Zebronics ZEB-KM2100 Multimedia USB Keyboard Comes with 114 Keys Including 12 Dedicated Multimedia Keys & with Rupee Key,Computers&Accessories,0.8042221579144186,0.11230203167493201,0.6586942089551272,0.0013567785813478255,0.16031667491340923,1,Trusted Winners
B08DDRGWTJ,MI Usb Type-C Cable Smartphone (Black),Computers&Accessories,0.7962211997675294,0.19271431854746032,0.7778565156516809,0.001343280409807624,0.2446808510638298,1,Trusted Winners
B079Y6JZC8,"ZEBRONICS Zeb-Comfort Wired USB Mouse, 3-Button, 1000 DPI Optical Sensor, Plug & Play, for Windows/Mac, Black",Computers&Accessories,0.6187102891759775,0.2805755395683453,0.5375275850991137,0.00238584499896448,0.5076694705591291,3,Margin Watchlist
B0856HNMR7,"boAt Rockerz 370 On Ear Bluetooth Headphones with Upto 12 Hours Playtime, Cozy Padded Earcups and Bluetooth v5.0, with Mic (Buoyant Black)",Electronics,0.8038761372272091,0.034239058864843505,0.7309563704360607,0.025186475236740273,0.5145967342899556,1,Trusted Winners
B0B12K5BPM,"ZEBRONICS Zeb-Astra 20 Wireless BT v5.0 Portable Speaker with 10W RMS Output, TWS, 10H Backup Approx, Built in Rechargeable Battery FM Radio, AUX, mSD, USB, Call Function and Dual 52mm Drivers Multi",Electronics,0.5772980919185716,0.038156640409412475,0.5148948222799571,0.017391820301586314,0.5210291934685799,0,Visibility Builders
B08MTCKDYN,"Gizga Essentials Spiral Cable Protector Cord Saver for Mac Charger, iPhone Charger, Wire Protector, Lightweight Durable Flexible Wire Winder for Charging Cables, Data Cables, Earphones, Pack of 10",Electronics,0.6710269769066498,0.35360459973463065,0.6252795316442744,0.0029110347494780077,0.6086095992083126,3,Margin Watchlist
B08CF3D7QR,Portronics Konnect L POR-1081 Fast Charging 3A Type-C Cable 1.2Meter with Charge & Sync Function for All Type-C Devices (Grey),Computers&Accessories,0.732957586046514,0.2865686944634313,0.7157073225171664,0.0032680258032041403,0.5851063829787235,3,Margin Watchlist
B00LVMTA2A,Panasonic CR-2032/5BE Lithium Coin Battery - Pack of 5,Electronics,0.7857661782264964,0.20070175438596494,0.7852925238709222,0.000473443593945121,0.10885700148441367,1,Trusted Winners
B07TR5HSR9,MemeHo® Smart Standard Multi-Purpose Laptop Table with Dock Stand/Study Table/Bed Table/Foldable and Portable/Ergonomic & Rounded Edges/Non-Slip Legs/Engineered Wood with Cup Holder (Black),Computers&Accessories,0.783845856504539,0.06727374839537868,0.765715674701088,0.015925502551021292,0.5957446808510638,1,Trusted Winners
B0819ZZK5K,"SanDisk Ultra Dual Drive Go USB Type C Pendrive for Mobile (Black, 128 GB, 5Y - SDDDC3-128G-I35)",Computers&Accessories,0.839739338285454,0.039794029709078825,0.8205067753691879,0.03422338875038705,0.6382978723404255,1,Trusted Winners
B096VF5YYF,"boAt Xtend Smartwatch with Alexa Built-in, 1.69” HD Display, Multiple Watch Faces, Stress Monitor, Heart & SpO2 Monitoring, 14 Sports Modes, Sleep Monitor, 5 ATM & 7 Days Battery(Pitch Black)",Electronics,0.8321404567202315,0.014030992787069372,0.7754315820797999,0.10009655049319496,0.6288965858485898,1,Trusted Winners
B08QJJCY2Q,"Tizum Mouse Pad/ Computer Mouse Mat with Anti-Slip Rubber Base | Smooth Mouse Control | Spill-Resistant Surface for Laptop, Notebook, MacBook, Gaming, Laser/ Optical Mouse, 9.4”x 7.9”, Multicolored",Computers&Accessories,0.6596471337111512,0.26720647773279355,0.6575778354808937,0.002066759470620627,0.4680851063829788,3,Margin Watchlist
B07L5L4GTB,Epson 003 65 ml for EcoTank L1110/L3100/L3101/L3110/L3115/L3116/L3150/L3151/L3152/L3156/L5190 Black Ink Bottle,Computers&Accessories,0.6989297886958167,0.14614205416453757,0.6975985969101252,0.0016002655661825408,0.2612568035625928,1,Trusted Winners
B07L8KNP5F,"ZEBRONICS Zeb-Thunder Bluetooth Wireless Over Ear Headphone FM, mSD, 9 hrs Playback with Mic (Black)",Electronics,0.8486689090108007,0.06510851419031718,0.7332081802336388,0.016363009535826197,0.5358733300346363,1,Trusted Winners
B08CF4SCNP,"Quantum QHM-7406 Full-Sized Keyboard with (₹) Rupee Symbol, Hotkeys and 3-pieces LED function for Desktop/Laptop/Smart TV Spill-Resistant Wired USB Keyboard with 10 million keystrokes lifespan (Black)",Computers&Accessories,0.6192655744522457,0.13043478260869565,0.5379889906965997,0.004477474250727805,0.47006432459178626,0,Visibility Builders
B09XX51X2G,"STRIFF Laptop Tabletop Stand, Fold-Up, Adjustable, Ventilated, Portable Holder for Desk, Aluminum Foldable Laptop Ergonomic Compatibility with up to 15.6-inch Laptop, All Mac, Tab, and Mobile (Silver)",Computers&Accessories,0.5901602779060214,0.09143125073262219,0.5379080316597435,0.007822896220010964,0.5442850074220683,0,Visibility Builders
B01M72LILF,"Logitech M221 Wireless Mouse, Silent Buttons, 2.4 GHz with USB Mini Receiver, 1000 DPI Optical Tracking, 18-Month Battery Life, Ambidextrous PC / Mac / Laptop - Charcoal Grey",Computers&Accessories,0.8067346924927499,0.05651801594097886,0.8063710231574721,0.00964378044501105,0.41365660564077195,1,Trusted Winners
B07KSMBL2H,"AmazonBasics Flexible Premium HDMI Cable (Black, 4K@60Hz, 18Gbps), 3-Foot",Electronics,0.9999998193474775,0.20620043258832013,0.9999998192530207,0.01159257467977291,0.7511133102424543,1,Trusted Winners
B00LZLQ624,"Classmate Soft Cover 6 Subject Spiral Binding Notebook, Single Line, 300 Pages",OfficeProducts,0.6989655941228483,0.2941669460274891,0.7130733176077555,5.0537290928821894e-05,0.022266204849084613,3,Margin Watchlist
B07DJLFMPS,HP 32GB Class 10 MicroSD Memory Card (U1 TF Card 32GB),Electronics,0.801641568175533,0.11125374411638853,0.728928292682457,0.023783358717921248,0.7619990103908957,1,Trusted Winners
B09GB5B4BK,"HP 150 Wireless USB Mouse with Ergonomic and ambidextrous Design, 1600 DPI Optical Tracking, 2.4 GHz Wireless connectivity, Dual-Function Scroll Wheel and 12 Month Long Battery Life. 3-Years Warranty.",Computers&Accessories,0.6401174145329112,0.06853527809507073,0.5827714974396151,0.0046282392551026345,0.326571004453241,1,Trusted Winners
B015ZXUDD0,"Duracell Rechargeable AA 1300mAh Batteries, 4Pcs",Electronics,0.7224600685147452,0.09213273266673991,0.7053694818731732,0.002089440451660868,0.2127659574468085,1,Trusted Winners
B085DTN6R2,"Portronics Konnect CL 20W POR-1067 Type-C to 8 Pin USB 1.2M Cable with Power Delivery & 3A Quick Charge Support, Nylon Braided for All Type-C and 8 Pin Devices, Green",Computers&Accessories,0.5958162300906015,0.1231578947368421,0.5673628830357258,0.007883509187933794,0.6338446313706086,0,Visibility Builders
B09PL79D2X,"boAt Airdopes 181 in-Ear True Wireless Earbuds with ENx  Tech, Beast  Mode(Low Latency Upto 60ms) for Gaming, with Mic, ASAP  Charge, 20H Playtime, Bluetooth v5.2, IPX4 & IWP (Cool Grey)",Electronics,0.7178926720339047,0.024405506883604506,0.6210971809412538,0.024084279574086997,0.441860465116279,1,Trusted Winners
B098K3H92Z,"TP-Link USB Bluetooth Adapter for PC, 5.0 Bluetooth Dongle Receiver (UB500) Supports Windows 11/10/8.1/7 for Desktop, Laptop, Mouse, Keyboard, Printers, Headsets, Speakers, PS4/ Xbox Controllers",Computers&Accessories,0.8841746376299353,0.07367542395220103,0.8640074686035559,0.00639284555198524,0.35106382978723405,1,Trusted Winners
B09KLVMZ3B,Portronics Konnect L 1.2M POR-1401 Fast Charging 3A 8 Pin USB Cable with Charge & Sync Function (White),Computers&Accessories,0.653315286330313,0.2646474677259185,0.6087703632865312,0.0037789310342183926,0.6086095992083126,3,Margin Watchlist
B084PJSSQ1,"SanDisk Ultra Dual Drive Luxe USB Type C Flash Drive (Silver, 128 GB, 5Y - SDDDC4-128G-I35)",Computers&Accessories,0.7747514928879385,0.03397350188404036,0.7567892740991848,0.0317615464484206,0.6063829787234042,1,Trusted Winners
B097R25DP7,"Noise ColorFit Pulse Smartwatch with 3.56 cm (1.4"") Full Touch HD Display, SpO2, Heart Rate, Sleep Monitors & 10-Day Battery - Jet Black",Electronics,0.8582340537654377,0.025673940949935813,0.7803133211949906,0.07032659072421917,0.6729341909945572,1,Trusted Winners
B097C564GC,"rts [2 Pack] Mini USB C Type C Adapter Plug, Type C Female to USB A Male Charger Charging Cable Adapter Converter compatible for iPhone, Samsung S20 ultra/S21/S10/S8/S9/MacBook Pro iPad Silver",Computers&Accessories,0.6475754113220265,0.15010741138560688,0.631282647472291,0.07343191975068931,1.0,3,Margin Watchlist
B08CYNJ5KY,HP 682 Black Original Ink Cartridge,Computers&Accessories,0.6499938131763326,0.05205949656750573,0.6196807705346922,0.0005169613409600602,0.04156358238495795,1,Trusted Winners
B00Y4ORQ46,Logitech H111 Wired On Ear Headphones With Mic Black,Electronics,0.7352612761337152,0.055104203461674314,0.6687335728537385,0.0008860262778097868,0.05937654626422563,1,Trusted Winners
B074CWD7MS,"Digitek DTR 550 LW (67 Inch) Tripod For DSLR, Camera |Operating Height: 5.57 Feet | Maximum Load Capacity up to 4.5kg | Portable Lightweight Aluminum Tripod with 360 Degree Ball Head | Carry Bag Included (Black) (DTR 550LW)",Electronics,0.7424103863331664,0.029152933981176313,0.7416085197744517,0.01692661358359334,0.41365660564077195,1,Trusted Winners
B083342NKJ,MI Braided USB Type-C Cable for Charging Adapter (Red),Computers&Accessories,0.7589488217855874,0.12939224852963355,0.7582910478677483,0.000914570944291802,0.14151410192973776,1,Trusted Winners
B09C6HXFC1,"Duracell USB Lightning Apple Certified (Mfi) Braided Sync & Charge Cable For Iphone, Ipad And Ipod. Fast Charging Lightning Cable, 3.9 Feet (1.2M) - Black",Computers&Accessories,0.5171372227935688,0.04761258817145957,0.5177812166730521,0.010332257800670402,0.5121227115289462,0,Visibility Builders
B00A0VCJPI,"TP-Link TL-WA850RE Single_Band 300Mbps RJ45 Wireless Range Extender, Broadband/Wi-Fi Extender, Wi-Fi Booster/Hotspot with 1 Ethernet Port, Plug and Play, Built-in Access Point Mode, White",Computers&Accessories,0.9226517800580757,0.02934326967862133,0.8807140460324178,0.02290392711823664,0.42602671944581894,1,Trusted Winners
B00UGZWM2I,COI Note Pad/Memo Book with Sticky Notes & Clip Holder with Pen for Gifting,OfficeProducts,0.7052035907274475,0.21251993620414672,0.6571337810355037,0.01023165553766975,0.7607619990103909,3,Margin Watchlist
B00R1P3B4O,Fujifilm Instax Mini Single Pack 10 Sheets Instant Film for Fuji Instant Cameras,Electronics,0.6550267761116688,0.08412424503882658,0.6670110870846981,0.0,0.0,1,Trusted Winners
B0B3MWYCHQ,"Fire-Boltt Ring 3 Smart Watch 1.8 Biggest Display with Advanced Bluetooth Calling Chip, Voice Assistance,118 Sports Modes, in Built Calculator & Games, SpO2, Heart Rate Monitoring",Electronics,0.7672227540232035,0.01437321212333936,0.7321651965338766,0.12943580197800847,0.727362691736764,1,Trusted Winners
B09DG9VNWB,"Samsung Galaxy Watch4 Bluetooth(4.4 cm, Black, Compatible with Android only)",Electronics,0.6529261301222214,0.0036776315789473686,0.6366015118087891,0.2832352684931153,0.6382978723404255,2,Revenue Upside
B09Y5MP7C4,"Noise Buds Vs104 Bluetooth Truly Wireless in Ear Earbuds with Mic, 30-Hours of Playtime, Instacharge, 13Mm Driver and Hyper Sync (Charcoal Black)",Electronics,0.72735026782184,0.030813176127385437,0.6453624703947148,0.03856569731162775,0.6078673923800099,1,Trusted Winners
B01DJJVFPC,"Duracell Ultra Alkaline AAA Battery, 8 Pcs",Electronics,0.754952973859427,0.17168851496771667,0.7711839467554896,0.0008369752895434321,0.16699653636813458,1,Trusted Winners
B07DFYJRQV,"JBL C200SI, Premium in Ear Wired Earphones with Mic, Signature Sound, One Button Multi-Function Remote, Angled Earbuds for Comfort fit (Blue)",Electronics,0.8400043389479778,0.05266451485409393,0.7827598778349357,0.014171456034977046,0.4767441860465116,1,Trusted Winners
B08L879JSN,"Acer EK220Q 21.5 Inch (54.61 cm) Full HD (1920x1080) VA Panel LCD Monitor with LED Back Light I 250 Nits I HDMI, VGA Ports I Eye Care Features Like Bluelight Shield, Flickerless & Comfy View (Black)",Computers&Accessories,0.586863137828214,0.006843191484028376,0.5586869706026356,0.10538681978214505,0.5611083621969323,0,Visibility Builders
B08TDJNM3G,"E-COSMOS 5V 1.2W Portable Flexible USB LED Light (Colors May Vary, Small) - Set of 2 Pieces",Computers&Accessories,0.6704980865609352,0.6610169491525424,0.5809100145514849,0.0,0.0,3,Margin Watchlist
B06XSK3XL6,boAt Dual Port Rapid Car Charger (Qualcomm Certified) with Quick Charge 3.0 + Free Micro USB Cable - (Black),Electronics,0.8138519899652337,0.07728822932989216,0.7951429375413502,0.00839506577437819,0.4574468085106383,1,Trusted Winners
B07YNTJ8ZM,"Zebronics ZEB-COUNTY 3W Wireless Bluetooth Portable Speaker With Supporting Carry Handle, USB, SD Card, AUX, FM & Call Function. (Green)",Electronics,0.8544585342922524,0.0729076790336497,0.7575384738119199,0.009266983932520878,0.43419099455714993,1,Trusted Winners
B09KGV7WSV,"KINGONE Upgraded Stylus Pen, iPad Pencil, Ultra High Precision & Sensitivity, Palm Rejection, Prevents False ON/Off Touch, Power Display, Tilt Sensitivity, Magnetic Adsorption for iPad 2018 and Later",Electronics,0.7519459163892757,0.021025049522328927,0.7343857984886157,0.07067830350518371,0.6914893617021277,1,Trusted Winners
B08DPLCM6T,LG 80 cm (32 inches) HD Ready Smart LED TV 32LM563BPTC (Dark Iron Gray),Electronics,0.7243440987674523,0.0032714291287893565,0.7072255220656231,0.14838799146346998,0.41489361702127664,1,Trusted Winners
B07KR5P3YD,Zebronics Wired Keyboard and Mouse Combo with 104 Keys and a USB Mouse with 1200 DPI - JUDWAA 750,Computers&Accessories,0.7529257904047041,0.08934445488721805,0.6678708794963276,0.004554710722720165,0.3473527956457199,1,Trusted Winners
B08FB2LNSZ,"JBL Tune 215BT, 16 Hrs Playtime with Quick Charge, in Ear Bluetooth Wireless Earphones with Mic, 12.5mm Premium Earbuds with Pure Bass, BT 5.0, Dual Pairing, Type C & Voice Assistant Support (Black)",Electronics,0.8779994874041108,0.025332677925634633,0.7385722513938949,0.031740986897918315,0.4576942107867393,1,Trusted Winners
B01IBRHE3E,"Gizga Essentials Professional 3-in-1 Cleaning Kit for Camera, Lens, Binocular, Laptop, TV, Monitor, Smartphone, Tablet (Includes: Cleaning Liquid 100ml, Plush Microfiber Cloth, Dust Removal Brush)",Electronics,0.7793364024746167,0.14416475972540047,0.7437565018491645,0.00375655595777998,0.4156358238495795,1,Trusted Winners
B01N6LU1VF,SanDisk Ultra Dual 64 GB USB 3.0 OTG Pen Drive (Black),Computers&Accessories,0.9371806038053302,0.0762203436051268,0.9158607987532825,0.018543911810165303,0.6276595744680851,1,Trusted Winners
B07XLML2YS,TP-Link Tapo 360° 2MP 1080p Full HD Pan/Tilt Home Security Wi-Fi Smart Camera| Alexa Enabled| 2-Way Audio| Night Vision| Motion Detection| Sound and Light Alarm| Indoor CCTV (Tapo C200) White,Electronics,0.8825321570932957,0.017249004865103938,0.8423955083799219,0.01701591981144095,0.24938149430974765,1,Trusted Winners
B086WMSCN3,"boAt Airdopes 171 in Ear Bluetooth True Wireless Earbuds with Upto 13 Hours Battery, IPX4, Bluetooth v5.0, Dual Tone Finish with Mic (Mysterious Blue)",Electronics,0.8306503129611558,0.03338308239322242,0.7364821694781513,0.09609358029455578,0.7718951014349332,1,Trusted Winners
B003B00484,Duracell Plus AAA Rechargeable Batteries (750 mAh) Pack of 4,Electronics,0.7876171692843629,0.11060546102097348,0.7694162166665457,0.0018982354477027929,0.2127659574468085,1,Trusted Winners
B085194JFL,"tizum HDMI to VGA Adapter Cable 1080P for Projector, Computer, Laptop, TV, Projectors & TV",Electronics,0.7175206713575186,0.1361063950198076,0.6048360931549593,0.003804451067197242,0.4027709054923306,1,Trusted Winners
B09F6S8BT6,Samsung 80 cm (32 Inches) Wondertainment Series HD Ready LED Smart TV UA32T4340BKXXL (Glossy Black),Electronics,0.748114971326212,0.0032714291287893565,0.7306193632063566,0.16966523922384472,0.43617021276595747,2,Revenue Upside
B003L62T7W,"Logitech B100 Wired USB Mouse, 3 yr Warranty, 800 DPI Optical Tracking, Ambidextrous PC/Mac/Laptop - Black",Computers&Accessories,0.7990181324037262,0.15817770232031692,0.7805995797563837,0.0018486843829440417,0.2765957446808511,1,Trusted Winners
B09P18XVW6,"Noise Pulse Buzz 1.69"" Bluetooth Calling Smart Watch with Call Function, 150 Watch Faces, 60 Sports Modes, Spo2 & Heart Rate Monitoring, Calling Smart Watch for Men & Women - Jet Black",Electronics,0.6889758489655022,0.016016933089025083,0.6116917851106676,0.04151250220667985,0.48243443839683325,1,Trusted Winners
B00LZLPYHW,"Classmate 2100117 Soft Cover 6 Subject Spiral Binding Notebook, Single Line, 300 Pages",OfficeProducts,0.6776506015849196,0.3296196696119862,0.6759565930888686,0.0003756371774862549,0.15239980207817916,3,Margin Watchlist
B09NHVCHS9,Flix Micro Usb Cable For Smartphone (Black),Computers&Accessories,0.7054754936649195,0.695807314897413,0.641769403520795,0.0023803722144452627,0.6927263730826323,3,Margin Watchlist
B00NNQMYNE,"AirCase Rugged Hard Drive Case for 2.5-inch Western Digital, Seagate, Toshiba, Portable Storage Shell for Gadget Hard Disk USB Cable Power Bank Mobile Charger Earphone, Waterproof (Black)",Computers&Accessories,0.7676977878848659,0.15446224256292906,0.7843494271931657,0.0037004555281855115,0.4453240969816923,1,Trusted Winners
B0B217Z5VK,"Noise Buds VS402 Truly Wireless in Ear Earbuds, 35-Hours of Playtime, Instacharge, Quad Mic with ENC, Hyper Sync, Low Latency, 10mm Driver, Bluetooth v5.3 and Breathing LED Lights (Neon Black)",Electronics,0.6298477789147663,0.02224920277347064,0.5601643422863501,0.03339590272891427,0.5306778822365166,1,Trusted Winners
B07B88KQZ8,"JBL Go 2, Wireless Portable Bluetooth Speaker with Mic, JBL Signature Sound, Vibrant Color Options with IPX7 Waterproof & AUX (Blue)",Electronics,0.8534916946601612,0.022076827887628023,0.8339740359664346,0.020569995834345663,0.35106382978723405,1,Trusted Winners
B01M4GGIVU,Tizum High Speed HDMI Cable with Ethernet | Supports 3D 4K | for All HDMI Devices Laptop Computer Gaming Console TV Set Top Box (1.5 Meter/ 5 Feet),Electronics,0.7254756668332613,0.21660936260248614,0.6921837404251814,0.008742341336210248,0.748144482929243,3,Margin Watchlist
B07Z3K96FR,Robustrion Tempered Glass Screen Protector for iPad 10.2 inch 9th Gen Generation 2021 8th Gen 2020 7th Gen 2019,Computers&Accessories,0.6674888913592248,0.10546102097348634,0.621981723599344,0.017695858296802907,0.7404750123701138,1,Trusted Winners
B0756CLQWL,"Redgear Pro Wireless Gamepad with 2.4GHz Wireless Technology, Integrated Dual Intensity Motor, Illuminated Keys for PC(Compatible with Windows 7/8/8.1/10 only)",Computers&Accessories,0.7826001133370166,0.025370961246553702,0.7468788552462532,0.043381308448156214,0.6026719445818902,1,Trusted Winners
B004IO5BMQ,"Logitech M235 Wireless Mouse, 1000 DPI Optical Tracking, 12 Month Life Battery, Compatible with Windows, Mac, Chromebook/PC/Laptop",Computers&Accessories,0.8410851084082535,0.06607183194036594,0.8598826414817934,0.006000211503194927,0.33399307273626916,1,Trusted Winners
B09Z6WH2N1,"STRIFF 12 Pieces Highly Flexible Silicone Micro USB Protector, Mouse Cable Protector, Suit for All Cell Phones, Computers and Chargers (White)",Electronics,0.5843339328875887,0.45373961218836567,0.5562343671792854,0.005689542900989554,0.8416625432953985,3,Margin Watchlist
B01HGCLUH6,TP-link N300 WiFi Wireless Router TL-WR845N | 300Mbps Wi-Fi Speed | Three 5dBi high gain Antennas | IPv6 Compatible | AP/RE/WISP Mode | Parental Control | Guest Network,Computers&Accessories,0.9036765308902767,0.03751545966744538,0.8625918671829405,0.01197872507227589,0.3325086590796636,1,Trusted Winners
B01N4EV2TL,"Logitech MK240 Nano Wireless USB Keyboard and Mouse Set, 12 Function Keys 2.4GHz Wireless, 1000DPI, Spill-Resistant Design, PC/Mac, Black/Chartreuse Yellow",Computers&Accessories,0.685538778793658,0.02951945080091533,0.6689276432479436,0.00826108204232897,0.26595744680851063,1,Trusted Winners
B08MZQBFLN,"Callas Multipurpose Foldable Laptop Table with Cup Holder | Drawer | Mac Holder | Table Holder Study Table, Breakfast Table, Foldable and Portable/Ergonomic & Rounded Edges/Non-Slip Legs (WA-27-Black)",Computers&Accessories,0.7656404659280321,0.04835410079970243,0.6962677932941768,0.07657868069146319,0.8213755566551212,1,Trusted Winners
B0752LL57V,Casio MJ-12D 150 Steps Check and Correct Desktop Calculator,OfficeProducts,0.6988939666402338,0.10496411483253588,0.7129986132468178,0.0,0.0,1,Trusted Winners
B08K4PSZ3V,"Tukzer Capacitive Stylus Pen for Touch Screens Devices, Fine Point, Lightweight Metal Body with Magnetism Cover Cap for Smartphones/Tablets/iPad/iPad Pro/iPhone (Grey)",Electronics,0.7493263012709153,0.11174785100286531,0.647922893288925,0.011738679292245133,0.6110836219693221,1,Trusted Winners
B09Z28BQZT,"Amazon Basics Multipurpose Foldable Laptop Table with Cup Holder, Brown",Computers&Accessories,0.5393272456827506,0.06682189614269396,0.48256518703472084,0.04419429211313667,0.8201385452746166,0,Visibility Builders
B094DQWV9B,"Kanget [2 Pack] Type C Female to USB A Male Charger | Charging Cable Adapter Converter compatible for iPhone 14, 13, 12,11 Pro Max/Mini/XR/XS/X/SE, Samsung S20 ultra/S21/S10/S8/S9/MacBook Pro iPad (Grey)",Computers&Accessories,0.5661767954411704,0.2755210173083716,0.516462798305816,0.0034113554931443396,0.6234537357743691,3,Margin Watchlist
B0BBMPH39N,"Amazon Basics Magic Slate 8.5-inch LCD Writing Tablet with Stylus Pen, for Drawing, Playing, Noting by Kids & Adults, Black",Computers&Accessories,0.4625293747584516,0.14560189400837734,0.4308727962803254,0.007914665642107794,0.7201880257298366,0,Visibility Builders
B097JQ1J5G,"Zebronics ZEB-90HB USB Hub, 4 Ports, Pocket Sized, Plug & Play, for Laptop & Computers",Computers&Accessories,0.705541265435946,0.19494266392237578,0.5481113195876436,0.005441358028635094,0.5383473527956458,3,Margin Watchlist
B07YY1BY5B,"Noise ColorFit Pro 2 Full Touch Control Smart Watch with 35g Weight & Upgraded LCD Display,IP68 Waterproof,Heart Rate Monitor,Sleep & Step Tracker,Call & Message Alerts & Long Battery Life (Jet Black)",Electronics,0.8820968549497965,0.027386678838523925,0.8019907359013879,0.07440792992907826,0.6927263730826323,1,Trusted Winners
B08VRMK55F,"Zebronics Zeb Buds C2 in Ear Type C Wired Earphones with Mic, Braided 1.2 Metre Cable, Metallic Design, 10mm Drivers, in Line Mic & Volume Controller (Blue)",Electronics,0.6284539558439408,0.08745548080728137,0.49235865340527385,0.004543908980485827,0.3617021276595745,0,Visibility Builders
B08CHZ3ZQ7,"Redgear A-15 Wired Gaming Mouse with Upto 6400 DPI, RGB & Driver Customization for PC(Black)",Computers&Accessories,0.745667904090004,0.07367542395220103,0.7282129974123359,0.0035942671210278158,0.26595744680851063,1,Trusted Winners
B08SCCG9D4,"JBL Commercial CSLM20B Auxiliary Omnidirectional Lavalier Microphone with Battery for Content Creation, Voiceover/Dubbing, Recording (Black,Small)",Computers&Accessories,0.741549577273924,0.042177361211247294,0.6578533666976714,0.018783555918910892,0.5113805047006433,1,Trusted Winners
B0972BQ2RS,"Fire-Boltt India's No 1 Smartwatch Brand Ring Bluetooth Calling with SpO2 & 1.7” Metal Body with Blood Oxygen Monitoring, Continuous Heart Rate, Full Touch & Multiple Watch Faces",Electronics,0.8213791838325963,0.01683831427307765,0.7654031834115818,0.14847039369769918,0.7607619990103909,2,Revenue Upside
B00ZRBWPA0,Eveready Red 1012 AAA Batteries - Pack of 10,Electronics,0.5320464680554654,0.2775571002979146,0.5150122285310154,0.00026927979229449426,0.12765957446808512,3,Margin Watchlist
B0B2DD66GS,"SanDisk Extreme microSD UHS I Card 128GB for 4K Video on Smartphones,Action Cams 190MB/s Read,90MB/s Write",Electronics,0.7624340322341802,0.03475109896637757,0.778914169826174,0.028867778398124332,0.6011875309252845,1,Trusted Winners
B09M869Z5V,Portronics MPORT 31C 4-in-1 USB Hub (Type C to 4 USB-A Ports) with Fast Data Transfer,Computers&Accessories,0.6225881708662279,0.07562326869806095,0.5932525936501164,0.006437141583475832,0.4468085106382979,1,Trusted Winners
B07W6VWZ8C,"Infinity (JBL Fuze Pint, Wireless Ultra Portable Mini Speaker with Mic, Deep Bass, Dual Equalizer, Bluetooth 5.0 with Voice Assistant Support for Mobiles (Black)",Electronics,0.7963681648495464,0.04680639306832152,0.7420952501704041,0.021112588358685333,0.5578921326076199,1,Trusted Winners
B07Z1X6VFC,"AirCase Protective Laptop Bag Sleeve fits Upto 13.3"" Laptop/ MacBook, Wrinkle Free, Padded, Waterproof Light Neoprene case Cover Pouch, for Men & Women, Black- 6 Months Warranty",Computers&Accessories,0.7099724812614813,0.10057437580588444,0.7087999472112122,0.009411072293240117,0.5987135081642753,1,Trusted Winners
B07YL54NVJ,"Brand Conquer 6 in 1 with OTG, SD Card Reader, USB Type C, USB 3.0 and Micro USB, for Memory Card | Portable Card Reader | Compatible with TF, SD, Micro SD, SDHC, SDXC, MMC, RS-MMC, Micro SDXC",Computers&Accessories,0.6908576235970163,0.08038538970376762,0.6741864265859149,0.007492659082439873,0.4787234042553192,1,Trusted Winners
B0759QMF85,"TP-Link AC750 Dual Band Wireless Cable Router, 4 10/100 LAN + 10/100 WAN Ports, Support Guest Network and Parental Control, 750Mbps Speed Wi-Fi, 3 Antennas (Archer C20) Blue, 2.4 GHz",Computers&Accessories,0.8587521956446952,0.02886303397473409,0.8391244033009614,0.018006197836449623,0.3829787234042553,1,Trusted Winners
B00LM4X0KU,"Parker Quink Ink Bottle, Blue",OfficeProducts,0.619991486463874,0.44131578947368416,0.6037829323460551,0.0,0.0,3,Margin Watchlist
B08PFSZ7FH,STRIFF Laptop Stand Adjustable Laptop Computer Stand Multi-Angle Stand Phone Stand Portable Foldable Laptop Riser Notebook Holder Stand Compatible for 9 to 15.6” Laptops Black(Black),Computers&Accessories,0.5250368854151437,0.14416475972540047,0.4985160182488939,0.015184691234987516,0.831271647699159,0,Visibility Builders
B012MQS060,"Logitech MK215 Wireless Keyboard and Mouse Combo for Windows, 2.4 GHz Wireless, Compact Design, 2-Year Battery Life(Keyboard),5 Month Battery Life(Mouse) PC/Laptop- Black",Computers&Accessories,0.7834517977926424,0.032493395651290384,0.730058246840437,0.009440982447651174,0.28401781296387923,1,Trusted Winners
B01MF8MB65,boAt Bassheads 225 in Ear Wired Earphones with Mic(Blue),Electronics,0.9655554520708935,0.0601987802123334,0.8997577480212461,0.006981253040137558,0.3043047996041563,1,Trusted Winners
B00LHZWD0C,"Luxor 5 Subject Single Ruled Notebook - A4, 70 GSM, 300 pages",OfficeProducts,0.6355107453839259,0.1832706766917293,0.6463701555052562,0.0009649356501323262,0.22266204849084614,1,Trusted Winners
B08QDPB1SL,Duracell Chhota Power AA Battery Set of 10 Pcs,Electronics,0.6140641543759346,0.23767313019390582,0.610691440901877,0.00044398664368597394,0.15239980207817916,3,Margin Watchlist
B07BRKK9JQ,"Zebronics Zeb-Transformer Gaming Keyboard and Mouse Combo (USB, Braided Cable)",Computers&Accessories,0.7876795271489119,0.03397350188404036,0.7694773990911966,0.005695157209012067,0.20212765957446807,1,Trusted Winners
B01EZ0X3L8,"SanDisk Ultra 64 GB USB Pen Drives (SDDDC2-064G-I35, Black, Silver)",Computers&Accessories,0.8730639510075565,0.060537145332466964,0.8531338611894357,0.01937941179021853,0.5957446808510638,1,Trusted Winners
B00LM4W1N2,Parker Classic Gold Gold Trim Ball Pen,OfficeProducts,0.6673406994984685,0.09194078947368421,0.6509079691160895,0.0019300286802540435,0.2127659574468085,1,Trusted Winners
B0949SBKMP,"boAt Flash Edition Smart Watch with Activity Tracker, Multiple Sports Modes, 1.3"" Screen, 170+ Watch Faces, Sleep Monitor, Gesture, Camera & Music Control, IP68 & 7 Days Battery Life(Lightning Black)",Electronics,0.7867015302358794,0.02281969515227758,0.7153712076981775,0.09842284809548327,0.7323107372587828,1,Trusted Winners
B08YD264ZS,"Tarkan Portable Folding Laptop Desk for Bed, Lapdesk with Handle, Drawer, Cup & Mobile/Tablet Holder for Study, Eating, Work (Black)",Computers&Accessories,0.5733416431665832,0.04417575470207049,0.5569179008078071,0.020727152856987275,0.6382978723404255,0,Visibility Builders
B094JNXNPV,"Ambrane Unbreakable 3 in 1 Fast Charging Braided Multipurpose Cable for Speaker with 2.1 A Speed - 1.25 meter, Black",Computers&Accessories,0.6113257113009496,0.13729977116704806,0.5568854568963103,0.0014733555597041825,0.24740227610094015,1,Trusted Winners
B00GZLB57U,"Quantum RJ45 Ethernet Patch Cable/LAN Router Cable with Heavy Duty Gold Plated Connectors Supports Hi-Speed Gigabit Upto 1000Mbps, Waterproof and Durable,1-Year Warranty-32.8 Feet (10 Meters)(White)",Computers&Accessories,0.696732042988079,0.1897390535161433,0.6953670018593311,0.0077410810423126685,0.7184562097971302,3,Margin Watchlist
B07V82W5CN,"HP USB Wireless Spill Resistance Keyboard and Mouse Set with 10m Working Range 2.4G Wireless Technology / 3 Years Warranty (4SC12PA), Black",Computers&Accessories,0.6841632712517118,0.03043189887245913,0.6225016480371782,0.013999172028063861,0.3859475507174666,1,Trusted Winners
B077Z65HSD,"boAt A400 USB Type-C to USB-A 2.0 Male Data Cable, 2 Meter (Black)",Computers&Accessories,0.7671081612801213,0.14759725400457666,0.7492839309446907,0.01294164693871489,0.7446808510638298,1,Trusted Winners
B08HD7JQHX,"HUMBLE Dynamic Lapel Collar Mic Voice Recording Filter Microphone for Singing Youtube SmartPhones, Black",Computers&Accessories,0.6123778043932117,0.17019307061623906,0.468377735525328,0.004427673625024468,0.4898565066798614,0,Visibility Builders
B0B31FR4Y2,"Boult Audio Omega with 30dB ANC+ ENC, 32H Playtime, 45ms Latency Gaming Mode, Quad Mic Zen ENC, 3 Equalizer Modes, ANC, Type-C Fast Charging, IPX5 True Wireless in Ear Bluetooth Earbuds (Black)",Electronics,0.5857837861260656,0.01899634027540086,0.4985142455193631,0.1129437590624779,0.7323107372587829,0,Visibility Builders
B09Y14JLP3,"STRIFF UPH2W Multi Angle Tablet/Mobile Stand. Holder for iPhone, Android, Samsung, OnePlus, Xiaomi. Portable,Foldable Stand.Perfect for Bed,Office, Home,Gift and Desktop (White)",Electronics,0.6020033398951827,0.42503987240829344,0.5609370423833466,0.005803550882278598,0.8114794656110836,3,Margin Watchlist
B09ZHCJDP1,"Amazon Basics Wireless Mouse | 2.4 GHz Connection, 1600 DPI | Type - C Adapter | Upto 12 Months of Battery Life | Ambidextrous Design | Suitable for PC/Mac/Laptop",Computers&Accessories,0.24513549501869936,0.10283725345427697,0.23248121059115723,0.002959912214271437,0.6185056902523504,0,Visibility Builders
B08C4Z69LN,Crucial RAM 8GB DDR4 3200MHz CL22 (or 2933MHz or 2666MHz) Laptop Memory CT8G4SFRA32A,Computers&Accessories,0.7847075306560062,0.025772438909774438,0.8018939765859318,0.03230208764783237,0.545522018802573,1,Trusted Winners
B016XVRKZM,"APC Back-UPS BX600C-IN 600VA / 360W, 230V, UPS System, an Ideal Power Backup & Protection for Home Office, Desktop PC & Home Electronics",Computers&Accessories,0.7456337038120987,0.012132863228091447,0.6614487470238205,0.014394379586977948,0.1929737753587333,1,Trusted Winners
B00LHZW3XY,"Luxor 5 Subject Single Ruled Notebook - A5 Size, 70 GSM, 300 Pages",OfficeProducts,0.6937359038767861,0.36126315789473684,0.6923234380860747,0.0009195847608347187,0.33745670460168237,3,Margin Watchlist
B098JYT4SY,"Zebronics Zeb-Jaguar Wireless Mouse, 2.4GHz with USB Nano Receiver, High Precision Optical Tracking, 4 Buttons, Plug & Play, Ambidextrous, for PC/Mac/Laptop (Black+Grey)",Computers&Accessories,0.6125151754710126,0.10546102097348634,0.5707369521909633,0.011676918284280254,0.669470559129144,0,Visibility Builders
B08CFCK6CW,"Boult Audio Truebuds with 30H Playtime, IPX7 Waterproof, Lightning Boult™ Type C Fast Charging (10 Min=100Mins), BoomX™ Tech Rich Bass, Pro+ Calling HD Mic, Touch Controls in Ear Earbuds TWS (Grey)",Electronics,0.7838666974533711,0.03081515297835916,0.6422168393466221,0.12846535784098617,0.7570509648688768,1,Trusted Winners
B09P564ZTJ,"Wembley LCD Writing Pad/Tab | Writing, Drawing, Reusable, Portable Pad with Colorful Letters | 9 Inch Graphic Tablet (Assorted)",Computers&Accessories,0.5451952467409071,0.16595744680851063,0.47732599471149995,0.017922613341709623,0.7991093518060366,0,Visibility Builders
B07MSLTW8Z,"Gizga Essentials Multi-Purpose Portable & Foldable Wooden Desk for Bed Tray, Laptop Table, Study Table (Black)",Computers&Accessories,0.6762817836904966,0.06729939603106126,0.5562038132667396,0.02363363892416061,0.6501731815932708,1,Trusted Winners
B09N6TTHT6,"E-COSMOS Plug in LED Night Light Mini USB LED Light Flexible USB LED Ambient Light Mini USB LED Light, LED Portable car Bulb, Indoor, Outdoor, Reading, Sleep (4 pcs)",Computers&Accessories,0.4233828432292222,0.48432879952690716,0.3990875878384493,0.00010203946184884926,0.10390895596239487,3,Margin Watchlist
B09W5XR9RT,"Duracell USB C To Lightning Apple Certified (Mfi) Braided Sync & Charge Cable For Iphone, Ipad And Ipod. Fast Charging Lightning Cable, 3.9 Feet (1.2M) - Black",Computers&Accessories,0.4026660898988674,0.04655453065653826,0.38668684492108524,0.0099860867998362,0.5551707075705097,0,Visibility Builders
B098R25TGC,Noise Buds VS201 V2 in-Ear Truly Wireless Earbuds with Dual Equalizer | with Mic | Total 14-Hour Playtime | Full Touch Control | IPX5 Water Resistance and Bluetooth v5.1 (Olive Green),Electronics,0.7397775057188704,0.030023094688221705,0.6397624154930117,0.03030993098177262,0.5358733300346363,1,Trusted Winners
B0B2PQL5N3,"Lapster Gel Mouse pad with Wrist Rest , Gaming Mouse Pad with Lycra Cloth Nonslip for Laptop , Computer, , Home & Office (Black)",Computers&Accessories,0.5655737916681226,0.18741418764302062,0.5380185148515267,0.010482153628650662,0.8000989609104405,0,Visibility Builders
B07DKZCZ89,"Gizga Essentials Earphone Carrying Case, Multi-Purpose Pocket Storage Travel Organizer for Earphones, Headset, Pen Drives, SD Cards, Shock-Proof Ballistic Nylon, Soft Fabric, Mesh Pocket, Green",Electronics,0.7418735074841839,0.3708536045997346,0.7244809059387756,0.0067943570166341125,0.8085106382978723,3,Margin Watchlist
B08GYG6T12,"SanDisk Ultra SDHC UHS-I Card 32GB 120MB/s R for DSLR Cameras, for Full HD Recording, 10Y Warranty",Electronics,0.8600668944997112,0.10057437580588444,0.859889276584018,0.007275691098436364,0.47897080653142016,1,Trusted Winners
B09BN2NPBD,"DIGITEK® (DRL-14C) Professional (31cm) Dual Temperature LED Ring Light with Tripod Stand & Mini Tripod for YouTube, Photo-Shoot, Video Shoot, Live Stream, Makeup, Vlogging & More",Electronics,0.7384051137697909,0.024766890740683372,0.6880772760036806,0.0319621461063569,0.5173181593270658,1,Trusted Winners
B00J4YG0PC,"Classmate Long Notebook - 140 Pages, Single Line, 297mm x 210mm (Pack of 12)",OfficeProducts,0.6221291114200436,0.0804953560371517,0.619029032973783,0.002384034591494796,0.23948540326571008,1,Trusted Winners
B073BRXPZX,"Lenovo 300 Wired Plug & Play USB Mouse, High Resolution 1600 DPI Optical Sensor, 3-Button Design with clickable Scroll Wheel, Ambidextrous, Ergonomic Mouse for Comfortable All-Day Grip (GX30M39704)",Computers&Accessories,0.783795219315697,0.15625569113094154,0.7833098304787068,0.0056859627500180825,0.5551707075705097,1,Trusted Winners
B08LHTJTBB,"Dyazo 6 Angles Adjustable Aluminum Ergonomic Foldable Portable Tabletop Laptop/Desktop Riser Stand Holder Compatible for MacBook, HP, Dell, Lenovo & All Other Notebook (Silver)",Computers&Accessories,0.6527959738545985,0.0753888059045778,0.6505651299156674,0.022026242042693538,0.7619990103908957,1,Trusted Winners
B07VTFN6HM,"Western Digital WD 2TB My Passport Portable Hard Disk Drive, USB 3.0 with  Automatic Backup, 256 Bit AES Hardware Encryption,Password Protection,Compatible with Windows and Mac, External HDD-Black",Computers&Accessories,0.8637676397505379,0.00806535001551029,0.8635992128842193,0.036451716175496855,0.2612568035625928,1,Trusted Winners
B008QS9J6Y,"Logitech C270 Digital HD Webcam with Widescreen HD Video Calling, HD Light Correction, Noise-Reducing Mic, for Skype, FaceTime, Hangouts, WebEx, PC/Mac/Laptop/MacBook/Tablet - (Black, HD 720p/30fps)",Computers&Accessories,0.7654176938345637,0.022176672837873578,0.747623564193544,0.011160631694123556,0.2446808510638298,1,Trusted Winners
B09M8888DM,Portronics MPORT 31 4 Ports USB Hub (USB A to 4 USB-A Ports 4 in 1 Connector USB HUB(Grey),Computers&Accessories,0.5909992922391267,0.0884400379706782,0.5747146454485741,0.004273100624945374,0.40425531914893614,1,Trusted Winners
B07Z1YVP72,"AirCase Protective Laptop Bag Sleeve fits Upto 15.6"" Laptop/ MacBook, Wrinkle Free, Padded, Waterproof Light Neoprene case Cover Pouch, for Men & Women, Black- 6 Months Warranty",Computers&Accessories,0.7200673504205913,0.09828859453756886,0.7030118717181465,0.009544885287341499,0.5851063829787235,1,Trusted Winners
B082FTPRSK,Zinq Five Fan Cooling Pad and Laptop Stand with Dual Height Adjustment and Dual USB Port Extension (Black),Computers&Accessories,0.7882947273177143,0.0431484115694642,0.7523262354672743,0.018998684297236803,0.5195447798119743,1,Trusted Winners
B09RF2QXGX,"Gizga Essentials Webcam Cover, Privacy Protector Webcam Cover Slide, Compatible with Laptop, Desktop, PC, Smartphone, Protect Your Privacy and Security, Strong Adhesive, Set of 3, Black",Computers&Accessories,0.42772082865260974,0.6395881006864989,0.40822733670624417,0.002370954064696043,0.8191489361702128,3,Margin Watchlist
B01KK0HU3Y,HP Z3700 Wireless Optical Mouse with USB Receiver and 2.4GHz Wireless Connection/ 1200DPI / 16 Months Long Battery Life /Ambidextrous and Slim Design (Modern Gold),Computers&Accessories,0.7752590640363056,0.04794801241145132,0.7398553982904124,0.011210707134612655,0.4156358238495795,1,Trusted Winners
B07JF9B592,MAONO AU-400 Lavalier Auxiliary Omnidirectional Microphone (Black),MusicalInstruments,0.7647340470744001,0.0815899581589958,0.6611084181646291,0.004073217529482271,0.3008411677387432,1,Trusted Winners
B086394NY5,TABLE MAGIC Multipurpose Laptop Table Mat Finish Top Work at Home Study Table (TM Regular- Black) (Alloy Steel),Computers&Accessories,0.7183046866433525,0.03154508859711824,0.7012747503320881,0.018887233741576605,0.46808510638297873,1,Trusted Winners
B00NH11PEY,"AmazonBasics USB 2.0 - A-Male to A-Female Extension Cable for Personal Computer, Printer (Black, 9.8 Feet/3 Meters)",Computers&Accessories,0.865822467524039,0.23208145993123513,0.885272158135105,0.011497816005223644,0.8127164769915884,3,Margin Watchlist
B017PDR9N0,"GIZGA Essentials Portable Tabletop Tablet Stand Mobile Holder, Desktop Stand, Cradle, Dock for iPad, Smartphone, Kindle, E-Reader, Fully Foldable, Adjustable Angle, Anti-Slip Pads, Black",Computers&Accessories,0.7829593885794323,0.28240904274108086,0.7295993591038397,0.006604534070813353,0.7100445324096981,3,Margin Watchlist
B07NC12T2R,"boAt Stone 650 10W Bluetooth Speaker with Upto 7 Hours Playback, IPX5 and Integrated Controls (Blue)",Electronics,0.8196896421341525,0.02396067990989146,0.7823464669253007,0.06303926716709804,0.6650173181593272,1,Trusted Winners
B07WKBD37W,"ESnipe Mart Worldwide Travel Adapter with Build in Dual USB Charger Ports with 125V 6A, 250V Protected Electrical Plug for Laptops, Cameras (White)",HomeImprovement,0.6059880952208412,0.09659442724458203,0.5520952276396072,0.008383220497545852,0.5640771895101435,0,Visibility Builders
B08JMC1988,"boAt Stone 180 5W Bluetooth Speaker with Upto 10 Hours Playback, 1.75"" Driver, IPX7 & TWS Feature(Black)",Electronics,0.7571768907652763,0.04212106843685791,0.7055717576378412,0.02720883196549824,0.6086095992083126,1,Trusted Winners
B09GFN8WZL,"Portronics Ruffpad 8.5M Multicolor LCD Writing Pad with Screen 21.5cm (8.5-inch) for Drawing, Playing, Handwriting Gifts for Kids & Adults, India's first notepad to save and share your child's first creatives via Ruffpad app on your Smartphone(Black)",Computers&Accessories,0.5772980919185716,0.11131996658312447,0.5379033520018295,0.00864025632582808,0.6288965858485898,0,Visibility Builders
B095X38CJS,"BRUSTRO Copytinta Coloured Craft Paper A4 Size 80 GSM Mixed Bright Colour 40 Sheets Pack (10 cols X 4 Sheets) Double Side Color for Office Printing, Art and Craft.",OfficeProducts,0.45999377371186473,0.4457735247208931,0.44122415810239957,0.0,0.0,3,Margin Watchlist
B07ZKD8T1Q,Cuzor 12V Mini ups for WiFi Router | Power Backup up to 4 Hours | Replaceable Battery | Ups for Wi-Fi Router and Modem | Ups for Router up to 2A | ups for uninterrupted wi-fi,Computers&Accessories,0.6993049192721139,0.030810013693339418,0.7134272041680669,0.025280912573072724,0.5566551212271154,1,Trusted Winners
B07G3YNLJB,Crucial BX500 240GB 3D NAND SATA 6.35 cm (2.5-inch) SSD (CT240BX500SSD1),Computers&Accessories,0.8823770924788871,0.0254458460200087,0.9022504579890449,0.027327018881108337,0.4564571994062345,1,Trusted Winners
B00P93X2H6,"Classmate Pulse Spiral Notebook - 240 mm x 180 mm, Soft Cover, 200 Pages, Unruled",OfficeProducts,0.5512579803609504,0.6280439905734485,0.5136225120985157,0.00010628690993122884,0.111578426521524,3,Margin Watchlist
B0798PJPCL,Portronics My buddy plus Adjustable Laptop cooling Table (Brown),Computers&Accessories,0.753130036243058,0.023362402830793234,0.7355497885611075,0.014702456113144847,0.3191489361702127,1,Trusted Winners
B09GFWJDY1,"ZEBRONICS Zeb-Evolve Wireless in Ear Neckband Earphone with Supporting Bluetooth v5.0, Voice Assistant, Rapid Charge, Call Function & Magnetic Earpiece, with mic (Metallic Blue)",Electronics,0.7037454406919992,0.07404282248707943,0.5779231460719797,0.01696096268310867,0.5967342899554677,1,Trusted Winners
B09MZ6WZ6V,"INOVERA World Map Extended Anti Slip Rubber Gaming Stitched Mouse Pad Desk Mat for Computer Laptop (Black, 900L x 400B x 2H mm)",Computers&Accessories,0.5351765238614118,0.09049678303976375,0.5279898774190779,0.0064491423497988285,0.5442850074220683,0,Visibility Builders
B094QZLJQ6,"Seagate One Touch 2TB External HDD with Password Protection – Black, for Windows and Mac, with 3 yr Data Recovery Services, and 4 Months Adobe CC Photography (STKY2000400)",Computers&Accessories,0.8349925843128924,0.007964168050752852,0.8536253141468594,0.044273127664472826,0.3117268678871846,1,Trusted Winners
B07L3NDN24,"ZEBRONICS Zeb-Fame 5watts 2.0 Multi Media Speakers with AUX, USB and Volume Control (Black)",Electronics,0.6800320025558533,0.08021305769433604,0.6038663441442703,0.004916833595679712,0.36665017318159326,1,Trusted Winners
B08WD18LJZ,"TVARA LCD Writing Tablet 8.5 Inch E-Note Pad LCD Writing Tablet, Kids Drawing Pad 8.5 Inch Doodle Board, Toddler Boy and Girl Learning Gift for 3 4 5 6 Years Old, Black",Computers&Accessories,0.5474611960000599,0.16487000634115406,0.49977275293296797,0.00463121947368281,0.5838693715982187,0,Visibility Builders
B09CMM3VGK,"Ambrane 60W / 3A Type C Fast Charging Unbreakable 1.5m L Shaped Braided Cable, PD Technology, 480Mbps Data Transfer for Smartphones, Tablet, Laptops & other type c devices (ABLC10, Black)",Computers&Accessories,0.5836984290678375,0.22934431049691267,0.5321237470031325,0.004501667427414732,0.6333498268184068,3,Margin Watchlist
B06XDKWLJH,"Western Digital WD 1.5TB Elements Portable Hard Disk Drive, USB 3.0, Compatible with PC, PS4 and Xbox, External HDD (WDBU6Y0015BBK-WESN)",Computers&Accessories,0.7811275357074137,0.01015012244028818,0.7806258456563074,0.024191343019640855,0.23948540326571008,1,Trusted Winners
B01J1CFO5I,Redgear MP35 Speed-Type Gaming Mousepad (Black/Red),Computers&Accessories,0.8035308643149769,0.15789473684210525,0.8394065395003697,0.004860838465587459,0.5235032162295894,1,Trusted Winners
B07J2NGB69,"Lenovo 400 Wireless Mouse, 1200DPI Optical Sensor, 2.4GHz Wireless Nano USB, 3-Button (Left,Right,Scroll) Upto 8M Left/Right & 100K Scroll clicks & 1yr Battery, Ambidextrous, Ergonomic GY50R91293",Computers&Accessories,0.6748148326606777,0.07179315538448665,0.6730661607402972,0.012376680534728943,0.5987135081642753,1,Trusted Winners
B00MUTWLW4,"Logitech K480 Wireless Multi-Device Keyboard for Windows, macOS, iPadOS, Android or Chrome OS, Bluetooth, Compact, Compatible with PC, Mac, Laptop, Smartphone, Tablet - Black",Computers&Accessories,0.773385957409411,0.017401886218436264,0.7728341104857234,0.013047557715264209,0.2285997031172687,1,Trusted Winners
B08QSC1XY8,"Zoul USB C 60W Fast Charging 3A 6ft/2M Long Type C Nylon Braided Data Cable Quick Charger Cable QC 3.0 for Samsung Galaxy M31S M30 S10 S9 S20 Plus, Note 10 9 8, A20e A40 A50 A70 (2M, Grey)",Computers&Accessories,0.5308688293060124,0.11344878906778515,0.5138116040001731,0.009084070143584994,0.6914893617021277,0,Visibility Builders
B017NC2IPM,"RESONATE RouterUPS CRU12V2A | Zero Drop | UPS for WiFi Router | Mini UPS | Up to 4 Hours PowerBackup | Battery Replacement Program | Router UPS Compatible with 12V <2A Routers, FTTH, Modem, Set Top Box, Alexa, Mini Camera",Computers&Accessories,0.7652056523172651,0.024531172288698395,0.7474152872622334,0.020507742750301303,0.40425531914893614,1,Trusted Winners
B00N1U7JXM,"3M Post-it Sticky Note Cube, 200 Sheets (4 Colors x 50 Sheets) | 3"" x 3"" Size | For notes, reminders, study, school and organizing",OfficeProducts,0.6875155993486117,0.5017543859649123,0.6859997951245039,0.0014084336306562088,0.5333993072736269,3,Margin Watchlist
B08HQL67D6,OFIXO Multi-Purpose Laptop Table/Study Table/Bed Table/Foldable and Portable Wooden/Writing Desk (Wooden),Computers&Accessories,0.7853789140282843,0.06853527809507073,0.7141712352542676,0.0,0.0,1,Trusted Winners
B09RKFBCV7,"Fire-Boltt Ninja Calling 1.69"" Bluetooth Calling Smart Watch, Dial Pad, Speaker, AI Voice Assistant with 450 NITS Peak Brightness, Wrist Gaming & 100+ Watch Faces with SpO2, HR, Multiple Sports Mode",Electronics,0.7984559603344401,0.021563413285590163,0.7620445771689839,0.11546148050938641,0.7793171697179615,1,Trusted Winners
B08KHM9VBJ,"Airtel AMF-311WW Data Card (Black), 4g Hotspot Support with 2300 Mah Battery",Computers&Accessories,0.7192667524808697,0.01858027632205812,0.6222674045355091,0.01995263297617095,0.32904502721425033,1,Trusted Winners
B01IOZUHRS,Gizga Essentials Laptop Power Cable Cord- 3 Pin Adapter Isi Certified(1 Meter/3.3 Feet),Computers&Accessories,0.7117670858248152,0.23507791825933547,0.6632510254937999,0.005489373530232837,0.6491835724888668,3,Margin Watchlist
B00CEQEGPI,"Logitech MK270r USB Wireless Keyboard and Mouse Set for Windows, 2.4 GHz Wireless, Spill-resistant Design, 8 Multimedia & Shortcut Keys, 2-Year Battery Life, PC/Laptop- Black",Computers&Accessories,0.7532142410809851,0.03204852279397378,0.7187556653598727,0.017245549316324764,0.42602671944581894,1,Trusted Winners
B08B6XWQ1C,"DIGITEK® (DTR-200MT) (18 CM) Portable & Flexible Mini Tripod with Mobile Holder & 360 Degree Ball Head, For Smart Phones, Compact Cameras, GoPro, Maximum Operating Height: 7.87 Inch, Maximum Load Upto: 1 kgs",Electronics,0.6792733029327054,0.12351078268737747,0.6478471050911093,0.010575769299263543,0.6754082137555667,1,Trusted Winners
B01DGVKBC6,"FEDUS Cat6 Ethernet Cable, 10 Meter High Speed 550MHZ / 10 Gigabit Speed UTP LAN Cable, Network Cable Internet Cable RJ45 Cable LAN Wire, Patch Computer Cord Gigabit Category 6 Wires for Modem, Router",Computers&Accessories,0.6939558629019639,0.15734458096460666,0.6925469297038582,0.0035457051208177895,0.4571994062345374,1,Trusted Winners
B008FWZGSG,"Samsung Original Type C to C Cable - 3.28 Feet (1 Meter), White",Computers&Accessories,0.45315596581644685,0.07367542395220103,0.4342175708998119,0.0,0.0,0,Visibility Builders
B08JD36C6H,Kingston DataTraveler Exodia DTX/32 GB Pen Drive USB 3.2 Gen 1 (Multicolor),Computers&Accessories,0.7585323825637281,0.12057004976624942,0.7068350025372797,0.0018464196110686878,0.223156853043048,1,Trusted Winners
B00E3DVQFS,"Duracell Rechargeable AA 2500mAh Batteries, 4 Pcs",Electronics,0.7991769571873892,0.051374169211424466,0.7987766042968127,0.0044300200694547,0.2285997031172687,1,Trusted Winners
B0B4HJNPV4,"pTron Solero T351 3.5Amps Fast Charging Type-C to Type-C PD Data & Charging USB Cable, Made in India, 480Mbps Data Sync, Durable 1 Meter Long Cable for Type-C Smartphones, Tablets & Laptops (Black)",Computers&Accessories,0.5384717784320363,0.20113726527373713,0.4818404971841034,0.010382162880842104,0.7718951014349332,0,Visibility Builders
B00BN5SNF0,"ENVIE® (AA10004PLNi-CD) AA Rechargeable Batteries, Low Self Discharge, AA 1000mAh Ni-CD (Pack of 4)",Electronics,0.7362278921774624,0.16010526315789472,0.6531702434445088,0.0,0.0,1,Trusted Winners
B09SGGRKV8,"ZEBRONICS Zeb-Buds 30 3.5Mm Stereo Wired in Ear Earphones with Mic for Calling, Volume Control, Multifunction Button, 14Mm Drivers, Stylish Eartip,1.2 Meter Durable Cable and Lightweight Design(Red)",Electronics,0.6032824338899638,0.18566516794498808,0.499822633103611,0.004361911391648031,0.5343889163780308,0,Visibility Builders
B07XLCFSSN,"Amazonbasics Nylon Braided Usb-C To Lightning Cable, Fast Charging Mfi Certified Smartphone, Iphone Charger (6-Foot, Dark Grey)",Computers&Accessories,0.7338793671562241,0.05023125109771091,0.7329922869323955,0.017704907400250557,0.5769421078673925,1,Trusted Winners
B09RZS1NQT,"Sounce 65W OnePlus Dash Warp Charge Cable, 6.5A Type-C to USB C PD Data Sync Fast Charging Cable Compatible with One Plus 8T/ 9/ 9R/ 9 pro/ 9RT/ 10R/ Nord & for All Type C Devices – Red, 1 Meter",Computers&Accessories,0.4902709900373987,0.20629463104998677,0.4489802210941103,0.009452813458751095,0.7916872835230085,0,Visibility Builders
B084BR3QX8,LAPSTER Accessories Power Cable Cord 2 Pin Laptop Adapter and Tape Recorder 1.5M,Computers&Accessories,0.6042356646915314,0.24108089014482514,0.48804781262814095,0.01237827667910034,0.7360217714002969,3,Margin Watchlist
B09VC2D2WG,"Portronics Ruffpad 12E Re-Writable LCD Writing Pad with 30.4cm (12 inch) Writing Area, Single Tap Erase, Smart Lock, Long Battery Life, India's first notepad to save and share your child's first creatives via Ruffpad app on your Smartphone(Black)",Computers&Accessories,0.4525032072821386,0.08972057008192122,0.4215218635737428,0.011232949097769116,0.6999010390895596,0,Visibility Builders
B09163Q5CD,"Verilux® USB C Hub Multiport Adapter- 6 in 1 Portable Aluminum Type C Hub with 4K HDMI Output, USB 2.0/3.0 Ports, SD/Micro SD Card Reader Compatible for MacBook Pro 2016-2020, MacBook Air 2018-2020, Type-C Devices",Computers&Accessories,0.5720537494935835,0.03544982929100341,0.5330135347516672,0.010230000293795867,0.3854527461652647,0,Visibility Builders
B08K9PX15C,Zebronics Zeb Wonderbar 10 USB Powered 2.0 Computer Speaker with RGB Lights,Computers&Accessories,0.6867120602324341,0.04835410079970243,0.6248046304207214,0.010757786864698637,0.425531914893617,1,Trusted Winners
B083RD1J99,"HP Wired Mouse 100 with 1600 DPI Optical Sensor, USB Plug-and -Play,ambidextrous Design, Built-in Scrolling and 3 Handy Buttons. 3-Years Warranty (6VY96AA)",Computers&Accessories,0.6281631798239691,0.1282894736842105,0.5853244662581855,0.0010748942247368262,0.1825828797624938,1,Trusted Winners
B09Z7YGV3R,"Anjaney Enterprise Smart Multipurpose Foldable Laptop Table with Cup Holder, Study Table, Bed Table, Breakfast Table, Foldable and Portable/Ergonomic & Rounded Edges/Non-Slip (Black)",Computers&Accessories,0.35044177188958964,0.15261201330463706,0.32420334170774867,0.0036317774481127605,0.6135576447303316,0,Visibility Builders
B00N3XLDW0,ENVIE ECR-20 Charger for AA & AAA Rechargeable Batteries,Electronics,0.8190678567822166,0.13043478260869565,0.7077408030660184,0.0019937750692293277,0.23503216229589313,1,Trusted Winners
B07Z53L5QL,"ProElite Faux Leather Smart Flip Case Cover for Apple iPad 10.2"" 9th Gen (2021) / 8th Gen / 7th Gen with Stylus Pen, Black",Computers&Accessories,0.7178296284343201,0.08038538970376762,0.7008065288083818,0.016435385289737408,0.6702127659574468,1,Trusted Winners
B00P93X0VO,"Classmate Pulse 6 Subject Notebook - Unruled, 300 Pages, Spiral Binding, 240mm*180mm",OfficeProducts,0.7017774818297422,0.37811634349030476,0.6694567219704071,0.00010148119754315779,0.051954477981197435,3,Margin Watchlist
B07SBGFDX9,"Pentonic Multicolor Ball Point Pen, Pack of 10",OfficeProducts,0.6454915407425967,0.35065789473684206,0.6014775439841481,0.0,0.0,3,Margin Watchlist
B09C6HWG18,"Duracell Type C To Type C 5A (100W) Braided Sync & Fast Charging Cable, 3.9 Feet (1.2M). USB C to C Cable, Supports PD & QC 3.0 Charging, 5 GBPS Data Transmission – Black",Computers&Accessories,0.47342645531223293,0.04443841562669561,0.4480181383879046,0.011740938198382,0.5299356754082138,0,Visibility Builders
B00NH11KIK,"AmazonBasics USB 2.0 Cable - A-Male to B-Male - for Personal Computer, Printer- 6 Feet (1.8 Meters), Black",Computers&Accessories,0.8937485791802713,0.2209770838579703,0.9139081286068911,0.010468550154074106,0.7793171697179614,1,Trusted Winners
B07X2L5Z8C,"Logitech Pebble M350 Wireless Mouse with Bluetooth or USB - Silent, Slim Computer Mouse with Quiet Click for Laptop, Notebook, PC and Mac - Graphite",Computers&Accessories,0.715308131587126,0.03168491699046273,0.7459755141449875,0.013877906170801067,0.3983176645225136,1,Trusted Winners
B00VA7YYUO,Apsara Platinum Pencils Value Pack - Pack of 20,Home&Kitchen,0.6575325040045409,0.4457735247208931,0.6411767805508367,0.0,0.0,3,Margin Watchlist
B07L9FW9GF,"Zebronics Zeb-Power Wired USB Mouse, 3-Button, 1200 DPI Optical Sensor, Plug & Play, for Windows/Mac",Computers&Accessories,0.6578534179168294,0.2755210173083716,0.5987529841264052,0.0015854919445405207,0.3958436417615043,3,Margin Watchlist
B08D64C9FN,Ant Esports GM320 RGB Optical Wired Gaming Mouse | 8 Programmable Buttons | 12800 DPI,Computers&Accessories,0.6982372747845879,0.07496567505720823,0.6660591825165202,0.037425939985129116,0.8208807521029196,1,Trusted Winners
B07XJYYH7L,"Wecool Nylon Braided Multifunction Fast Charging Cable For Android Smartphone, Ios And Type C Usb Devices, 3 In 1 Charging Cable, 3A, (3 Feet) (Black)",Computers&Accessories,0.708815491058863,0.10170697012802275,0.5348279160651973,0.011377381844355498,0.5470064324591786,1,Trusted Winners
B00LOD70SC,Pilot V7 Liquid Ink Roller Ball Pen (2 Blue + 1 Black),OfficeProducts,0.6019718759584635,0.24793021880544058,0.5857375170498659,0.0004642598045962899,0.15957446808510636,3,Margin Watchlist
B09X76VL5L,"boAt Airdopes 191G True Wireless Earbuds with ENx™ Tech Equipped Quad Mics, Beast™ Mode(Low Latency- 65ms) for Gaming, 2x6mm Dual Drivers, 30H Playtime, IPX5, IWP™, Appealing Case LEDs(Sport Blue)",Electronics,0.5027330118192438,0.02374839537869063,0.43500378462888967,0.022912044136627494,0.49430974764967844,0,Visibility Builders
B091JF2TFD,Boult Audio BassBuds Oak in-Ear Wired Earphones with 10mm Extra Bass Driver and HD Sound with mic(Brown),Electronics,0.5451952467409071,0.08021305769433604,0.4875403279294545,0.010511796681354619,0.5982187036120733,0,Visibility Builders
B07S7DCJKS,"IT2M Designer Mouse Pad for Laptop/Computer (9.2 X 7.6 Inches, 12788)",Computers&Accessories,0.7104212049651293,0.22176672837873576,0.6935020404540793,0.005136556565760914,0.6382978723404255,3,Margin Watchlist
B09NC2TY11,"Noise ColorFit Ultra Buzz Bluetooth Calling Smart Watch with 1.75"" HD Display, 320x385 px Resolution, 100 Sports Modes, Stock Market Info Smartwatch for Men & Women (Olive Green)",Electronics,0.6691136628377896,0.01683831427307765,0.6234961577044653,0.05644205878260017,0.5883226125680355,1,Trusted Winners
B0BDS8MY8J,"Lapster Caddy for ssd and HDD, Optical Bay 2nd Hard Drive Caddy, Caddy 9.5mm for Laptop",Computers&Accessories,0.45465792392161664,0.21660936260248614,0.4296437785099639,0.008766165303899065,0.831271647699159,0,Visibility Builders
B09X7DY7Q4,SanDisk Extreme SD UHS I 64GB Card for 4K Video for DSLR and Mirrorless Cameras 170MB/s Read & 80MB/s Write,Electronics,0.9434258273659587,0.04918446275432991,0.9648009250159255,0.01957698541340038,0.5343889163780308,1,Trusted Winners
B09YV575RK,"Fire-Boltt Ring Pro Bluetooth Calling, 1.75” 320*385px High Res, IP68 & SpO2 Monitoring, Pin Code Locking Functionality & Split Screen Access, Built in Mic & Speaker for HD Calls, Black, Free Size",Electronics,0.7030780499292233,0.01642762368105137,0.6396007703196651,0.1270865842814896,0.7422068283028204,1,Trusted Winners
B08LW31NQ6,"Lenovo 600 Bluetooth 5.0 Silent Mouse: Compact, Portable, Dongle-Free Multi-Device connectivity with Microsoft Swift Pair | 3-Level Adjustable DPI up to 2400 | Battery Life: up to 1 yr",Computers&Accessories,0.6416565322379891,0.0320946563768699,0.6528841418742897,0.0224390743050924,0.5566551212271154,1,Trusted Winners
B09ND94ZRG,"Boult Audio Airbass Propods X TWS Bluetooth Truly Wireless in Ear Earbuds with Mic, 32H Playtime, Fast Charging Type-C, Ipx5 Water Resistant, Touch Controls and Voice Assistant (Red)",Electronics,0.7304700316548687,0.03268521622527657,0.5829527656097233,0.08626475389402069,0.7100445324096981,1,Trusted Winners
B00P93X6EK,"Classmate Soft Cover 6 Subject Spiral Binding Notebook, Unruled, 300 Pages",OfficeProducts,0.6476102504553187,0.2941669460274891,0.6591820959264101,4.6824146869231143e-05,0.022266204849084613,3,Margin Watchlist
B07KRCW6LZ,"TP-Link Nano AC600 USB Wi-Fi Adapter(Archer T2U Nano)- 2.4G/5G Dual Band Wireless Network Adapter for PC Desktop Laptop, Mini Travel Size, Supports Windows 11,10, 8.1, 8, 7, XP/Mac OS 10.9-10.15",Computers&Accessories,0.7250939413438671,0.04417575470207049,0.7079641412118294,0.010485289625852637,0.40425531914893614,1,Trusted Winners
B0994GP1CX,"LS LAPSTER Quality Assured Universal Silicone 15.6"" Keyboard Protector Skin|| Keyboard Dust Cover|| Keyboard Skin for 15.6"" Laptop| 15.6"" Keyguard| (3.93 x 11.81 x 0.39 inches)",Computers&Accessories,0.6669757441738792,0.29450800915331804,0.5053325852562152,0.014210102470534931,0.7184562097971301,3,Margin Watchlist
B07H8W9PB6,"KLAM LCD Writing Tablet Screenwriting Toys Board Smart Digital E-Note Pad 8.5 Inch Light Weight Magic Slate for Drawing Playing Noting by Kids and Adults Best Birthday Gift Girls Boys, Multicolor",Computers&Accessories,0.23842397340539923,0.24045112781954886,0.22200602698414298,0.0018617863246039447,0.6593270658090055,0,Visibility Builders
B09NNHFSSF,CP PLUS 2MP Full HD Smart Wi-fi CCTV Security Camera | 360° with Pan Tilt | Two Way Talk | Cloud Monitor | Motion Detect | Night Vision | Supports SD Card (Up to 128 GB) | Alexa & Ok Google | CP-E21A,Electronics,0.5815551228850532,0.01950975487743872,0.5068735535243915,0.03785736430432165,0.5358733300346363,0,Visibility Builders
B08D9NDZ1Y,"HP Deskjet 2331 Colour Printer, Scanner and Copier for Home/Small Office, Compact Size, Reliable, Easy Set-Up Through Smart App On Your Pc Connected Through USB, Ideal for Home.",Computers&Accessories,0.7704102124760364,0.00898250878509101,0.6140374582655168,0.006200852314573751,0.06927263730826325,1,Trusted Winners
B0085IATT6,"D-Link DIR-615 Wi-fi Ethernet-N300 Single_band 300Mbps Router, Mobile App Support, Router | AP | Repeater | Client Modes(Black)",Computers&Accessories,0.7725528112686584,0.04680639306832152,0.7199011796823239,0.016775978953677148,0.5071746660069273,1,Trusted Winners
B08WJ86PV2,RPM Euro Games Gaming Mousepad Speed Type Extended Large (Size - 800 mm x 300 mm x 3 mm),Computers&Accessories,0.6020662292910822,0.15446224256292906,0.6106686989147864,0.0100266814956099,0.7793171697179614,3,Margin Watchlist
B078HRR1XV,Wacom One by CTL-472/K0-CX Digital Drawing Graphics Pen Tablet (Red & Black) Small (6-inch x 3.5-inch)(15x8cm) | Battery Free Cordless Pen with 2048 Pressure Level,Computers&Accessories,0.7338338235193277,0.013671781633921316,0.732946266730885,0.02468982705645579,0.326571004453241,1,Trusted Winners
B09P22HXH6,"Lenovo 300 FHD Webcam with Full Stereo Dual Built-in mics | FHD 1080P 2.1 Megapixel CMOS Camera |Privacy Shutter | Ultra-Wide 95 Lens | 360 Rotation | Flexible Mount, Plug-n-Play | Cloud Grey",Computers&Accessories,0.7176191101819248,0.022263993316624892,0.6687051137244747,0.06226319473053569,0.669470559129144,1,Trusted Winners
B00LM4X3XE,Parker Quink Ink Bottle (Black),OfficeProducts,0.6191397238128116,0.4903508771929824,0.6029314689684366,0.0001492188104393739,0.10638297872340426,3,Margin Watchlist
B09YLFHFDW,"Sony WI-C100 Wireless Headphones with Customizable Equalizer for Deep Bass & 25 Hrs Battery, DSEE-Upscale, Splash Proof, 360RA, Fast Pair, in-Ear Bluetooth Headset with mic for Phone Calls (Black)",Electronics,0.5961563269369861,0.023106546854942234,0.4944537577767633,0.017112238451734582,0.3829787234042554,0,Visibility Builders
B07YWS9SP9,"Zebronics, ZEB-NC3300 USB Powered Laptop Cooling Pad with Dual Fan, Dual USB Port and Blue LED Lights",Computers&Accessories,0.6892808467523666,0.06853527809507073,0.6271260577959801,0.0066449406526613965,0.3958436417615043,1,Trusted Winners
B002PD61Y4,D-Link DWA-131 300 Mbps Wireless Nano USB Adapter (Black),Computers&Accessories,0.6944793223961551,0.08299595141700403,0.647138493379291,0.01173308567327742,0.5883226125680355,1,Trusted Winners
B08WLY8V9S,"Tukzer Gel Mouse Pad Wrist Rest Memory-Foam Ergonomic Mousepad| Cushion Wrist Support & Pain Relief| Suitable for Gaming, Computer, Laptop, Home & Office Non-Slip Rubber Base (Blue)",Computers&Accessories,0.643881701153131,0.1086687306501548,0.6552393729818455,0.007355620743435076,0.5900544285007423,1,Trusted Winners
B0873L7J6X,"Infinity (JBL Glide 510, 72 Hrs Playtime with Quick Charge, Wireless On Ear Headphone with Mic, Deep Bass, Dual Equalizer, Bluetooth 5.0 with Voice Assistant Support (Black)",Electronics,0.8225346324983827,0.028756012780450126,0.7850660415106964,0.04955974987792266,0.6546264225630877,1,Trusted Winners
B07YNHCW6N,Robustrion Smart Trifold Hard Back Flip Stand Case Cover for Apple iPad 10.2 Cover iPad 9th Generation Cover 2021 8th Gen 2020 7th Gen 2019 Generation Case - Black,Computers&Accessories,0.6651107284806628,0.08038538970376762,0.6486967524296322,0.031258164255907765,0.8297872340425533,1,Trusted Winners
B07232M876,"Amazonbasics Micro Usb Fast Charging Cable For Android Smartphone,Personal Computer,Printer With Gold Plated Connectors (6 Feet, Black)",Computers&Accessories,0.8821026862739193,0.21660936260248614,0.8419852602977136,0.004166871622003907,0.5195447798119743,1,Trusted Winners
B01MQ2A86A,"Logitech M331 Silent Plus Wireless Mouse, 2.4GHz with USB Nano Receiver, 1000 DPI Optical Tracking, 3 Buttons, 24 Month Life Battery, PC/Mac/Laptop - Black",Computers&Accessories,0.7268718494638717,0.0364560048770575,0.7582952805495579,0.006131416220206961,0.23899059871350814,1,Trusted Winners
B00KIE28X0,"Camel Artist Acrylic Color Box - 9ml Tubes, 12 Shades",Home&Kitchen,0.6695080084809639,0.14898132427843805,0.6822490191403499,0.0,0.0,1,Trusted Winners
B08BQ947H3,"LIRAMARK Webcam Cover Slide, Ultra Thin Laptop Camera Cover Slide Blocker for Computer MacBook Pro iMac PC Tablet (Pack of 3)",Computers&Accessories,0.7166076666772605,0.29618509360649947,0.6996020593295026,0.0,0.0,3,Margin Watchlist
B0BHYJ8CVF,"Portronics Key2 Combo Multimedia USB Wireless Keyboard and Mouse Set with 2.4 GHz Wireless Technology, Soft & Silent Button, Compact Size (Grey)",Computers&Accessories,0.713779810031858,0.0366222344372681,0.6651268910033403,0.006020980325642814,0.23330034636318653,1,Trusted Winners
B0BCVJ3PVP,"SupCares Laptop Stand 7 Height Adjustable, Aluminium, Ventilated, Foldable, Portable Laptop Holder for Desk & Table Mount Upto 15.6 inch Laptop with Carry Pouch (Silver)",Computers&Accessories,0.46861476747791986,0.09255352810884929,0.46358019733211353,0.009035264315041133,0.690252350321623,0,Visibility Builders
B0B2931FCV,"ZEBRONICS Zeb-Sound Bomb N1 True Wireless in Ear Earbuds with Mic ENC, Gaming Mode (up to 50ms), up to 18H Playback, BT V5.2, Fidget Case, Voice Assistant, Splash Proof, Type C (Midnight Black)",Electronics,0.5828966147811943,0.035957009641220165,0.47282154480762123,0.04495483581309848,0.6580900544285008,0,Visibility Builders
B09TMZ1MF8,Western Digital WD Green SATA 240GB Internal SSD Solid State Drive - SATA 6Gb/s 2.5 inches - WDS240G3G0A,Computers&Accessories,0.6183293805510366,0.026423577961873675,0.6151033039964323,0.03414128606792835,0.6204849084611579,1,Trusted Winners
B07VV37FT4,Classmate Octane Neon- 25 Blue Gel Pens | Smooth Writing Pens| Water-proof Ink For Smudge-free Writing| Preferred By Students For Exam & Class Notes| Study At Home Essential,OfficeProducts,0.6073795320967511,0.17242105263157897,0.578554661101064,0.0,0.0,1,Trusted Winners
B07P681N66,"TP-Link AC600 600 Mbps WiFi Wireless Network USB Adapter for Desktop PC with 2.4GHz/5GHz High Gain Dual Band 5dBi Antenna Wi-Fi, Supports Windows 11/10/8.1/8/7/XP, Mac OS 10.15 and earlier (Archer T2U Plus)",Computers&Accessories,0.7804272718878245,0.03766296475132786,0.7799212214500774,0.01880907082304339,0.4898565066798615,1,Trusted Winners
B07JB2Y4SR,Classmate Octane Colour Burst-Multicolour Gel Pens (Pack of 10) | Gold & Silver Glitter Sparkle Pens|10 colour ink shades for art lovers and kids|Fun at home essentials,Home&Kitchen,0.7157845352564104,0.5017543859649123,0.7146883043501053,0.00017251116795431742,0.10885700148441367,3,Margin Watchlist
B08KRMK9LZ,"Tukzer Stylus Pen, iPad Pencil with Palm Rejection Tilt Sensor| 2nd Gen for 2018-2022 iPad 6/7/8/9th Gen; iPad 10.2"", Pro 12.9/11"", Mini 6/5th, Air 5/4/3rd, Precise for Writing/Drawing (3 Spare Tips)",Electronics,0.673978018277958,0.02128654970760234,0.6427577304605616,0.06455182119243809,0.6857991093518061,1,Trusted Winners
B08LT9BMPP,"Logitech G102 USB Light Sync Gaming Mouse with Customizable RGB Lighting, 6 Programmable Buttons, Gaming Grade Sensor, 8K DPI Tracking, 16.8mn Color, Light Weight - Black",Computers&Accessories,0.7145002113706288,0.03089244851258581,0.7292505990595911,0.008610081658372206,0.2783275606135577,1,Trusted Winners
B082T6V3DT,"AmazonBasics New Release Nylon USB-A to Lightning Cable Cord, Fast Charging MFi Certified Charger for Apple iPhone, iPad (6-Ft, Rose Gold)",Computers&Accessories,0.6950180941312155,0.05523351557868388,0.6782976199694065,0.021792563099402137,0.6595744680851064,1,Trusted Winners
B0814ZY6FP,"Zebronics ZEB-VITA Wireless Bluetooth 10W Portable Bar Speaker With Supporting USB, SD Card, AUX, FM, TWS & Call Function",Electronics,0.7160216382062143,0.04338153503893214,0.6195041290348623,0.005177049363462544,0.23503216229589313,1,Trusted Winners
B09F3PDDRF,"Lapster USB 3.0 sata Cable for 2.5 inch SSD and HDD , USB 3.0 to SATA III Hard Driver Adapter , sata to USB Cable-(Blue)",Computers&Accessories,0.5173260450171114,0.11468858392399335,0.46397319707724727,0.008104245802771942,0.6271647699158833,0,Visibility Builders
B07X963JNS,"URBN 10000 mAh Lithium Power Bank UPR10K with 12 Watt Fast Charging, Blue",Electronics,0.8100527885823136,0.0456140350877193,0.7365626938830588,0.03121739714983798,0.6333498268184068,1,Trusted Winners
B09LD3116F,Qubo Smart Cam 360 from Hero Group | Made in India | 2MP 1080p Full HD | CCTV Wi-Fi Camera | 360 Degree Coverage| Two Way Talk | Mobile App Connectivity | Night Vision | Cloud & SD Card Recording,Electronics,0.6317748719172285,0.016899175649968293,0.5886912738812268,0.02283960095608694,0.3854527461652647,1,Trusted Winners
B08Y5QJTVK,"Duracell CR2025 3V Lithium Coin Battery, 5 pcs, 2025 Coin Button Cell Battery, DL2025",Electronics,0.4535880892984441,0.3892921960072596,0.44072344449196676,0.000918281494621694,0.4571994062345374,3,Margin Watchlist
B00LY1FN1K,"Camel Fabrica Acrylic Ultra Color - 15ml each, 10 Shades",Home&Kitchen,0.7117367569775562,0.22578947368421054,0.7105878887423116,0.0005146068398008888,0.14151410192973776,1,Trusted Winners
B07DJ5KYDZ,Lenovo GX20L29764 65W Laptop Adapter/Charger with Power Cord for Select Models of Lenovo (Round pin) (Black),Computers&Accessories,0.6505155014383035,0.03615523998145886,0.6482284235601267,0.024253971791326084,0.5987135081642753,1,Trusted Winners
B009LJ2BXA,"Hp Wired On Ear Headphones With Mic With 3.5 Mm Drivers, In-Built Noise Cancelling, Foldable And Adjustable For Laptop/Pc/Office/Home/ 1 Year Warranty (B4B09Pa)",Computers&Accessories,0.6853361457070346,0.05534830913956695,0.5482849162623608,0.005781048149246138,0.30306778822365166,1,Trusted Winners
B09BVCVTBC,"Redragon K617 Fizz 60% Wired RGB Gaming Keyboard, 61 Keys Compact Mechanical Keyboard w/White and Grey Color Keycaps, Linear Red Switch, Pro Driver/Software Supported",Computers&Accessories,0.55137935542895,0.01743458306014186,0.555623891294008,0.011295470650723416,0.2671944581890154,0,Visibility Builders
B0BFWGBX61,"Ambrane Unbreakable 3A Fast Charging Braided Type C Cable    1.5 Meter (RCT15, Blue) Supports QC 2.0/3.0 Charging",Computers&Accessories,0.4437180163481238,0.21145199682623644,0.4133285273977994,0.0016041066020342372,0.43617021276595747,0,Visibility Builders
B07SY4C3TD,HP GT 53 XL Cartridge Ink,Computers&Accessories,0.6230205635016005,0.0757682797598022,0.6199494235921387,0.001906957467151908,0.1959426026719446,1,Trusted Winners
B094JB13XL,"Noise ColorFit Ultra Smart Watch with 1.75"" HD Display, Aluminium Alloy Body, 60 Sports Modes, Spo2, Lightweight, Stock Market Info, Calls & SMS Reply (Space Blue)",Electronics,0.8151685653798594,0.01683831427307765,0.7596155001948333,0.0687622965129197,0.5883226125680355,1,Trusted Winners
B08CRRQK6Z,"Zebronics Zeb-JUKEBAR 3900, 80W Multimedia soundbar with subwoofer Supporting Bluetooth, HDMI(ARC), Coaxial Input, AUX, USB & Remote Control (Black)",Electronics,0.6495535310073134,0.008622777187016352,0.6192567212521544,0.1174116295794046,0.6234537357743691,1,Trusted Winners
B08MTLLSL8,boAt Bassheads 102 Wired in Ear Earphones with Mic (Mint Green),Electronics,0.8669114099008667,0.10803324099722991,0.8274729684769071,0.018616041027651218,0.7169717961405244,1,Trusted Winners
B08Y57TPDM,"Duracell CR2016 3V Lithium Coin Battery, 5 pcs, 2016 Coin Button Cell Battery, DL2016",Electronics,0.4771660249514297,0.3804446460980036,0.4588365437201455,0.000966014630703387,0.44680851063829785,3,Margin Watchlist
B09CYTJV3N,"MI 360° Home Security Wireless Camera 2K Pro with Bluetooth Gateway BLE 4.2 l Dual Band Wi-fi Connection l 3 Million 1296p| Full Color in Low-Light | AI Human Detection, White",Electronics,0.82592305941924,0.009809197365496425,0.8069722612508214,0.0298583465979276,0.26595744680851063,1,Trusted Winners
B07GLNJC25,"ZEBRONICS Zeb-100HB 4 Ports USB Hub for Laptop, PC Computers, Plug & Play, Backward Compatible - Black",Computers&Accessories,0.6984988221096252,0.11507177033492824,0.5891831098974183,0.002845032861732908,0.31123206333498277,1,Trusted Winners
B08FY4FG5X,"Boult Audio Bass Buds Q2 Lightweight Stereo Wired Over Ear Headphones Set with Mic with Deep Bass, Comfortable Ear Cushions, & Long Cord (Black)",Electronics,0.7309621814355914,0.06167383018408888,0.6485383889864805,0.03259128925839789,0.7140029688273133,1,Trusted Winners
B07TMCXRFV,"ESR Screen Protector Compatible with iPad Pro 11 Inch (2022/2021/2020/2018) and iPad Air 5/4 (2022/2020, 10.9 Inch), Tempered-Glass Film with Alignment Frame, Scratch Resistant, HD Clarity, 2 Pack",Computers&Accessories,0.7498971671574334,0.03742642668258978,0.7659559160320244,0.006596741738566859,0.2560613557644731,1,Trusted Winners
B01FSYQ2A4,boAt Rockerz 400 Bluetooth On Ear Headphones With Mic With Upto 8 Hours Playback & Soft Padded Ear Cushions(Grey/Green),Electronics,0.8858257463980996,0.030077875173996464,0.8254600813679517,0.03396670214313801,0.537605145967343,1,Trusted Winners
B00LZPQVMK,Parker Vector Standard Chrome Trim Ball Pen (Ink - Black),OfficeProducts,0.6334669351574961,0.15092879256965944,0.5767855178006537,0.00073282468985658,0.14844136566056407,1,Trusted Winners
B08X77LM8C,"Silicone Rubber Earbuds Tips, Eartips, Earpads, Earplugs, for Replacement in Earphones and Bluetooth Medium Size (10 Pcs Black)",Electronics,0.4927742719934757,0.3939393939393939,0.43543414034062106,0.010688713559881914,0.8461157842652153,3,Margin Watchlist
B01EJ5MM5M,Canon PIXMA MG2577s All-in-One Inkjet Colour Printer with 1 Additional Colour Cartridge,Computers&Accessories,0.7256784839487614,0.009975625169269657,0.5630839996604609,0.006593568178759094,0.08411677387431965,1,Trusted Winners
B08J82K4GX,"Samsung 24-inch(60.46cm) FHD Monitor, IPS, 75 Hz, Bezel Less Design, AMD FreeSync, Flicker Free, HDMI, D-sub, (LF24T350FHWXXL, Dark Blue Gray)",Computers&Accessories,0.6072326943600445,0.004369895925078564,0.5910129857543772,0.13187517249353653,0.5,1,Trusted Winners
B07Z1Z77ZZ,"AirCase Protective Laptop Bag Sleeve fits Upto 14.1"" Laptop/ MacBook, Wrinkle Free, Padded, Waterproof Light Neoprene case Cover Pouch, for Men & Women, Black- 6 Months Warranty",Computers&Accessories,0.7080953853494558,0.09828859453756886,0.6912077759544918,0.009386190363594015,0.5851063829787235,1,Trusted Winners
B00DJ5N9VK,Faber-Castell Connector Pen Set - Pack of 25 (Assorted),Toys&Games,0.7460431097108811,0.2942105263157895,0.7285819884149054,0.0,0.0,3,Margin Watchlist
B0B4DT8MKT,"Wecool Unbreakable 3 in 1 Charging Cable with 3A Speed, Fast Charging Multi Purpose Cable 1.25 Mtr Long, Type C cable, Micro Usb Cable and Cable for iPhone, White",Computers&Accessories,0.5004199797402458,0.12386569872958257,0.47444728486176024,0.013881770782899617,0.8000989609104405,0,Visibility Builders
B08FGNPQ9X,"Zinq UPS for Router, Mini UPS for 12V WiFi Router Broadband Modem with Upto 4 Hours Power Backup, Upto 2Amp, Works with Existing Adapter, Also Works with Set-top Box, Smart Camera, CCTV (Black)",Computers&Accessories,0.7158348907609812,0.035095035336464596,0.6670422263764229,0.031054194743408977,0.6086095992083126,1,Trusted Winners
B07NTKGW45,"SaleOn™ Portable Storage Organizer Bag for Earphone USB Cable Power Bank Mobile Charger Digital Gadget Hard Disk, Water Resistance Material - Dark Grey",Computers&Accessories,0.6182274864281639,0.10340713244067347,0.5630836448726254,0.007479747399809882,0.554181098466106,0,Visibility Builders
B08CDKQ8T6,"Portronics Konnect L 1.2Mtr, Fast Charging 3A Micro USB Cable with Charge & Sync Function (Grey)",Computers&Accessories,0.6836301485778721,0.2865686944634313,0.6670397343013469,0.0032128520198962673,0.5957446808510638,3,Margin Watchlist
B08J4PL1Z3,"RPM Euro Games Laptop/PC Controller Wired for Windows - 7, 8, 8.1, 10 and XP, Ps3(Upgraded with XYAB Buttons)",Computers&Accessories,0.6675696034417179,0.05873051728032527,0.6075179782837529,0.01272646951557402,0.5244928253339931,1,Trusted Winners
B07XJWTYM2,"realme Buds Wireless in Ear Bluetooth Earphones with mic, 11.2mm Bass Boost Driver, Magnetic Fast Pair, Fast Charging and 12 Hrs Playtime (Yellow)",Electronics,0.863299229199414,0.025061910284944044,0.8044680796501812,0.00665803748419474,0.1622958931222167,1,Trusted Winners
B09939XJX8,"TVARA LCD Writing Tablet, 8.5"" Inch Colorful Toddler Doodle Board Drawing Tablet, Erasable Reusable Electronic Drawing Pads, Educational and Learning Tool for 3-6 Years Old Boy and Girls Mix Colors",Computers&Accessories,0.534876683484627,0.1159678858162355,0.4885716206093623,0.014773152753710547,0.752102919346858,0,Visibility Builders
B09MDCZJXS,"Wings Phantom Pro Earphones Gaming Earbuds with LED Battery Indicator, 50ms Low Latency, Bluetooth 5.3, 40 Hours Playtime, MEMs Mic, IPX4 Resist, 12mm Driver, 500mah case, Headphones, (Black TWS)",Computers&Accessories,0.5879653400535145,0.03252710592160133,0.5121299087556638,0.06093335422784793,0.7333003463631865,0,Visibility Builders
B08CTQP51L,Robustrion [Anti-Scratch] & [Smudge Proof] [S Pen Compatible] Premium Tempered Glass Screen Protector for Samsung Tab S6 Lite 10.4 inch SM-P610/615 [Bubble Free],Computers&Accessories,0.6425914993194219,0.11373420358283572,0.612549184948562,0.01734554312890356,0.7793171697179615,1,Trusted Winners
B0BG62HMDJ,"Cablet 2.5 Inch SATA USB 3.0 HDD/SSD Portable External Enclosure for 7mm and 9.5mm, Tool-Free Design, Supports UASP Max 6TB",Computers&Accessories,0.3330244364782202,0.0884400379706782,0.3135887472659181,0.0022152364488728835,0.3829787234042553,0,Visibility Builders
B08GTYFC37,"SanDisk 1TB Extreme Portable SSD 1050MB/s R, 1000MB/s W,Upto 2 Meter Drop Protection with IP55 Water/dust Resistance, HW Encryption, PC,MAC & TypeC Smartphone Compatible, 5Y Warranty, External SSD",Computers&Accessories,0.8200107768764563,0.004346702737206864,0.8197044239833011,0.427099760424203,0.740227610094013,2,Revenue Upside
B08SBH499M,"ZEBRONICS Zeb-Warrior II 10 watts 2.0 Multimedia Speaker with RGB Lights, USB Powered, AUX Input, Volume Control Pod for PC, Laptops, Desktop",Computers&Accessories,0.659929702803053,0.06483659070634984,0.6149357911269585,0.010354128939953194,0.5071746660069273,1,Trusted Winners
B08FYB5HHK,"TP-Link UE300C USB Type-C to RJ45 Gigabit Ethernet Network Adapter/RJ45 LAN Wired Adapter for Ultrabook, Chromebook, Laptop, Desktop, Plug & Play, USB 3.0, Foldable and Portable Design",Computers&Accessories,0.7727077780726147,0.038518941222948945,0.7895199034038455,0.014898418696340334,0.4453240969816923,1,Trusted Winners
B0994GFWBH,Lapster 1.5 mtr USB 2.0 Type A Male to USB A Male Cable for computer and laptop,Computers&Accessories,0.5538850833218221,0.2953426732298372,0.5054970087409294,0.011480294393032702,0.851063829787234,3,Margin Watchlist
B0B5GJRTHB,"Wecool Moonwalk M1 ENC True Wireless in Ear Earbuds with Mic, Titanium Drivers for Rich Bass Experience, 40+ Hours Play Time, Type C Fast Charging, Low Latency, BT 5.3, IPX5, Deep Bass (Black)",Electronics,0.5965624735873278,0.048487360132615,0.5680856050141475,0.015959299097421064,0.5818901533894113,0,Visibility Builders
B09GBBJV72,"HP 330 Wireless Black Keyboard and Mouse Set with Numeric Keypad, 2.4GHz Wireless Connection and 1600 DPI, USB Receiver, LED Indicators , Black(2V9E6AA)",Computers&Accessories,0.4673634378828662,0.02840760524448097,0.4219818495126098,0.008898498467077779,0.3473527956457199,0,Visibility Builders
B07P434WJY,"RC PRINT GI 790 Ink Refill for Canon G1000, G1010, G1100, G2000, G2002, G2010, G2012, G2100, G3000, G3010, G3012, G3100, G4000, G4010",Computers&Accessories,0.5569915638059588,0.08038538970376762,0.5403733108136582,0.01946487073917407,0.776595744680851,0,Visibility Builders
B07T9FV9YP,Redgear Cloak Wired RGB Wired Over Ear Gaming Headphones with Mic for PC,Computers&Accessories,0.7318437206283481,0.05480992200126484,0.6656379569660872,0.018520067035036406,0.5739732805541811,1,Trusted Winners
B01GGKZ0V6,AmazonBasics USB Type-C to USB Type-C 2.0 Cable - 3 Feet Laptop (0.9 Meters) - White,Computers&Accessories,0.7945158491847643,0.13101903695408734,0.7582764542734255,0.009880687662359479,0.6338446313706086,1,Trusted Winners
B08WKFSN84,"Wayona Type C To Type C 65W/3.25A Nylon Braided Fast Charging Cable Compatible For Laptop, Macbook, Samsung Galaxy M33 M53 M51 S20 Ultra, A71, A53, A51, Ipad Pro 2018 (1M, Grey)",Computers&Accessories,0.6124327821858441,0.11644216081099847,0.5962217144939176,0.01062737071395271,0.7021276595744681,0,Visibility Builders
B09TBCVJS3,"Amazfit GTS2 Mini (New Version) Smart Watch with Always-on AMOLED Display, Alexa Built-in, SpO2, 14 Days' Battery Life, 68 Sports Modes, GPS, HR, Sleep & Stress Monitoring (Meteor Black)",Electronics,0.7960790362521455,0.00718660606166968,0.7597714445574167,0.038391774010805825,0.25977238990598717,1,Trusted Winners
B08TR61BVK,"Tabelito® Polyester Foam, Nylon Hybrid laptopss Bag Sleeve Case Cover Pouch for laptopss Apple/Dell/Lenovo/ Asus/ Hp/Samsung/Mi/MacBook/Ultrabook/Thinkpad/Ideapad/Surfacepro (15.6 inches /39.6cm, Blue) laptopsss",Computers&Accessories,0.6141179436666764,0.14416475972540047,0.5850697957568196,0.017761021397707254,0.831271647699159,0,Visibility Builders
B0B2CPVXHX,Robustrion Anti-Scratch & Smudge Proof Tempered Glass Screen Protector for Xiaomi Mi Pad 5 11 inch,Computers&Accessories,0.5020463558917443,0.11102624635467295,0.46772890233566683,0.01355179258993026,0.7607619990103909,0,Visibility Builders
B08XNL93PL,"Portronics Ruffpad 15 Re-Writable LCD Screen 38.1cm (15-inch) Writing Pad for Drawing, Playing, Handwriting Gifts for Kids & Adults (Grey)",OfficeProducts,0.6301322848175075,0.03154508859711824,0.6139091835537765,0.024298900256211932,0.5638297872340425,1,Trusted Winners
B088GXTJM3,"DIGITEK® (DLS-9FT) Lightweight & Portable Aluminum Alloy Light Stand for Ring Light, Reflector, Flash Units, Diffuser, Portrait, Softbox, Studio Lighting & More Ideal for Outdoor & Indoor Shoots",Electronics,0.6733568694888359,0.06313530607634966,0.6568700409343863,0.009737140797318586,0.4893617021276596,1,Trusted Winners
B099S26HWG,"Classmate Pulse 1 Subject Notebook - 240mm x 180mm , Soft Cover, 180 Pages, Single Line, Pack of 4",OfficeProducts,0.46590803923730556,0.1436842105263158,0.4406560828523515,0.0,0.0,0,Visibility Builders
B08461VC1Z,"Scarters Mouse Pad, Desk Mat Extended for Work from Home/Office/Gaming | Vegan PU Leather | Anti-Skid, Anti-Slip, Reversible Splash-Proof – Deskspread ~ Navy Blue & Yellow",Computers&Accessories,0.6863440294895303,0.04623044096728307,0.6998919838422576,0.01647540513890592,0.5566551212271154,1,Trusted Winners
B00K32PEW4,"Casio MJ-120D 150 Steps Check and Correct Desktop Calculator with Tax Keys, Black",OfficeProducts,0.6475754113220265,0.08440727988194788,0.6452139622721594,0.0,0.0,1,Trusted Winners
B09F9YQQ7B,Redmi 80 cm (32 inches) Android 11 Series HD Ready Smart LED TV | L32M6-RA/L32M7-RA (Black),Electronics,0.8268510609909872,0.00307916730894312,0.7891919576529551,0.21920723171980366,0.4571994062345374,2,Revenue Upside
B07LFWP97N,"Gizga Essentials Laptop Bag Sleeve Case Cover Pouch with Handle for 14.1 Inch Laptop for Men & Women, Padded Laptop Compartment, Premium Zipper Closure, Water Repellent Nylon Fabric, Grey",Computers&Accessories,0.5396809090249256,0.15642731363725298,0.5028267366712008,0.010795681222884341,0.7709054923305294,0,Visibility Builders
B0746N6WML,"Parker Vector Camouflage Gift Set - Roller Ball Pen & Parker Logo Keychain (Black Body, Blue Ink), 2 Piece Set",OfficeProducts,0.6033133678546045,0.1294181200802593,0.5870833172494015,0.0015849090694060107,0.25531914893617025,1,Trusted Winners
B07W9KYT62,"TP-Link AC1200 Archer A6 Smart WiFi, 5GHz Gigabit Dual Band MU-MIMO Wireless Internet Router, Long Range Coverage by 4 Antennas, Qualcomm Chipset",Computers&Accessories,0.7287436436841093,0.018070386049156506,0.7278013067841794,0.026345166230686196,0.41365660564077195,1,Trusted Winners
B0B5ZF3NRK,"CEDO 65W OnePlus Dash Warp Charge Cable, USB A to Type C Data Sync Fast Charging Cable Compatible with One Plus 3 /3T /5 /5T /6 /6T /7 /7T /7 pro & for All Type C Devices - 1 Meter, Red",Computers&Accessories,0.4128093678878538,0.12057004976624942,0.3845046465550869,0.0024872787371449214,0.4260267194458189,0,Visibility Builders
B08D9MNH4B,"HP Deskjet 2723 AIO Printer, Copy, Scan, WiFi, Bluetooth, USB, Simple Setup Smart App, Ideal for Home.",Computers&Accessories,0.6435152689210065,0.006263327414994513,0.5306150032557857,0.017153347561727424,0.14250371103414153,1,Trusted Winners
B078G6ZF5Z,"Oraimo 18W USB & Type-C Dual Output Super Fast Charger Wall Adapter PE2.0&Quick Charge 3.0 & Power Delivery 3.0 Compatible for iPhone 13/13 Mini/13 Pro Max/12/12 Pro Max, iPad Mini/Pro, Pixel, Galaxy, Airpods Pro",Electronics,0.7385766653329672,0.05873051728032527,0.6717370463489678,0.008900214861079182,0.4156358238495794,1,Trusted Winners
B09MKG4ZCM,"Xiaomi Mi 4A Dual_Band Ethernet 1200Mbps Speed Router| 2.4GHz & 5GHz Frequency|128MB RAM | DualCore 4 Thread CPU|4 Omni Directional Antenna|Mi Wi-Fi app-Parental Control & Anti Hacking|Repeater, White",Computers&Accessories,0.7185758320622391,0.026231713468975956,0.6536241683614885,0.024834570995032754,0.47501237011380504,1,Trusted Winners
B07RZZ1QSW,SLOVIC® Tripod Mount Adapter| Tripod Mobile Holder|Tripod Phone Mount(Made in India)| Smartphone Clip Clipper 360 Degree for Taking Magic Video Shots & Pictures.,Electronics,0.7161793028969496,0.1385211494995157,0.715088084337053,0.008164278504088567,0.6422563087580406,1,Trusted Winners
B08BCKN299,"Sounce Gold Plated 3.5 mm Headphone Splitter for Computer 2 Male to 1 Female 3.5mm Headphone Mic Audio Y Splitter Cable Smartphone Headset to PC Adapter – (Black,20cm)",Electronics,0.677105985871769,0.3335526315789474,0.6013083274464653,0.014344335441135878,0.8490846115784265,3,Margin Watchlist
B07222HQKP,"Orico 2.5""(6.3cm) USB 3.0 HDD Enclosure Case Cover for SATA SSD HDD | SATA SSD HDD Enclosure High Speed USB 3.0 | Tool Free Installation | Black",Computers&Accessories,0.7360786917387414,0.06717135304013458,0.7187792714451331,0.006067157320218686,0.3617021276595745,1,Trusted Winners
B00NFD0ETQ,"Logitech G402 Hyperion Fury USB Wired Gaming Mouse, 4,000 DPI, Lightweight, 8 Programmable Buttons, Compatible for PC/Mac - Black",Computers&Accessories,0.7160861763551177,0.023664424218440838,0.746805346064232,0.01553254798041136,0.3527956457199406,1,Trusted Winners
B075DB1F13,"Panasonic Eneloop BQ-CC55N Advanced, Smart and Quick Charger for AA & AAA Rechargeable Batteries, White",Electronics,0.7841222848885289,0.030105263157894736,0.7836388612931318,0.0,0.0,1,Trusted Winners
B0148NPH9I,"Logitech K380 Wireless Multi-Device Keyboard for Windows, Apple iOS, Apple TV Android or Chrome, Bluetooth, Compact Space-Saving Design, PC/Mac/Laptop/Smartphone/Tablet (Dark Grey)",Computers&Accessories,0.7473875348939895,0.01749401913875598,0.7633595838582646,0.009997093128680808,0.1892627412172192,1,Trusted Winners
B01JOFKL0A,Canon PIXMA E477 All-in-One Wireless Ink Efficient Colour Printer (White/Blue),Computers&Accessories,0.6958798290516996,0.007553560254665726,0.6177387209781016,0.01771059169025201,0.1640277090549233,1,Trusted Winners
B09Q8HMKZX,"Portronics Konnect L 20W PD Quick Charge Type-C to 8-Pin USB Mobile Charging Cable, 1.2M, Tangle Resistant, Fast Data Sync(Grey)",Computers&Accessories,0.4714009426944102,0.15999599759855912,0.4391470101361399,0.004953496270501786,0.6288965858485898,0,Visibility Builders
B079S811J3,"Redgear Cosmo 7,1 Usb Gaming Wired Over Ear Headphones With Mic With Virtual Surround Sound,50Mm Driver, Rgb Leds & Remote Control(Black)",Computers&Accessories,0.7376825684979903,0.022176672837873578,0.720357602728315,0.01793889103211374,0.3617021276595745,1,Trusted Winners
B0083T231O,Belkin Essential Series 4-Socket Surge Protector Universal Socket with 5ft Heavy Duty Cable (Grey),Electronics,0.7664319354247567,0.03582948838348781,0.7830426073761787,0.0038790715618006945,0.1558634339435923,1,Trusted Winners
B086PXQ2R4,"Classmate Long Book - Unruled, 160 Pages, 314 mm x 194 mm - Pack Of 3",OfficeProducts,0.5726083391071541,0.27990430622009566,0.5788238269571079,0.0,0.0,3,Margin Watchlist
B07L1N3TJX,"Artis AR-45W-MG2 45 Watts MG2 Laptop Adapter/Charger Compatible with MB Air 13” & MB Air 11” (14.5 V, 3.1 A) Connector: MG2 (T Tip Connector)",Computers&Accessories,0.6901686119670563,0.021746538211331747,0.5671591408600988,0.0299407457759273,0.4542305789213261,1,Trusted Winners
B07YFWVRCM,"Imou 360° 1080P Full HD Security Camera, Human Detection, Motion Tracking, 2-Way Audio, Night Vision, Dome Camera with WiFi & Ethernet Connection, Alexa Google Assistant, Up to 256GB SD Card Support",Electronics,0.6650829625193126,0.018303152400357132,0.6197391684924274,0.08336765406766618,0.6999010390895596,1,Trusted Winners
B01GGKYKQM,"Amazon Basics USB Type-C to USB-A 2.0 Male Fast Charging Cable for Laptop - 3 Feet (0.9 Meters), Black",Computers&Accessories,0.7641020030360406,0.20151405912040374,0.746331191960701,0.008857911133363358,0.7340425531914893,3,Margin Watchlist
B08TDJ5BVF,"E-COSMOS 5V 1.2W Portable Flexible USB LED Light (Colours May Vary, Small, EC-POF1)",Computers&Accessories,0.6259582315548422,1.0,0.5435571926736591,0.0,0.0,3,Margin Watchlist
B09XXZXQC1,"Xiaomi Pad 5| Qualcomm Snapdragon 860| 120Hz Refresh Rate| 6GB, 128GB| 2.5K+ Display (10.95-inch/27.81cm)|1 Billion Colours| Dolby Vision Atmos| Quad Speakers| Wi-Fi| Gray",Computers&Accessories,0.6146003667529275,0.0017486027747616382,0.6369567414195723,0.16293725843251208,0.3300346363186541,2,Revenue Upside
B083T5G5PM,Sennheiser CX 80S in-Ear Wired Headphones with in-line One-Button Smart Remote with Microphone Black,Electronics,0.8866751405454163,0.028240904274108088,0.8262516118189287,0.010684874886040535,0.25358733300346364,1,Trusted Winners
B0BHVPTM2C,HB Plus Folding Height Adjustable Aluminum Foldable Portable Adjustment Desktop Laptop Holder Riser Stand,Computers&Accessories,0.3340460916764413,0.10314731552499339,0.3093312616678216,0.012486855818868561,0.7916872835230085,0,Visibility Builders
B0B86CDHL1,"oraimo 65W Type C to C Fast Charging Cable USB C to USB C Cable High Speed Syncing, Nylon Braided 1M length with LED Indicator Compatible For Laptop, Macbook, Samsung Galaxy S22 S20 S10 S20Fe S21 S21 Ultra A70 A51 A71 A50S M31 M51 M31S M53 5G",Computers&Accessories,0.3864895400597964,0.13233298145076158,0.3730858117640321,0.005123129555135904,0.6791192478970807,0,Visibility Builders
B01NBX5RSB,HP 65W AC Laptops Charger Adapter 4.5mm for HP Pavilion Black (Without Power Cable),Computers&Accessories,0.6061074974734736,0.05731373889268626,0.5898851600092568,0.011350253973302917,0.5319148936170213,1,Trusted Winners
B08MWJTST6,"Tukzer Fully Foldable Tabletop Desktop Tablet Mobile Stand Holder - Angle & Height Adjustable for Desk, Cradle, Dock, Compatible with Smartphones & Tablets (White)",Electronics,0.658081827440554,0.14714204867006225,0.5989589556743862,0.016177632828156315,0.7817911924789709,3,Margin Watchlist
B07R99NBVB,"Gizga Essentials Cable Organiser, Cord Management System for PC, TV, Home Theater, Speaker & Cables, Reusable Cable Organizer for Desk, WFH Accessories, Organizer Tape Roll, Reusable Cable Ties Strap",HomeImprovement,0.6708467876444678,0.18547875713379836,0.683654702407981,0.005658825387268582,0.6457199406234537,3,Margin Watchlist
B08R69VDHT,"Pinnaclz Original Combo of 2 Micro USB Fast Charging Cable, USB Charging Cable for Data Transfer Perfect for Android Smart Phones White 1.2 Meter Made in India (Pack of 2)",Computers&Accessories,0.6905987181338544,0.35697940503432496,0.6283171695443526,0.006391339637084196,0.7619990103908957,3,Margin Watchlist
B00LY12TH6,Camel Oil Pastel with Reusable Plastic Box - 50 Shades,Home&Kitchen,0.70588565011258,0.2008009153318078,0.7202855825099473,0.0,0.0,1,Trusted Winners
B09RWZRCP1,"boAt Type C A750 Stress Resistant, Tangle-free, Sturdy Flat Cable with 6.5A Fast Charging & 480Mbps Data Transmission, 10000+ Bends Lifespan and Extended 1.5m Length(Rebellious Black)",Computers&Accessories,0.577341413368628,0.10546102097348634,0.5379437444034999,0.008348700198693744,0.6086095992083126,0,Visibility Builders
B08497Z1MQ,"HP M270 Backlit USB Wired Gaming Mouse with 6 Buttons, 4-Speed Customizable 2400 DPI, Ergonomic Design, Breathing LED Lighting, Metal Scroll Wheel, Lightweighted / 3 Years Warranty (7ZZ87AA), Black",Computers&Accessories,0.597134211664602,0.07367542395220103,0.5808810135970887,0.0014535441652880655,0.14893617021276595,1,Trusted Winners
B07KNM95JK,"Foxin FTC 12A / Q2612A Black Laser Toner Cartridge Compatible with Laserjet 1020,M1005,1018,1010,1012,1015,1020 Plus,1022,3015,3020,3030,3050, 3050Z, 3052,3055 (Black)",Computers&Accessories,0.6046015175819845,0.07036613272311212,0.5633592928031437,0.00804346571654098,0.4868876793666501,0,Visibility Builders
B09Q3M3WLJ,Robustrion [Anti-Scratch] & [Smudge Proof] [Bubble Free] Premium Tempered Glass Screen Protector Guard for Samsung Galaxy Tab A8 10.5 inch [SM-X200/X205/X207] 2022,Computers&Accessories,0.5044233754442603,0.10288880094974277,0.4615270481143207,0.013372813673767633,0.7224146462147452,0,Visibility Builders
B09B9SPC7F,"PC SQUARE Laptop Tabletop Stand/ Computer Tablet Stand 6 Angles Adjustable Aluminum Ergonomic Foldable Portable Desktop Holder Compatible with MacBook, HP, Dell, Lenovo & All Other Notebook (Silver)",Computers&Accessories,0.6105974997067346,0.0843265478325071,0.5689491826955904,0.011772803980646094,0.6288965858485898,0,Visibility Builders
B09CMP1SC8,"Ambrane 2 in 1 Type-C & Micro USB Cable with 60W / 3A Fast Charging, 480 mbps High Data, PD Technology & Quick Charge 3.0, Compatible with All Type-C & Micro USB Devices (ABDC-10, Black)",Computers&Accessories,0.49380445545084606,0.21145199682623644,0.46004206498973965,0.003570353052697149,0.6086095992083126,0,Visibility Builders
B099SD8PRP,"Lenovo 130 Wireless Compact Mouse, 1K DPI Optical sensor, 2.4GHz Wireless NanoUSB, 10m range, 3button(left,right,scroll) upto 3M left/right clicks, 10 month battery, Ambidextrous, Ergonomic GY51C12380",Computers&Accessories,0.6290765442670868,0.0779929097354786,0.6261958726603731,0.007747459184131606,0.5116279069767442,1,Trusted Winners
B09YLXYP7Y,"Ambrane 60W / 3A Fast Charging Output Cable with Type-C to USB for Mobile, Neckband, True Wireless Earphone Charging, 480mbps Data Sync Speed, 1m Length (ACT - AZ10, Black)",Computers&Accessories,0.5600861729795993,0.22934431049691267,0.5110270614954435,0.002969699025511327,0.5442850074220683,3,Margin Watchlist
B00S2SEV7K,"Pilot Frixion Clicker Roller Pen (Blue), (9000019529)",OfficeProducts,0.6735561818472752,0.46754385964912276,0.6276369560417039,0.00016233371620930594,0.10143493320138545,3,Margin Watchlist
B08WKCTFF3,"ZEBRONICS Aluminium Alloy Laptop Stand, Compatible with 9-15.6 inch Laptops, 7 Angles Adjustable, Anti Slip Silicon Rubber Pads, Foldable, Velvet Pouch Inside, Zeb-NS2000 (Dark Grey)",Computers&Accessories,0.5722853132814228,0.05023125109771091,0.5671616603117791,0.015171907638114369,0.5987135081642753,0,Visibility Builders
B08498D67S,"HP K500F Backlit Membrane Wired Gaming Keyboard with Mixed Color Lighting, Metal Panel with Logo Lighting, 26 Anti-Ghosting Keys, and Windows Lock Key / 3 Years Warranty(7ZZ97AA)",Computers&Accessories,0.6525840003743228,0.03840868489762264,0.6362615581797932,0.010238876739940768,0.3829787234042553,1,Trusted Winners
B00C3GBCIS,GIZGA Club-laptop Neoprene Reversible for 15.6-inches Laptop Sleeve - Black-Red,Computers&Accessories,0.7742068266003873,0.1731135066582118,0.7388485744058269,0.0046647879814557085,0.5195447798119743,1,Trusted Winners
B00URH5E34,Inventis 5V 1.2W Portable Flexible USB LED Light Lamp (Colors may vary),Computers&Accessories,0.7339931087381377,0.9473684210526316,0.6020624212326101,0.0,0.0,3,Margin Watchlist
B00EYW1U68,TP-Link TL-WA855RE 300 Mbps Wi-Fi Range Extender (White),Computers&Accessories,0.74755931462677,0.026957637997432605,0.7133408133659552,0.03603384094773601,0.5818901533894113,1,Trusted Winners
B08SMJT55F,"boAt Stone 250 Portable Wireless Speaker with 5W RMS Immersive Audio, RGB LEDs, Up to 8HRS Playtime, IPX7 Water Resistance, Multi-Compatibility Modes(Black)",Electronics,0.6151859266650036,0.03595101180808569,0.5861019473094129,0.041381014402601085,0.727362691736764,0,Visibility Builders
B0B2DJDCPX,"SWAPKART Fast Charging Cable and Data Sync USB Cable Compatible for iPhone 6/6S/7/7+/8/8+/10/11, 12, 13 Pro max iPad Air/Mini, iPod and iOS Devices (White)",Computers&Accessories,0.48486316999083856,0.19151347267690758,0.43667293295138526,0.0033888480700026316,0.5596239485403266,0,Visibility Builders
B08Y7MXFMK,"Offbeat® - DASH 2.4GHz Wireless + Bluetooth 5.1 Mouse, Multi-Device Dual Mode Slim Rechargeable Silent Click Buttons Wireless Bluetooth Mouse, 3 Adjustable DPI, Works on 2 devices at the same time with a switch button for Windows/Mac/Android/Ipad/Smart TV",Computers&Accessories,0.5995747333904637,0.03922225947033188,0.5710022738502939,0.005780138152665463,0.28055418109846614,1,Trusted Winners
B086Q3QMFS,"Classmate Drawing Book - Unruled, 40 Pages, 210 mm x 297 mm - Pack Of 4",OfficeProducts,0.656219753051085,0.3848684210526316,0.6682687789780939,0.0,0.0,3,Margin Watchlist
B08498H13H,"HP GK320 Wired Full Size RGB Backlight Mechanical Gaming Keyboard, 4 LED Indicators, Mechanical Switches, Double Injection Key Caps, and Windows Lock Key(4QN01AA)",Computers&Accessories,0.46386094143553536,0.029053047364956168,0.44518895248902784,0.02213542677875831,0.6063829787234042,0,Visibility Builders
B07LFQLKFZ,Parker Moments Vector Timecheck Gold Trim Roller Ball Pen (Black),OfficeProducts,0.5834187411786006,0.10263157894736842,0.5553467070392428,0.0,0.0,1,Trusted Winners
B00LY17RHI,Camlin Elegante Fountain Pen - Black/Blue/Red,OfficeProducts,0.6537989867435757,0.18701754385964908,0.6092212338706955,0.0,0.0,1,Trusted Winners
B07W14CHV8,"CARECASE® Optical Bay 2nd Hard Drive Caddy, 9.5 mm CD/DVD Drive Slot for SSD and HDD",Computers&Accessories,0.6865124900310703,0.21145199682623644,0.6397130662086057,0.009927378894381554,0.7607619990103909,3,Margin Watchlist
B0B9BXKBC7,"WeCool S5 Long Selfie Stick, with Large Reinforced Tripod Stand up to 61 Inch / 156 Cms, Ultra Long Multi Function Bluetooth Selfie Stick with 1/4 Screw Compatible with Gopro, Camera, and Ring Light",Electronics,0.42464736072613407,0.026242649425119214,0.41942856212127805,0.022515729081929878,0.6259277585353785,0,Visibility Builders
B09F5Z694W,"Canon E4570 All-in-One Wi-Fi Ink Efficient Colour Printer with FAX/ADF/Duplex Printing (Black)- Smart Speaker Compatible, Standard",Computers&Accessories,0.6327523386151038,0.004671218109953287,0.5492227322277,0.01945894711450704,0.12221672439386443,1,Trusted Winners
B0B25LQQPC,"Crucial P3 500GB PCIe 3.0 3D NAND NVMe M.2 SSD, up to 3500MB/s - CT500P3SSD8",Computers&Accessories,0.6039907951531883,0.013344898381423774,0.5877627705098721,0.04065707773481105,0.4893617021276596,1,Trusted Winners
B07GVGTSLN,"Wayona Usb Type C Fast Charger Cable Fast Charging Usb C Cable/Cord Compatible For Samsung Galaxy S10E S10 S9 S8 Plus S10+,Note 10 Note 9 Note 8,S20,M31S,M40,Realme X3,Pixel 2 Xl (3 Ft Pack Of 1,Grey)",Computers&Accessories,0.7147558756411475,0.13263157894736843,0.6819065512495965,0.01677844062702582,0.7793171697179615,1,Trusted Winners
B01LYLJ99X,HP v222w 64GB USB 2.0 Pen Drive (Silver),Computers&Accessories,0.6563442629083029,0.0960028132692533,0.6257953140514969,0.013461583764047153,0.6754082137555667,1,Trusted Winners
B014SZPBM4,"Duracell Ultra Alkaline D Battery, 2 Pcs",Electronics,0.590489675587251,0.11883656509695291,0.5862017037902965,0.0002846277296673696,0.054428500742206835,1,Trusted Winners
B08CZHGHKH,BESTOR® LCD Writing Tablet/pad 12 inches | Electronic Writing Scribble Board for Kids | Kids Learning Toy | Portable Ruff for LCD Paperless Memo Digital Tablet Notepad E-Writer/Writing/Drawing Pad Home/School/Office (Black),Computers&Accessories,0.5621702760351694,0.08021305769433604,0.5019753082139138,0.012193974795216648,0.6175160811479465,0,Visibility Builders
B0B2RBP83P,"Lenovo IdeaPad 3 11th Gen Intel Core i3 15.6"" FHD Thin & Light Laptop(8GB/512GB SSD/Windows 11/Office 2021/2Yr Warranty/3months Xbox Game Pass/Platinum Grey/1.7Kg), 81X800LGIN",Computers&Accessories,0.4458909442590352,0.0011021728348309223,0.4096423451516968,0.24333104608955422,0.376051459673429,2,Revenue Upside
B078W65FJ7,boAt BassHeads 900 On-Ear Wired Headphones with Mic (White),Electronics,0.8809216384961998,0.05077180583968756,0.840857067865696,0.03484020994304723,0.6857991093518061,1,Trusted Winners
B08S74GTBT,"Zebronics Astra 10 Portable Wireless BT v5.0 Speaker, 10W RMS Power, 15* Hours Backup, 2.25"" Drive Size, up to 6.4"" Mobile Holder Support, Carry Handle, USB, mSD, AUX Input and FM Radio with Antenna",Electronics,0.46572416825679636,0.04752651340491404,0.4073581036971598,0.013469296904843426,0.5492330529440872,0,Visibility Builders
B0B9BD2YL4,"KINGONE Wireless Charging Pencil (2nd Generation) for iPad with Magnetic and Tilt Sensitive, Palm Rejection, Compatible with Apple iPad Pro 11 inch 1/2/3/4, iPad Pro 12.9 Inch 3/4/5/6, iPad Air 4/5, mini6",Electronics,0.5654728311304131,0.017769992507239627,0.5710494519870978,0.059965205233598426,0.7013854527461653,0,Visibility Builders
B0BMXMLSMM,"Lapster 65W compatible for OnePlus Dash Warp Charge Cable , type c to c cable fast charging Data Sync Cable Compatible with One Plus 10R / 9RT/ 9 pro/ 9R/ 8T/ 9/ Nord & for All Type C Devices – Red, 1 Meter",Computers&Accessories,0.37425572507103355,0.23208145993123513,0.36002159077810714,0.007215947153422739,0.8906481939633846,0,Visibility Builders
B0141EZMAI,"Gizga Essentials USB WiFi Adapter for PC, 150 Mbps Wireless Network Adapter for Desktop - Nano Size WiFi Dongle Compatible with Windows, Mac OS & Linux Kernel | WPA/WPA2 Encryption Standards| Black",Computers&Accessories,0.7114632593766516,0.13735081197417334,0.5840630344720237,0.009105040944375914,0.5878278080158339,1,Trusted Winners
B07QMRHWJD,"SWAPKART Portable Flexible Adjustable Eye Protection USB LED Desk Light Table Lamp for Reading, Working on PC, Laptop, Power Bank, Bedroom ( Multicolour )",Computers&Accessories,0.5667751216976525,0.14809254680324974,0.5502808855834743,0.009575549402128045,0.7446808510638298,0,Visibility Builders
B07W7Z6DVL,"Infinity (JBL Fuze 100, Wireless Portable Bluetooth Speaker with Mic, Deep Bass, Dual Equalizer, IPX7 Waterproof, Rugged Fabric Design (Black)",Electronics,0.7819131507337854,0.028071345809487024,0.7286243448098668,0.02826732296408276,0.5071746660069273,1,Trusted Winners
B07WMS7TWB,"Pigeon by Stovekraft Amaze Plus Electric Kettle (14289) with Stainless Steel Body, 1.5 litre, used for boiling Water, making tea and coffee, instant noodles, soup etc. 1500 Watt (Silver)",Home&Kitchen,0.9042331255965076,0.06167383018408888,0.8015934121608093,0.012988577110859108,0.4631370608609599,1,Trusted Winners
B00H47GVGY,"USHA Quartz Room Heater with Overheating Protection (3002, Ivory, 800 Watts)",Home&Kitchen,0.7324316648975586,0.03081515297835916,0.6008116512024609,0.008755555243844235,0.2582879762493815,1,Trusted Winners
B07VX71FZP,"Amazon Brand - Solimo 2000/1000 Watts Room Heater with Adjustable Thermostat (ISI certified, White colour, Ideal for small to medium room/area)",Home&Kitchen,0.7580637849075149,0.034239058864843505,0.6893980774266134,0.014634340984470555,0.3958436417615043,1,Trusted Winners
B07NCKMXVZ,"StyleHouse Lint Remover for Woolen Clothes, Electric Lint Remover, Best Lint Shaver for Clothes",Home&Kitchen,0.6311737702070929,0.09248120300751879,0.5881309316827245,0.00827528093875394,0.5477486392874814,1,Trusted Winners
B0B61DSF17,beatXP Kitchen Scale Multipurpose Portable Electronic Digital Weighing Scale | Weight Machine With Back light LCD Display | White |10 kg | 2 Year Warranty |,Home&Kitchen,0.5875111650035543,0.19082253372123778,0.49986747310798646,0.02548728256672725,0.8238495794161307,0,Visibility Builders
B07VQGVL68,Glun Multipurpose Portable Electronic Digital Weighing Scale Weight Machine (10 Kg - with Back Light),Home&Kitchen,0.8264356127983548,0.13660858631219688,0.7327560692949914,0.004103090993279676,0.3955962394854033,1,Trusted Winners
B01LWYDEQ7,"Pigeon Polypropylene Mini Handy and Compact Chopper with 3 Blades for Effortlessly Chopping Vegetables and Fruits for Your Kitchen (12420, Green, 400 ml)",Home&Kitchen,0.9648104275265245,0.21145199682623644,0.8990634864791401,0.006882854740589602,0.6086095992083126,1,Trusted Winners
B07VNFP3C2,"Prestige 1.5 Litre Kettle 1500-watts, Red",Home&Kitchen,0.7996247883873888,0.053439673951233224,0.709065768848912,0.009558787999768215,0.3859475507174666,1,Trusted Winners
B00LUGTJGO,Bajaj RHX-2 800-Watt Room Heater (White),Home&Kitchen,0.6066129050541246,0.028610661750874684,0.5400771552571486,0.002192995844263973,0.09648688767936665,1,Trusted Winners
B01MQZ7J8K,"Prestige Electric Kettle PKOSS - 1500watts, Steel (1.5Ltr), Black",Home&Kitchen,0.8528261322553528,0.053439673951233224,0.7560943574305399,0.014305552763989737,0.4631370608609599,1,Trusted Winners
B01GFTEV5Y,Pigeon by Stovekraft Cruise 1800 watt Induction Cooktop (Black),Home&Kitchen,0.8405544684039216,0.022954679223072396,0.7262236527197337,0.030265744611864986,0.441860465116279,1,Trusted Winners
B00NW4UWN6,Prestige PKGSS 1.7L 1500W Electric Kettle (Stainless Steel),Home&Kitchen,0.7446946245262585,0.037392138063279005,0.6439634873354766,0.00542025933808315,0.20682830282038595,1,Trusted Winners
B01NCVJMKX,"SHOPTOSHOP Electric Lint Remover, Best Lint Shaver for Clothes,Lint Remover for Woolen Clothes ,Lint Remover for Sweaters",Home&Kitchen,0.6547732546351307,0.0843265478325071,0.6101293741255015,0.007890342228607437,0.5071746660069273,1,Trusted Winners
B00O24PUO6,Orpat OEH-1260 2000-Watt Fan Heater (Grey),Home&Kitchen,0.737046106672091,0.02874245038826574,0.6868107245451082,0.0033040187638854945,0.111578426521524,1,Trusted Winners
B07GXPDLYQ,PRO365 Indo Mocktails/Coffee Foamer/Cappuccino/Lemonade/Milk Frother (6 Months Warranty),Home&Kitchen,0.6972370577304717,0.13601775523145213,0.5265859322676013,0.0042010260506336605,0.4082137555665512,1,Trusted Winners
B01C8P29N0,"Bajaj DX-6 1000W Dry Iron with Advance Soleplate and Anti-bacterial German Coating Technology, White",Home&Kitchen,0.7757302435644181,0.06896842105263158,0.7403062330958061,0.01448929753313352,0.5714992577931719,1,Trusted Winners
B08KDBLMQP,"Croma 500W Mixer Grinder with 3 Stainless Steel Leak-proof Jars, 3 speed & Pulse function, 2 years warranty (CRAK4184, White & Purple)",Home&Kitchen,0.6775679729323497,0.03182374541003672,0.6165441905849048,0.019759372312776174,0.47501237011380504,1,Trusted Winners
B078JDNZJ8,Havells Instanio 3-Litre Instant Geyser (White/Blue),Home&Kitchen,0.7240084811624415,0.012258771929824561,0.7068949125833337,0.045193744092557664,0.44680851063829785,1,Trusted Winners
B01M5F614J,"Morphy Richards OFR Room Heater, 09 Fin 2000 Watts Oil Filled Room Heater , ISI Approved (OFR 9 Grey)",Home&Kitchen,0.6165786040851725,0.006268534368445162,0.561602430858853,0.11070815862312984,0.5244928253339931,1,Trusted Winners
B083GKDRKR,"Havells Aqua Plus 1.2 litre Double Wall Kettle / 304 Stainless Steel Inner Body / Cool touch outer body / Wider mouth/ 2 Year warranty (Black, 1500 Watt)",Home&Kitchen,0.7762840036919267,0.028421052631578944,0.7932091266534264,0.025631623115139047,0.5121227115289462,1,Trusted Winners
B097R2V1W8,"Bajaj Splendora 3 Litre 3KW IWH Instant Water Heater (Geyser), White",Home&Kitchen,0.770484606154651,0.016190437617707214,0.7179737509577396,0.06111203600324601,0.5680356259277585,1,Trusted Winners
B07YR26BJ3,KENT 16052 Elegant Electric Glass Kettle 1.8L 2000 W | Blue LED Illumination | Borosilicate Glass Body | Boil Drying Protection | Used as Boiler | Milk | Tea | Water & Soup | 1 Year Warranty,Home&Kitchen,0.7365529218729985,0.034239058864843505,0.669903652990131,0.014219076054546798,0.3958436417615043,1,Trusted Winners
B097R45BH8,"Bajaj New Shakti Neo 15L Vertical Storage Water Heater (Geyser 15 litres) 4 Star BEE Rated Heater For Water Heating with Titanium Armour, Swirl Flow Technology, Glasslined Tank (White), 1 Yr Warranty",Home&Kitchen,0.6759930277527176,0.007838745800671893,0.6446946070185481,0.12465087257558491,0.6026719445818902,1,Trusted Winners
B09X5C9VLK,"Lifelong LLMG23 Power Pro 500-Watt Mixer Grinder with 3 Jars (Liquidizing, Wet Grinding and Chutney Jar), Stainless Steel blades, 1 Year Warranty (Black)",Home&Kitchen,0.8248001193962367,0.030023094688221705,0.7126698819066627,0.04375257944860897,0.5922810489856506,1,Trusted Winners
B01C8P29T4,"Bajaj Majesty DX-11 1000W Dry Iron with Advance Soleplate and Anti-bacterial German Coating Technology, White and Blue",Home&Kitchen,0.7787501438087161,0.07196204199982427,0.7431956081706784,0.00349096896955355,0.24938149430974765,1,Trusted Winners
B00HVXS7WC,"Bajaj Rex 500W Mixer Grinder with Nutri-Pro Feature, 3 Jars, White",Home&Kitchen,0.819919426924388,0.021563413285590163,0.7825661267168118,0.023930414665479138,0.3948540326571005,1,Trusted Winners
B096YCN3SD,"Lifelong LLEK15 Electric Kettle 1.5L with Stainless Steel Body, Easy and Fast Boiling of Water for Instant Noodles, Soup, Tea etc. (1 Year Warranty, Silver)",Home&Kitchen,0.5384000593754534,0.06729939603106126,0.4520009279936447,0.005852164770415719,0.40079168728352305,0,Visibility Builders
B09LQH3SD9,"Lifelong LLQH922 Regalia 800 W (ISI Certified) Quartz Room Heater with 2 Power settings, Overheating Protection, 2 Rod Heater (1 Year Warranty, White)",Home&Kitchen,0.544535415174033,0.039039039039039033,0.4767939416669653,0.013136967100154126,0.47006432459178626,0,Visibility Builders
B09KNMLH4Y,"R B Nova Lint/Fabric Shaver for Cloths, Lint Remover for Woolen Sweaters, Blankets, Jackets/Burr Remover Pill Remover from Carpets, Pack of 1",Home&Kitchen,0.42832109502675086,0.10572599841311822,0.39896954611619667,0.01652706367986067,0.8114794656110836,0,Visibility Builders
B00ABMASXG,"Bajaj Immersion Rod Water Heater 1500 Watts, Silver",Home&Kitchen,0.8092708220435785,0.07806854799336002,0.7541193664727202,0.0035302654439196583,0.25358733300346364,1,Trusted Winners
B07QDSN9V6,INALSA Electric Kettle 1.5 Litre with Stainless Steel Body - Absa|Auto Shut Off & Boil Dry Protection Safety Features| Cordless Base & Cord Winder|Hot Water Kettle |Water Heater Jug,Home&Kitchen,0.6940894445480628,0.0601987802123334,0.6467751134707524,0.014988506269972387,0.5680356259277585,1,Trusted Winners
B00YMJ0OI8,Prestige PIC 20 1600 Watt Induction Cooktop with Push button (Black),Home&Kitchen,0.7986601907337828,0.01958982652161129,0.744231219822789,0.02881500785321706,0.41588322612568035,1,Trusted Winners
B0B8XNPQPN,"Pigeon Healthifry Digital Air Fryer, 360° High Speed Air Circulation Technology 1200 W with Non-Stick 4.2 L Basket - Green",Home&Kitchen,0.3794970205408358,0.011977011158070225,0.3564846630014052,0.03979535271099159,0.5714992577931719,0,Visibility Builders
B0814P4L98,"PrettyKrafts Laundry Basket for clothes with Lid & Handles, Toys Organiser, 75 Ltr Black & Grey",Home&Kitchen,0.6626282403468216,0.11695906432748539,0.6030595323442364,0.010348558314448014,0.6432459178624443,1,Trusted Winners
B008QTK47Q,Philips GC1905 1440-Watt Steam Iron with Spray (Blue),Home&Kitchen,0.8133519144986618,0.027342985717080808,0.7946527789022582,0.0025679389422389987,0.0851063829787234,1,Trusted Winners
B088ZTJT2R,Havells Immersion HB15 1500 Watt (White Blue),Home&Kitchen,0.7523456326607648,0.05995168728497182,0.7179240006005659,0.010444190678065953,0.4571994062345374,1,Trusted Winners
B0BK1K598K,"AGARO LR2007 Lint Remover, Rechargeable, for Woolen Sweaters, Blankets, Jackets, Burr Remover, Pill Remover From Carpets, Curtains",Home&Kitchen,0.5247804846035439,0.06357708430367955,0.4982655919717323,0.010383786205849965,0.5714992577931719,0,Visibility Builders
B09Y5FZK9N,"Pigeon 1.5 litre Hot Kettle and Stainless Steel Water Bottle Combo used for boiling Water, Making Tea and Coffee, Instant Noodles, Soup, 1500 Watt with Auto Shut- off Feature - (Silver)",Home&Kitchen,0.5310268905084491,0.04693904105133043,0.45632374259072167,0.009419529975045377,0.4393864423552697,0,Visibility Builders
B09J2SCVQT,NutriPro Juicer Mixer Grinder - Smoothie Maker - 500 Watts (3 Jars 2 Blades),Home&Kitchen,0.655845013011338,0.02137071984175777,0.6111283848710303,0.04790954665105971,0.6187530925284512,1,Trusted Winners
B00TDD0YM4,"Philips GC026/30 Fabric Shaver, Lint Remover for Woolen Sweaters, Blankets, Jackets/Burr Remover Pill Remover from Carpets, Curtains (White)",Home&Kitchen,0.6304157451838316,0.03030731190392088,0.627575776554128,0.0031146970888658123,0.1306284017812964,1,Trusted Winners
B078KRFWQB,"Havells Cista Room Heater, White, 2000 Watts",Home&Kitchen,0.610372044406148,0.015606242496998799,0.5306101415963071,0.02127148607028569,0.3478476001979218,1,Trusted Winners
B07SRM58TP,"AGARO Regal 800 Watts Handheld Vacuum Cleaner, Lightweight & Durable Body, Small/Mini Size ( Black)",Home&Kitchen,0.7383890112319368,0.02465623518255097,0.6715670366886224,0.00772342366938607,0.2078179119247897,1,Trusted Winners
B00EDJJ7FS,Philips Viva Collection HD4928/01 2100-Watt Induction Cooktop with Feather Touch Sensor and Crystal Glass Plate (Black),Home&Kitchen,0.8168269994615446,0.013349415657446496,0.7796098914132304,0.040671979137264044,0.40524492825333996,1,Trusted Winners
B0832W3B7Q,Pigeon By Stovekraft ABS Plastic Acer Plus Induction Cooktop 1800 Watts With Feather Touch Control - Black,Home&Kitchen,0.7088076142306919,0.0216787103946637,0.613366344416249,0.030681007085228126,0.47006432459178626,1,Trusted Winners
B07WNK1FFN,"AGARO Esteem Multi Kettle 1.2 Litre, 600W with 3 Heating Modes & Rapid Boil Technology",Home&Kitchen,0.6147338394282079,0.034210526315789476,0.585665042495368,0.006504090044898066,0.2701632855022267,1,Trusted Winners
B009P2LK08,"Bajaj Minor 1000 Watts Radiant Room Heater (Steel, ISI Approved)",Home&Kitchen,0.6018458917086545,0.05480992200126484,0.5483798277964571,0.005511931368367792,0.3364670954972786,1,Trusted Winners
B07DGD4Z4C,"Butterfly Jet Elite Mixer Grinder, 750W, 4 Jars (Grey)",Home&Kitchen,0.7821509360578294,0.011439358613739264,0.6936395330772887,0.043281007076187615,0.3859475507174666,1,Trusted Winners
B07GMFY9QM,"SOFLIN Egg Boiler Electric Automatic Off 7 Egg Poacher for Steaming, Cooking, Boiling and Frying (400 Watts, Blue)",Home&Kitchen,0.6200163964720988,0.11644216081099847,0.6038078314067361,0.00926466602887786,0.6595744680851064,1,Trusted Winners
B0BGPN4GGH,"Lifelong LLQH925 Dyno Quartz Heater 2 Power settings Tip Over Cut-off Switch 800 Watt Silent operation Power Indicator 2 Rod Room Heater (1 Year Warranty, Grey)",Home&Kitchen,0.12414212610212476,0.035486806187443126,0.11545441182736757,0.0038925247259299868,0.5076694705591291,0,Visibility Builders
B0B2DZ5S6R,"Amazon Basics 1500 W Electric Kettle (Stainless Steel Body, 1.5 L)",Home&Kitchen,0.36927762112082413,0.05480992200126484,0.34121259285948347,0.004894976186216244,0.4156358238495794,0,Visibility Builders
B07S851WX5,"Prestige Sandwich Maker PGMFD 01, Black",Home&Kitchen,0.8175651834401612,0.03318342044487663,0.7803155790979001,0.0,0.0,1,Trusted Winners
B01MY839VW,"Orient Electric Fabrijoy DIFJ10BP 1000-Watt Dry Iron, Non-Stick (White and Blue)",Home&Kitchen,0.7308438779771278,0.07851596203623813,0.6973284470702332,0.009529207478180647,0.5195447798119743,1,Trusted Winners
B09LV1CMGH,"Lifelong LLFH921 Regalia 2000 W Fan Heater, 3 Air Settings, Room Heater with Overheating Protection, 1 Year Warranty ( White, (ISI Certified, Ideal for small to medium room/area)",Home&Kitchen,0.4378698183554569,0.04109829635267256,0.38110894332809786,0.011618959406279068,0.4898565066798615,0,Visibility Builders
B01EY310UM,"Philips GC181 Heavy Weight 1000-Watt Dry Iron, Pack of 1",Home&Kitchen,0.7440039506854148,0.03340770548627435,0.7265764889963022,0.004016596120040971,0.14893617021276595,1,Trusted Winners
B09NL7LBWT,"Bulfyss USB Rechargeable Lint Remover Fabric Shaver Pet Hair Remover, Effectively and Quickly Remove Fuzz for Clothes, Sweater, Couch, Sofa, Blanket, Curtain, Wool, Cashmere (Grey, 1 Year Warranty)",Home&Kitchen,0.4940598657497708,0.0373545328288875,0.45233839277401877,0.010716599235324793,0.4453240969816923,0,Visibility Builders
B008YW8M0G,"Bajaj DX-7 1000W Dry Iron with Advance Soleplate and Anti-bacterial German Coating Technology, White",Home&Kitchen,0.8292185000321948,0.05561969439728353,0.7914547918550535,0.0019984987783877944,0.11429985155863435,1,Trusted Winners
B097R3XH9R,"Bajaj New Shakti Neo 25L Vertical Storage Water Heater (Geyser 25 Litres) 4 Star BEE Rated Heater For Water Heating with Titanium Armour, Swirl Flow Technology, Glasslined Tank(White), 1 Yr Warranty",Home&Kitchen,0.6233552010754851,0.00668025835345627,0.5808424190352858,0.1347756231511686,0.5984661058881741,2,Revenue Upside
B08TM71L54,"PHILIPS Handheld Garment Steamer STH3000/20 - Compact & Foldable, Convenient Vertical Steaming, 1000 Watt Quick Heat Up, up to 20g/min, Kills 99.9%* Bacteria (Reno Blue), Small",Home&Kitchen,0.5520435256677839,0.012869163504372217,0.5038555538690549,0.013371320142751617,0.23750618505690252,0,Visibility Builders
B0BPBXNQQT,"Room Heater Warmer Wall-Outlet 400 Watts Electric Handy Room Heater (Room Heaters Home for Bedroom, Reading Books, Work, bathrooms, Rooms, Offices, Home Offices,2022",Home&Kitchen,0.32879686674481784,0.05523351557868388,0.30946128743955675,0.009429953172017645,0.6382978723404255,0,Visibility Builders
B00W56GLOQ,"Wonderchef Nutri-blend Mixer, Grinder & Blender | Powerful 400W 22000 RPM motor | Stainless steel Blades | 2 unbreakable jars | 2 Years warranty | Online recipe book by Chef Sanjeev Kapoor | Black",Home&Kitchen,0.7846191419834644,0.015210311811392133,0.7134819321440161,0.0435121379080426,0.4552201880257299,1,Trusted Winners
B0883KDSXC,USHA Armor AR1100WB 1100 W Dry Iron with Black Weilburger Soleplate (Purple),Home&Kitchen,0.7474830153045199,0.06682189614269396,0.6630771141320189,0.007043896899567968,0.37629886194952994,1,Trusted Winners
B078V8R9BS,Butterfly EKN 1.5-Litre Electric Kettle (Silver with Black),Home&Kitchen,0.8085738247726632,0.05755041810132809,0.7717194263178522,0.007054449894152172,0.34289955467590305,1,Trusted Winners
B08GSQXLJ2,Crompton Arno Neo 15-L 5 Star Rated Storage Water Heater (Geyser) with Advanced 3 Level Safety (Grey),Home&Kitchen,0.7385123782006464,0.006788021837138418,0.6881772429501543,0.07477309630223644,0.4057397328055418,1,Trusted Winners
B01M5B0TPW,Borosil Chef Delite BCH20DBB21 300-Watt Chopper (Black),Home&Kitchen,0.6927042878674,0.024825670553514076,0.6912751450091499,0.011202251030401542,0.29391390400791695,1,Trusted Winners
B082KVTRW8,KENT 16055 Amaze Cool Touch Electric Kettle 1.8 L 1500 W | Plastic Outer & Stainless Steel Inside body | Auto shut off Over heating protection | Multipurpose hot water Kettle | 1 Year Warranty,Home&Kitchen,0.5766890229010347,0.034239058864843505,0.5258545557130776,0.00974304272903424,0.3661553686293914,0,Visibility Builders
B08CFJBZRK,Prestige IRIS Plus 750 watt mixer grinder,Home&Kitchen,0.7367286379647601,0.012003693444136657,0.6371588005119817,0.054084442252197655,0.45126175160811477,1,Trusted Winners
B07H3WDC4X,"Simxen Egg Boiler Electric Automatic Off 7 Egg Poacher for Steaming, Cooking Also Boiling and Frying 400 W (Blue, Pink)",Home&Kitchen,0.744961284673346,0.1176293168451214,0.6775220537728653,0.011670298494911198,0.6432459178624443,1,Trusted Winners
B09ZTZ9N3Q,"Amazon Basics 2000/1000 Watt Room Heater with Adjustable Thermostat (ISI certified, White color, Ideal for small to medium room/area)",Home&Kitchen,0.3639559360243625,0.030329637248507353,0.31352393155002156,0.0057016042306971245,0.2914398812469075,0,Visibility Builders
B083P71WKK,"HealthSense Weight Machine for Kitchen, Kitchen Food Weighing Scale for Health, Fitness, Home Baking & Cooking with Hanging Design, Touch Button, Tare Function & 1 Year Warranty – Chef-Mate KS 40",Home&Kitchen,0.7080476687752166,0.05523351557868388,0.6911607012189408,0.011962320101684807,0.5,1,Trusted Winners
B097R4D42G,"Bajaj New Shakti Neo 10L Vertical Storage Water Heater (Geyser 10 Litres) 4 Star BEE Rated Heater For Water Heating with Titanium Armour, Swirl Flow Technology, Glasslined Tank(White), 1 Yr Warranty",Home&Kitchen,0.576994158579318,0.008622777187016352,0.549112582276359,0.06467741596251109,0.4987629886194953,0,Visibility Builders
B07MKMFKPG,Bosch Pro 1000W Mixer Grinder MGM8842MIN - Black,Home&Kitchen,0.7212092940077924,0.00645204954091186,0.7201801125061942,0.06241825516064952,0.3701138050470065,1,Trusted Winners
B0949FPSFY,"Bulfyss Stainless Steel Digital Kitchen Weighing Scale & Food Weight Machine for Diet, Nutrition, Health, Fitness, Baking & Cooking (5Kgs, Stainless Steel, 2 Years Warranty)",Home&Kitchen,0.5923301492561431,0.05266451485409393,0.5519186196217737,0.01713089246771076,0.6086095992083126,0,Visibility Builders
B08F47T4X5,"VR 18 Pcs - 3 Different Size Plastic Food Snack Bag Pouch Clip Sealer Large, Medium, Small Plastic Snack Seal Sealing Bag Clips Vacuum Sealer (Set of 18, Multi-Color) (Multicolor)",Home&Kitchen,0.7624222401726294,0.48432879952690716,0.7275705942573596,0.0,0.0,3,Margin Watchlist
B01M0505SJ,Orient Electric Apex-FX 1200mm Ultra High Speed 400 RPM Ceiling Fan (Brown),Home&Kitchen,0.7638901655279697,0.030056390977443607,0.7118281482694563,0.019975403532233607,0.446313706086096,1,Trusted Winners
B08D6RCM3Q,"PrettyKrafts Folding Laundry Basket for Clothes with Lid & Handle, Toys Organiser, 75 Litre, (Pack of 1), Mushroom Print",Home&Kitchen,0.5367318436095654,0.11853224610822831,0.5000766135160348,0.007037058579267599,0.6187530925284512,0,Visibility Builders
B009P2LITG,"Bajaj Majesty RX11 2000 Watts Heat Convector Room Heater (White, ISI Approved)",Home&Kitchen,0.5745185907866581,0.019400160151415883,0.535311762821475,0.015369578934889114,0.3448787728847105,0,Visibility Builders
B00V9NHDI4,"Eureka Forbes Trendy Zip 1000 Watts powerful suction vacuum cleaner with resuable dust bag & 5 accessories,1 year warrantycompact,light weight & easy to use (Black)",Home&Kitchen,0.8023616367069257,0.014300220003384666,0.7114829838273244,0.019337710756836286,0.25086590796635333,1,Trusted Winners
B07WGPBXY9,"Pigeon by Stovekraft Quartz Electric Kettle (14299) 1.7 Litre with Stainless Steel Body, used for boiling Water, making tea and coffee, instant noodles, soup etc. 1500 Watt (Silver)",Home&Kitchen,0.75326294926813,0.04452315438206194,0.6681678949489251,0.006354034302786828,0.2701632855022267,1,Trusted Winners
B00KRCBA6E,Maharaja Whiteline Lava Neo 1200-Watts Halogen Heater (White and Red),Home&Kitchen,0.5819233042036708,0.015606242496998799,0.507175082232706,0.0350763460332313,0.47006432459178626,0,Visibility Builders
B0B3X2BY3M,Crompton Gracee 5-L Instant Water Heater (Geyser),Home&Kitchen,0.7128958938698774,0.011406677293400213,0.6484833277515999,0.06357154139659021,0.5047006432459179,1,Trusted Winners
B00F159RIK,"Bajaj DX-2 600W Dry Iron with Advance Soleplate and Anti-bacterial German Coating Technology, Black",Home&Kitchen,0.6622690432750594,0.08638329290159268,0.6314971133088131,0.002011128889564474,0.20781791192478974,1,Trusted Winners
B08MV82R99,Bajaj Waterproof 1500 Watts Immersion Rod Heater,Home&Kitchen,0.6264638783225924,0.0644394293543967,0.5837403685134349,0.005541112956866303,0.3651657595249876,1,Trusted Winners
B09VKWGZD7,"AGARO Supreme High Pressure Washer, 1800 Watts, 120 Bars, 6.5L/Min Flow Rate, 8 Meters Outlet Hose, Portable, for Car,Bike and Home Cleaning Purpose, Black and Orange",Home&Kitchen,0.5341977504380186,0.009215197107406228,0.517204763219219,0.05408659491295319,0.5,0,Visibility Builders
B009P2LK80,"Bajaj Deluxe 2000 Watts Halogen Room Heater (Steel, ISI Approved), Multicolor",Home&Kitchen,0.5144439971945292,0.02695080497553323,0.4437970192356931,0.0028516803590070065,0.12815437902028703,0,Visibility Builders
B00A7PLVU6,Orpat HHB-100E WOB 250-Watt Hand Blender (White),Home&Kitchen,0.757726127112995,0.05724470538897044,0.7230752700964966,0.0026662448069120505,0.1662543295398318,1,Trusted Winners
B0B25DJ352,"GILTON Egg Boiler Electric Automatic Off 7 Egg Poacher for Steaming, Cooking Also Boiling and Frying, Multi Color",Home&Kitchen,0.49718311992970005,0.12501863724466974,0.47936554664698466,0.010137284680436605,0.7553191489361702,0,Visibility Builders
B013B2WGT6,"HealthSense Chef-Mate KS 33 Digital Kitchen Weighing Scale & Food Weight Machine for Health, Fitness, Home Baking & Cooking with Free Bowl, 1 Year Warranty & Batteries Included",Home&Kitchen,0.7431154120360368,0.040156122791054065,0.7257025278077271,0.0143278544132578,0.44680851063829785,1,Trusted Winners
B097RJ867P,"PHILIPS Digital Air Fryer HD9252/90 with Touch Panel, uses up to 90% less fat, 7 Pre-set Menu, 1400W, 4.1 Liter, with Rapid Air Technology (Black), Large",Home&Kitchen,0.6170976762984224,0.005132162147612468,0.6138298247075885,0.041583973226556936,0.2612568035625928,1,Trusted Winners
B091V8HK8Z,"Milton Go Electro 2.0 Stainless Steel Electric Kettle, 1 Piece, 2 Litres, Silver | Power Indicator | 1500 Watts | Auto Cut-off | Detachable 360 Degree Connector | Boiler for Water",Home&Kitchen,0.6024737652593882,0.02899628252788104,0.5240774439829896,0.005880687043922777,0.2162295893122217,1,Trusted Winners
B071VNHMX2,Philips Daily Collection HD2582/00 830-Watt 2-Slice Pop-up Toaster (White),Home&Kitchen,0.6927334004700471,0.02204496922497174,0.7065692308578605,0.0,0.0,1,Trusted Winners
B08MVSGXMY,Crompton Insta Comfy 800 Watt Room Heater with 2 Heat Settings(Grey Blue),Home&Kitchen,0.3520657021818518,0.0260347129506008,0.3212662317914808,0.006805076180857928,0.32904502721425033,0,Visibility Builders
B00H0B29DI,USHA Heat Convector 812 T 2000-Watt with Instant Heating Feature (Black),Home&Kitchen,0.567072553325057,0.01773533424283765,0.49504983507747735,0.010810605404744324,0.24443344878772885,0,Visibility Builders
B01GZSQJPA,"Philips HL7756/00 Mixer Grinder, 750W, 3 Jars (Black)",Home&Kitchen,0.7857284109551681,0.011375763008494471,0.7321798738476466,0.011286352783361703,0.14200890648193962,1,Trusted Winners
B08VGFX2B6,"Kuber Industries Waterproof Round Non Wovan Laundry Bag/Hamper|Metalic Printed With Handles|Foldable Bin & 45 Liter Capicity|Size 37 x 37 x 49, Pack of 1 (Beige & Brown)-KUBMART11450",Home&Kitchen,0.6335087647896479,0.23773416592328275,0.5903075886001938,0.00033590016183406615,0.111578426521524,3,Margin Watchlist
B09GYBZPHF,"Lifelong LLMG93 500 Watt Duos Mixer Grinder, 2 Stainless Steel Jar (Liquidizing and Chutney Jar)| ABS Body, Stainless Steel Blades, 3 Speed Options with Whip (1 Year Warranty, Black)",Home&Kitchen,0.6468225384487168,0.033942558746736295,0.5609947611978813,0.021045236826950996,0.5076694705591291,1,Trusted Winners
B0B4KPCBSH,IKEA Frother for Milk,Home&Kitchen,0.4760469651604009,0.13880500431406384,0.3866471460220641,0.0029256669498364035,0.4163780306778822,0,Visibility Builders
B09CGLY5CX,"Crompton Insta Comfort Heater 2000 Watts Heat Convector with Adjustable Thermostats, Hybrid Cyan, Standard (‎ACGRH- INSTACOMFORT)",Home&Kitchen,0.42209724947292715,0.020955911985169662,0.3884968584267859,0.004486276286567242,0.1781296387926769,0,Visibility Builders
B09JN37WBX,Lint Remover Woolen Clothes Lint Extractor Battery Lint Removing Machine Bhur Remover,Home&Kitchen,0.3724263783063743,0.14799538030028045,0.3608866196366072,0.0038596132947345757,0.6486887679366649,0,Visibility Builders
B01I1LDZGA,"Pigeon Kessel Multipurpose Kettle (12173) 1.2 litres with Stainless Steel Body, used for boiling Water and milk, Tea, Coffee, Oats, Noodles, Soup etc. 600 Watt (Black & Silver)",Home&Kitchen,0.7399775936126465,0.02670201186756083,0.6564698029898681,0.0049222374011199214,0.15437902028698663,1,Trusted Winners
B0BN2576GQ,"C (DEVICE) Lint Remover for Woolen Clothes, Electric Lint Remover, Best Lint Shaver for Clothes Pack of 1",Home&Kitchen,0.15009552169805765,0.08096734373246549,0.13943378256444705,0.004087719460191043,0.6499257793171697,0,Visibility Builders
B06XPYRWV5,Pigeon by Stovekraft 2 Slice Auto Pop up Toaster. A Smart Bread Toaster for Your Home (750 Watt) (black),Home&Kitchen,0.6443373069656406,0.03922225947033188,0.614231567405142,0.010808300770788407,0.40524492825333996,1,Trusted Winners
B01N1XVVLC,"Bajaj OFR Room Heater, 13 Fin 2900 Watts Oil Filled Room Heater with 400W PTC Ceramic Fan Heater, ISI Approved (Majesty 13F Plus Black)",Home&Kitchen,0.5341977504380186,0.004387794303276439,0.4977134438629268,0.08251392211309617,0.4057397328055418,0,Visibility Builders
B00O2R38C4,"Luminous Vento Deluxe 150 mm Exhaust Fan for Kitchen, Bathroom with Strong Air Suction, Rust Proof Body and Dust Protection Shutters (2-Year Warranty, White)",Home&Kitchen,0.7306660818788951,0.04212106843685791,0.680864712825753,0.008646400418538031,0.334735279564572,1,Trusted Winners
B0B2CZTCL2,"Wipro Vesta 1.8 litre Cool touch electric Kettle with Auto cut off | Double Layer outer body | Triple Protection - Dry Boil, Steam & Over Heat |Stainless Steel Inner Body | (Black, 1500 Watt)",Home&Kitchen,0.44297988784649156,0.030023094688221705,0.3958958121677262,0.007473378069520187,0.32904502721425033,0,Visibility Builders
B00PVT30YI,"Kitchen Mart Stainless Steel South Indian Filter Coffee Drip Maker, Madras Kappi, Drip Decotion Maker160ml (2 Cup)",Home&Kitchen,0.644228206749718,0.14410598413842826,0.6002999248786034,0.0032139934386106036,0.41588322612568035,1,Trusted Winners
B00SH18114,"Ikea 903.391.72 Polypropylene Plastic Solid Bevara Sealing Clip (Multicolour) - 30 Pack, Adjustable",Home&Kitchen,0.6117427271290823,0.29506578947368417,0.633801855809082,0.002049361246767401,0.5235032162295894,3,Margin Watchlist
B00E9G8KOY,HUL Pureit Germkill kit for Classic 23 L water purifier - 1500 L Capacity,Home&Kitchen,0.7171327265784294,0.07013157894736842,0.6682518060907103,0.0,0.0,1,Trusted Winners
B00H3H03Q4,HUL Pureit Germkill kit for Classic 23 L water purifier - 3000 L Capacity,Home&Kitchen,0.7321411635004074,0.03814625058220773,0.6985715446612365,0.0,0.0,1,Trusted Winners
B0756K5DYZ,Prestige Iris 750 Watt Mixer Grinder with 3 Stainless Steel Jar + 1 Juicer Jar (White and Blue),Home&Kitchen,0.8230647517176031,0.0123195801137192,0.7297763327639867,0.06042251616153327,0.4631370608609599,1,Trusted Winners
B0188KPKB2,"Preethi Blue Leaf Diamond MG-214 mixer grinder 750 watt (Blue/White), 3 jars & Flexi Lid, FBT motor with 2yr Guarantee & Lifelong Free Service",Home&Kitchen,0.7233850165724169,0.011691844225735219,0.6740788893848123,0.1020952369593576,0.6288965858485898,1,Trusted Winners
B091KNVNS9,Themisto 350 Watts Egg Boiler-Blue,Home&Kitchen,0.5494762353855976,0.11434496567505721,0.5119610440921698,0.004383407155985648,0.4767441860465116,0,Visibility Builders
B075JJ5NQC,"Butterfly Smart Mixer Grinder, 750W, 4 Jars (Grey)",Home&Kitchen,0.7671784157350707,0.012832957667692206,0.6976624269263976,0.033281568463155255,0.3562592775853538,1,Trusted Winners
B0B5KZ3C53,"KENT Smart Multi Cooker Cum Kettle 1.2 Liter 800 Watts, Electric Cooker with Steamer & Boiler for Idlis, Instant Noodles, Momos, Eggs, & Steam Vegetables, Inner Stainless Steel & Cool Touch Outer Body",Home&Kitchen,0.4698461206026616,0.02374839537869063,0.4104359221164086,0.014732208149259662,0.41192478970806534,0,Visibility Builders
B09NTHQRW3,"InstaCuppa Portable Blender for Smoothie, Milk Shakes, Crushing Ice and Juices, USB Rechargeable Personal Blender Machine for Kitchen with 2000 mAh Rechargeable Battery, 150 Watt Motor, 400 ML",Home&Kitchen,0.5354752031883319,0.0210499986835523,0.49890473581424843,0.006452741583715801,0.2028698664027709,0,Visibility Builders
B008YW3CYM,USHA EI 1602 1000 W Lightweight Dry Iron with Non-Stick Soleplate (Multi-colour),Home&Kitchen,0.8116099561985575,0.06830997949419002,0.7562992185065025,0.011227786939174903,0.4868876793666501,1,Trusted Winners
B07QHHCB27,KENT 16044 Hand Blender Stainless Steel 400 W | Variable Speed Control | Easy to Clean and Store | Low Noise Operation,Home&Kitchen,0.6754729544204475,0.028071345809487024,0.6294235340395794,0.00978402021166555,0.29416130628401777,1,Trusted Winners
B0BMFD94VD,"White Feather Portable Heat Sealer Mini Sealing Machine for Food Storage Vacuum Bag, Chip, Plastic, Snack Bags, Package Home Closer Storage Tool (Multicolor) Random Colour",Home&Kitchen,0.1978443928277922,0.17019307061623906,0.1825682762498066,0.001430473791992821,0.4898565066798614,0,Visibility Builders
B00HZIOGXW,Crompton IHL 152 1500-Watt Immersion Water Heater with Copper Heating Element (Black),Home&Kitchen,0.7316447862426381,0.06898188093183778,0.681776842420868,0.0037911733814975455,0.2637308263236022,1,Trusted Winners
B09CKSYBLR,"InstaCuppa Rechargeable Mini Electric Chopper - Stainless Steel Blades, One Touch Operation, for Mincing Garlic, Ginger, Onion, Vegetable, Meat, Nuts, (White, 250 ML, Pack of 1, 45 Watts)",Home&Kitchen,0.5713080388898334,0.04212106843685791,0.5323182263725732,0.006884545012925599,0.334735279564572,0,Visibility Builders
B072J83V9W,Philips PowerPro FC9352/01 Compact Bagless Vacuum Cleaner (Blue),Home&Kitchen,0.7557457321376163,0.005018101426474288,0.755062065546015,0.0181413643653707,0.10885700148441367,1,Trusted Winners
B09MTLG4TP,"SAIELLIN Electric Lint Remover for Clothes Fabric Shaver Lint Shaver for Woolen Clothes Blanket Jackets Stainless Steel Blades, Clothes and Furniture Lint Roller for Fabrics Portable Lint Shavers (White Orange)",Home&Kitchen,0.49482106113580565,0.09742070407807597,0.47694438868897976,0.006511420213664886,0.5851063829787235,0,Visibility Builders
B097XJQZ8H,"Cookwell Bullet Mixer Grinder (5 Jars, 3 Blades, Silver)",Home&Kitchen,0.7011536846002618,0.017077494873547504,0.6533591908482,0.05975309172961706,0.5984661058881741,1,Trusted Winners
B00935MD1C,"Prestige PRWO 1.8-2 700-Watts Delight Electric Rice Cooker with 2 Aluminium Cooking Pans - 1.8 Liters, White",Home&Kitchen,0.7330439331279568,0.013966047889123324,0.617657798014705,0.02165984669046354,0.28377041068777836,1,Trusted Winners
B0BR4F878Q,"Swiffer Instant Electric Water Heater Faucet Tap Home-Kitchen Instantaneous Water Heater Tank less for Tap, LED Electric Head Water Heaters Tail Gallon Comfort(3000W) ((Pack of 1))",Home&Kitchen,0.8402268688626584,0.0342343001353279,0.9160268300236006,0.011340168215232054,0.3325086590796636,1,Trusted Winners
B0B3G5XZN5,"InstaCuppa Portable Blender for Smoothie, Milk Shakes, Crushing Ice and Juices, USB Rechargeable Personal Blender Machine for Kitchen with 4000 mAh Rechargeable Battery, 230 Watt Motor, 500 ML",Home&Kitchen,0.48628634393916403,0.01650025385005923,0.48335488775847985,0.008203988031983701,0.22266204849084614,0,Visibility Builders
B07WKB69RS,"Lifelong LLWH106 Flash 3 Litres Instant Water Heater for Home Use, 8 Bar Pressure,Power On/Off Indicator and Advanced Safety, (3000W, ISI Certified, 2 Years Warranty)",Home&Kitchen,0.6613563775597395,0.01966122202056866,0.6019122436245554,0.05518200977612932,0.6135576447303316,1,Trusted Winners
B09DL9978Y,"Hindware Atlantic Compacto 3 Litre Instant water heater with Stainless Steel Tank, Robust Construction, Pressure Relief Valve And I-thermostat Feature (White And Grey)",Home&Kitchen,0.4703678847554192,0.01754020315482328,0.4381835081450003,0.024837903977067192,0.4868876793666501,0,Visibility Builders
B06XMZV7RH,ATOM Selves-MH 200 GM Digital Pocket Scale,Home&Kitchen,0.650280337110423,0.1299555707450444,0.5779107216105333,0.0029934285320623736,0.36665017318159326,1,Trusted Winners
B09WMTJPG7,Crompton InstaBliss 3-L Instant Water Heater (Geyser) with Advanced 4 Level Safety,Home&Kitchen,0.7414361375532601,0.016190437617707214,0.6909020858078379,0.03218269185246711,0.41588322612568035,1,Trusted Winners
B09ZK6THRR,"Croma 1100 W Dry Iron with Weilburger Dual Soleplate Coating (CRSHAH702SIR11, White)",Home&Kitchen,0.5671220139486164,0.08999011097681574,0.5395234249828391,0.007121133593946315,0.5403265710044534,0,Visibility Builders
B07MP21WJD,"Lint Roller with 40 Paper Sheets, 22 x 5 cm (Grey)",Home&Kitchen,0.5719609289772105,0.17175080558539205,0.5329269880506647,0.0007443805675019872,0.1825828797624938,0,Visibility Builders
B09XB1R2F3,"Portable Lint Remover Pet Fur Remover Clothes Fuzz Remover Pet Hairball Quick Epilator Shaver Removing Dust Pet Hair from Clothing Furniture Perfect for Clothing,Furniture,Couch,Carpet (Standard)",Home&Kitchen,0.37721140621134647,0.2006762716847986,0.3335399277814256,0.0056365246479232,0.6754082137555666,0,Visibility Builders
B08Y5QJXSR,atomberg Renesa 1200mm BLDC Motor with Remote 3 Blade Energy Saving Ceiling Fan (Matt Black),Home&Kitchen,0.791563692817294,0.012365250475586556,0.7732880206413576,0.030924578231360845,0.3297872340425532,1,Trusted Winners
B07WJXCTG9,"Pigeon by Stovekraft Amaze Plus Electric Kettle (14313) with Stainless Steel Body, 1.8 litre, used for boiling Water, making tea and coffee, instant noodles, soup etc. 1500 Watt (Silver)",Home&Kitchen,0.6974107517838586,0.057262254348317145,0.6190803012944518,0.010858155599297467,0.4631370608609599,1,Trusted Winners
B09NBZ36F7,Usha CookJoy (CJ1600WPC) 1600 Watt Induction cooktop (Black),Home&Kitchen,0.7191703953917644,0.020634400745761002,0.6861394259066799,0.03312282673672068,0.4987629886194953,1,Trusted Winners
B0912WJ87V,"Reffair AX30 [MAX] Portable Air Purifier for Car, Home & Office | Smart Ionizer Function | H13 Grade True HEPA Filter [Internationally Tested] Aromabuds Fragrance Option - Black",Car&Motorbike,0.5414942654446186,0.016673792218896963,0.47434355580596055,0.021676961114953618,0.39485403265710045,0,Visibility Builders
B0BMTZ4T1D,!!1000 Watt/2000-Watt Room Heater!! Fan Heater!!Pure White!!HN-2500!!Made in India!!,Home&Kitchen,0.19167039143712314,0.058908431793770144,0.17920105095616665,0.003764848832329994,0.5677882236516576,0,Visibility Builders
B07Z51CGGH,"Eureka Forbes Wet & Dry Ultimo 1400 Watts Multipurpose Vacuum Cleaner,Power Suction & Blower with 20 litres Tank Capacity,6 Accessories,1 Year Warranty,Compact,Light Weight & Easy to use (Red)",Home&Kitchen,0.6462928922399551,0.0070921985815602835,0.5605507159656015,0.07009334692936213,0.42305789213260764,1,Trusted Winners
B0BDG6QDYD,Activa Heat-Max 2000 Watts Room Heater (White color ) with ABS body,Home&Kitchen,0.403081906753844,0.04680639306832152,0.3754343865049514,0.010598708781139056,0.5578921326076199,0,Visibility Builders
B00YQLG7GK,"PHILIPS HL1655/00 Hand Blender, White Jar 250W",Home&Kitchen,0.7379691609626632,0.025430833721471823,0.7041552963030494,0.0,0.0,1,Trusted Winners
B00SMJPA9C,"Bajaj DX-2 600W Dry Iron with Advance Soleplate and Anti-Bacterial German Coating Technology, Grey",Home&Kitchen,0.6185073720190357,0.0843265478325071,0.5763231456193445,0.006573828565859906,0.4767441860465116,1,Trusted Winners
B0B9RN5X8B,V-Guard Zio Instant Water Geyser | 3 Litre | 3000 W Heating | White-Blue | | 2 Year Warranty,Home&Kitchen,0.5528806453239399,0.01597082740196174,0.5256695900964797,0.026663268122415634,0.4468085106382979,0,Visibility Builders
B08QW937WV,Homeistic Applience™ Instant Electric Water Heater Faucet Tap For Kitchen And Bathroom Sink Digital Water Heating Tap with Shower Head ABS Body- Shock Proof (Pack Of 1. White),Home&Kitchen,0.2310723332652772,0.031895173015411456,0.21664318845987068,0.00863763109675249,0.5789213260761998,0,Visibility Builders
B0B4PPD89B,"Kitchenwell 18Pc Plastic Food Snack Bag Pouch Clip Sealer for Keeping Food Fresh for Home, Kitchen, Camping Snack Seal Sealing Bag Clips (Multi-Color) | (Pack of 18)|",Home&Kitchen,0.35365614697769154,0.519653564290473,0.3271118211835629,0.0,0.0,3,Margin Watchlist
B08GM5S4CQ,Havells Instanio 10 Litre Storage Water Heater with Flexi Pipe and Free installation (White Blue),Home&Kitchen,0.5769506416022553,0.0064603569008357805,0.5720522290953604,0.10150710111301156,0.5551707075705097,0,Visibility Builders
B00NM6MO26,Prestige PIC 16.0+ 1900W Induction Cooktop with Soft Touch Push Buttons (Black),Home&Kitchen,0.7418837687373318,0.015215949436229566,0.6747333925635489,0.02229652733773725,0.3166749134092034,1,Trusted Winners
B083M7WPZD,"AGARO 33398 Rapid 1000-Watt, 10-Litre Wet & Dry Vacuum Cleaner, with Blower Function (Red & Black)",Home&Kitchen,0.6235695611202499,0.012832957667692206,0.567884290197913,0.042080204639099276,0.46511627906976744,1,Trusted Winners
B07GLSKXS1,KENT 16026 Electric Kettle Stainless Steel 1.8 L | 1500W | Superfast Boiling | Auto Shut-Off | Boil Dry Protection | 360° Rotating Base | Water Level Indicator,Home&Kitchen,0.6131439502856213,0.03338308239322242,0.5457126389198359,0.01109781009608629,0.37629886194952994,1,Trusted Winners
B09F6KL23R,"SKYTONE Stainless Steel Electric Meat Grinders with Bowl 700W Heavy for Kitchen Food Chopper, Meat, Vegetables, Onion , Garlic Slicer Dicer, Fruit & Nuts Blender (2L, 700 Watts)",Home&Kitchen,0.564045330035157,0.029032978485818508,0.5145600404481983,0.018827761387822,0.48490846115784264,0,Visibility Builders
B094G9L9LT,KENT 16088 Vogue Electric Kettle 1.8 Litre 1500 W | Stainless Steel body | Auto shut off over heating protection | 1 Year Warranty,Home&Kitchen,0.4414820963228108,0.039039039039039033,0.39470059129744606,0.010118788474566872,0.4606630380999505,0,Visibility Builders
B09FZ89DK6,"Eureka Forbes Supervac 1600 Watts Powerful Suction,bagless Vacuum Cleaner with cyclonic Technology,7 Accessories,1 Year Warranty,Compact,Lightweight & Easy to use (Red)",Home&Kitchen,0.5463689034640925,0.007185408094331511,0.5193270174921301,0.05267212856826872,0.4156358238495795,0,Visibility Builders
B0811VCGL5,"Mi Air Purifier 3 with True HEPA Filter, removes air pollutants, smoke, odor, bacteria & viruses with 99.97% efficiency, coverage area up to 484 sq. ft., Wi-Fi & Voice control - Alexa/GA (white)",Home&Kitchen,0.6407100928817085,0.00442643720635591,0.6244511748556091,0.04677305565931909,0.2446808510638298,1,Trusted Winners
B07FXLC2G2,"Tata Swach Bulb 6000-Litre Cartridge, 1 Piece, White, Hollow Fiber Membrane",Home&Kitchen,0.6215941330852233,0.06175539134368874,0.5922926680057227,1.4981034740247686e-05,0.0,1,Trusted Winners
B01LYU3BZF,Havells Ambrose 1200mm Ceiling Fan (Gold Mist Wood),Home&Kitchen,0.7076888504519275,0.020068930853737343,0.6908067021767699,0.01690249874218268,0.3297872340425532,1,Trusted Winners
B083RC4WFJ,"PrettyKrafts Laundry Bag / Basket for Dirty Clothes, Folding Round Laundry Bag,Set of 2, Black Wave",Home&Kitchen,0.6367436195875268,0.13470394736842106,0.6069117849981108,0.007350806990661108,0.6234537357743691,1,Trusted Winners
B09SFRNKSR,"FABWARE Lint Remover for Clothes - Sticky Lint Roller for Clothes, Furniture, Wool, Coat, Car Seats, Carpet, Fabric, Dust Cleaner, Pet Hair Remover with 1 Handle & 1 Refill Total 60 Sheets & 1 Cover",Home&Kitchen,0.4376052080108806,0.1515365595196044,0.42365175251257614,0.002119890573979925,0.4354280059376547,0,Visibility Builders
B07NRTCDS5,Brayden Fito Atom Rechargeable Smoothie Blender with 2000 mAh Battery and 3.7V Motor with 400ml Tritan Jar (Blue),Home&Kitchen,0.5938834690027374,0.03252710592160133,0.5169950464994142,0.004293954080597316,0.1880257298367145,1,Trusted Winners
B07SPVMSC6,Bajaj Frore 1200 mm Ceiling Fan (Brown),Home&Kitchen,0.705244849802942,0.030077875173996464,0.6571722351396136,0.021433343010365476,0.4767441860465116,1,Trusted Winners
B09H3BXWTK,"Venus Digital Kitchen Weighing Scale & Food Weight Machine for Health, Fitness, Home Baking & Cooking Scale, 2 Year Warranty & Battery Included (Weighing Scale Without Bowl) Capacity 10 Kg, 1 Gm",Home&Kitchen,0.49067168621017593,0.06682189614269396,0.441550438865709,0.02601648279643273,0.7622464126669966,0,Visibility Builders
B0073QGKAS,Bajaj ATX 4 750-Watt Pop-up Toaster (White),Home&Kitchen,0.7050962137312163,0.029440679751413224,0.6882485053878868,0.0,0.0,1,Trusted Winners
B08GJ57MKL,"Coway Professional Air Purifier for Home, Longest Filter Life 8500 Hrs, Green True HEPA Filter, Traps 99.99% Virus & PM 0.1 Particles, Warranty 7 Years (AirMega 150 (AP-1019C))",Home&Kitchen,0.6365629546882299,0.003135964912280702,0.6339034276560394,0.6980518171075436,0.8273132112815439,2,Revenue Upside
B009DA69W6,KENT Gold Optima Gravity Water Purifier (11016) | UF Technology Based | Non-Electric & Chemical Free | Counter Top | 10L Storage | White,Home&Kitchen,0.7209203399641347,0.021746538211331747,0.5916054257392989,0.003492353850693599,0.0979713013359723,1,Trusted Winners
B099PR2GQJ,HOMEPACK 750W Radiant Room Home Office Heaters For Winter,Home&Kitchen,0.30174935578582573,0.06009244992295839,0.2776192738798332,0.0025453605004332647,0.32904502721425033,0,Visibility Builders
B08G8H8DPL,"Bajaj Rex 750W Mixer Grinder with Nutri Pro Feature, 4 Jars, White",Home&Kitchen,0.6566391707946921,0.012635466783301744,0.5976580837313332,0.049470997174207394,0.48490846115784264,1,Trusted Winners
B08VGM3YMF,"Heart Home Waterproof Round Non Wovan Laundry Bag/Hamper|Metalic Printed With Handles|Foldable Bin & 45 Liter Capicity|Size 37 x 37 x 49, Pack of 1 (Grey & Black)-HEARTXY11447",Home&Kitchen,0.5861710050105394,0.21145199682623644,0.5461761953539136,0.004238190672522717,0.6086095992083126,3,Margin Watchlist
B08TTRVWKY,"MILTON Smart Egg Boiler 360-Watts (Transparent and Silver Grey), Boil Up to 7 Eggs",Home&Kitchen,0.5786724505905106,0.040156122791054065,0.5622984114569691,0.011157263718037222,0.44680851063829785,0,Visibility Builders
B07T4D9FNY,"iBELL SEK15L Premium 1.5 Litre Stainless Steel Electric Kettle,1500W Auto Cut-Off Feature,Silver with Black",Home&Kitchen,0.5936033639657421,0.06182625237793279,0.5409919535243974,0.011817110733647822,0.5442850074220683,0,Visibility Builders
B07RX42D3D,Tosaa T2STSR Sandwich Gas Toaster Regular (Black),Home&Kitchen,0.7314218389578634,0.15394736842105264,0.6489426331002522,0.0015865192183097964,0.25086590796635333,1,Trusted Winners
B08WRKSF9D,"V-Guard Divino 5 Star Rated 15 Litre Storage Water Heater (Geyser) with Advanced Safety Features, White",Home&Kitchen,0.6692847935364303,0.006948437411423621,0.6674248673975732,0.03227698428448626,0.2612568035625928,1,Trusted Winners
B09R83SFYV,"Akiara® - Makes life easy Mini Sewing Machine with Table Set | Tailoring Machine | Hand Sewing Machine with extension table, foot pedal, adapter",Home&Kitchen,0.5378961500904176,0.025588735990920698,0.4615435252885814,0.013158287843260398,0.3753092528451262,0,Visibility Builders
B07989VV5K,"Usha Steam Pro SI 3713, 1300 W Steam Iron, Powerful steam Output up to 18 g/min, Non-Stick Soleplate (White & Blue)",Home&Kitchen,0.6551216322496298,0.03698435277382646,0.5396328555422399,0.008857674274406068,0.32063334982681846,1,Trusted Winners
B07FL3WRX5,"Wonderchef Nutri-blend Complete Kitchen Machine | 22000 RPM Mixer Grinder, Blender, Chopper, Juicer | 400W Powerful motor | SS Blades | 4 Unbreakable Jars | 2 Years Warranty | Online Recipe Book By Chef Sanjeev Kapoor | Black",Home&Kitchen,0.7192942609832289,0.011510665113830346,0.6062989975266972,0.05549159063054541,0.44854032657100446,1,Trusted Winners
B0BPCJM7TB,"WIDEWINGS Electric Handheld Milk Wand Mixer Frother for Latte Coffee Hot Milk, Milk Frother for Coffee, Egg Beater, Hand Blender, Coffee Beater with Stand",Home&Kitchen,0.2918890769869754,0.15850436903068482,0.27083159496982034,0.005205763899175144,0.7323107372587828,0,Visibility Builders
B08H673XKN,"Morphy Richards Icon Superb 750W Mixer Grinder, 4 Jars, Silver and Black",Home&Kitchen,0.6516145773364168,0.013267240122466833,0.6212416395390913,0.07139291704661216,0.6026719445818902,1,Trusted Winners
B07DXRGWDJ,"Philips Handheld Garment Steamer GC360/30 - Vertical & Horizontal Steaming, 1200 Watt, up to 22g/min",Home&Kitchen,0.5905261886481921,0.009112149532710279,0.5142336784824196,0.024408337020624955,0.272637308263236,0,Visibility Builders
B08243SKCK,"Vedini Transparent Empty Refillable Reusable Fine Mist Spray Bottle for Perfume, Travel with DIY Sticker Set ( 100ml, Pack of 4)",Home&Kitchen,0.6105130311750615,0.2280701754385965,0.5815849381056716,0.0016185366120514682,0.384463137060861,3,Margin Watchlist
B09SPTNG58,"Crompton Sea Sapphira 1200 mm Ultra High Speed 3 Blade Ceiling Fan (Lustre Brown, Pack of 1)",Home&Kitchen,0.7024732759596874,0.027623406341941808,0.6235184414994971,0.015237272026865057,0.36665017318159326,1,Trusted Winners
B083J64CBB,"Kuber Industries Waterproof Canvas Laundry Bag/Hamper|Metalic Printed With Handles|Foldable Bin & 45 Liter Capicity|Size 37 x 37 x 46, Pack of 1 (Brown)",Home&Kitchen,0.712220593293685,0.20629463104998677,0.6478722161240595,0.005149566678450118,0.5937654626422563,3,Margin Watchlist
B08JV91JTK,JM SELLER 180 W 2021 Edition Electric Beater High Speed Hand Mixer Egg Beater for Cake Making and Whipping Cream with 7 Speed Control (White) with Free Spatula and Oil Brush,Home&Kitchen,0.4868483416151132,0.08877415056628914,0.45355434668442746,0.009680160273204529,0.6491835724888668,0,Visibility Builders
B0BQ3K23Y1,"Oratech Coffee Frother electric, milk frother electric, coffee beater, cappuccino maker, Coffee Foamer, Mocktail Mixer, Coffee Foam Maker, coffee whisker electric, Froth Maker, coffee stirrers electric, coffee frothers, Coffee Blender, (6 Month Warranty) (Multicolour)",Home&Kitchen,0.25973245710182435,0.1765704584040747,0.24601388791624434,0.0013771581266603511,0.5225136071251856,0,Visibility Builders
B09MT94QLL,"Havells Glaze 74W Pearl Ivory Gold Ceiling Fan, Sweep: 1200 Mm",Home&Kitchen,0.5561981154008201,0.021563413285590163,0.5288989557961107,0.03721207427784696,0.6026719445818902,0,Visibility Builders
B07NKNBTT3,"Pick Ur Needs® Lint Remover for Clothes High Range Rechargeable Lint Shaver for All Types of Clothes, Fabrics, Blanket with 1 Extra Blade Multicolor (Rechargeable)",Home&Kitchen,0.5914695117105335,0.05266451485409393,0.5511162205277998,0.00614390564872698,0.35502226620484906,0,Visibility Builders
B09KPXTZXN,"Rico Japanese Technology Rechargeable Wireless Electric Chopper with Replacement Warranty - Stainless Steel Blades, One Touch Operation, 10 Seconds Chopping, Mincing Vegetable, Meat - 250 ML, 30 Watts",Home&Kitchen,0.572838246400458,0.043258832011535686,0.5224127769696171,0.0144962680208016,0.5244928253339931,0,Visibility Builders
B078HG2ZPS,"Butterfly Smart Wet Grinder, 2L (White) with Coconut Scrapper Attachment, Output - 150 W, Input 260 W",Home&Kitchen,0.729698836287932,0.010943148294120745,0.6474274277988239,0.02635050433121272,0.2798119742701633,1,Trusted Winners
B07N2MGB3G,"AGARO Marvel 9 Liters Oven Toaster Griller, Cake Baking OTG (Black)",Home&Kitchen,0.7012145534246352,0.024766890740683372,0.653415921972096,0.005069989737394186,0.15215239980207815,1,Trusted Winners
B008LN8KDM,Philips GC1920/28 1440-Watt Non-Stick Soleplate Steam Iron,Home&Kitchen,0.6900883269326961,0.02386780905752754,0.673426023823719,0.00409142592527876,0.12765957446808512,1,Trusted Winners
B08MZNT7GP,Havells OFR 13 Wave Fin with PTC Fan Heater 2900 Watts (Black),Home&Kitchen,0.445652508706582,0.0033665851162829868,0.4151326742728054,0.07868612788446452,0.3753092528451262,0,Visibility Builders
B009P2L7CO,"Bajaj DHX-9 1000W Heavy Weight Dry Iron with Advance Soleplate and Anti-Bacterial German Coating Technology, Ivory",Home&Kitchen,0.7086578014612706,0.03922225947033188,0.6760578798215091,0.014022150821863495,0.4468085106382979,1,Trusted Winners
B07YC8JHMB,"Aquasure From Aquaguard Amaze RO+UV+MTDS,7L storage water purifier,suitable for borewell,tanker,municipal water (Grey) from Eureka Forbes",Home&Kitchen,0.7578722100219997,0.00488185337107863,0.6722290392988429,0.14248894297788522,0.47278574962889663,1,Trusted Winners
B0BNQMF152,"ROYAL STEP Portable Electric USB Juice Maker Juicer Bottle Blender Grinder Mixer,6 Blades Rechargeable Bottle with (MULTII) (MULTI COLOUR 6 BLED JUICER MIXER)",Home&Kitchen,0.30768565640348833,0.07609956755616497,0.2816287101152582,0.012606399812885319,0.7048490846115785,0,Visibility Builders
B08J7VCT12,"KENT 16068 Zoom Vacuum Cleaner for Home and Car 130 W | Cordless, Hoseless, Rechargeable HEPA Filters Vacuum Cleaner with Cyclonic Technology | Bagless Design and Multi Nozzle Operation | Blue",Home&Kitchen,0.5750557990391387,0.006012137072213324,0.5358126547745322,0.11087531808225846,0.537605145967343,0,Visibility Builders
B0989W6J2F,ENEM Sealing Machine | 12 Inch (300 mm) | 1 Year Warranty | Full Customer Support | Beep Sound Function | Plastic Packing Machine | Plastic Bag Sealing Machine | Heat Sealer Machine | Plastic Sealing Machine | Blue | Made in India,Home&Kitchen,0.614359532365366,0.025738327008744434,0.5596094252111645,0.0030205614331395617,0.10885700148441366,1,Trusted Winners
B0B84KSH3X,Wipro Vesta 1200 Watt GD203 Heavyweight Automatic Dry Iron| Quick Heat Up| Anti bacterial German Weilburger Double Coated Black Soleplate |2 Years Warranty,Home&Kitchen,0.4261994018170242,0.037178265014299335,0.3824608508904266,0.009254917062835951,0.4324591786244434,0,Visibility Builders
B08HLC7Z3G,"Inalsa Electric Kettle Prism Inox - 1350 W with LED Illumination & Boro-Silicate Body, 1.8 L Capacity along with Cordless Base, 2 Year Warranty (Black)",Home&Kitchen,0.6596769266199023,0.0364680737376436,0.6290028861112908,0.028824647344310658,0.6338446313706086,1,Trusted Winners
B0BN6M3TCM,"VRPRIME Lint Roller Lint Remover for Clothes, Pet | 360 Sheets Reusable Sticky Easy-Tear Sheet Brush for Clothes, Furniture, Carpet, Dog Fur, Sweater, Dust & Dirt (4 Rolls - 90 Sheet Each Roll)",Home&Kitchen,0.33800254042842964,0.09461027317793481,0.3239935464932184,0.004073098128611223,0.5690252350321623,0,Visibility Builders
B01L6MT7E0,"Philips AC1215/20 Air purifier, removes 99.97% airborne pollutants, 4-stage filtration with True HEPA filter (white)",Home&Kitchen,0.642740047925369,0.004782242001184344,0.5989127290084769,0.04950818850468784,0.2738743196437407,1,Trusted Winners
B0B9F9PT8R,"Eopora PTC Ceramic Fast Heating Room Heater for Bedroom, 1500/1000 Watts Room Heater for Home, Electric Heater, Electric Fan Heater for Home Office Bedroom (White)",Home&Kitchen,0.2623474139576717,0.022150700492237788,0.23932926326776502,0.009294564096703753,0.4000494804552202,0,Visibility Builders
B0883LQJ6B,"Usha Goliath GO1200WG Heavy Weight 1200-Watt Dry Iron, 1.8 Kg(Red)",Home&Kitchen,0.6502130154043839,0.03595101180808569,0.619891884908676,0.007694352082245914,0.3013359722909451,1,Trusted Winners
B099Z83VRC,"Wipro Vesta Electric Egg Boiler, 360 Watts, 3 Boiling Modes, Stainless Steel Body and Heating Plate, Boils up to 7 Eggs at a time, Automatic Shut Down, White, Standard (VB021070)",Home&Kitchen,0.5590500718894365,0.04195017010206123,0.5424597931206081,0.009943561722703107,0.43617021276595747,0,Visibility Builders
B00S9BSJC8,Philips Viva Collection HR1832/00 1.5-Litre400-Watt Juicer (Ink Black),Home&Kitchen,0.612542620352924,0.00679051837934581,0.596331673627178,0.03684815924128402,0.2978723404255319,1,Trusted Winners
B0B4SJKRDF,Kitchenwell Multipurpose Portable Electronic Digital Weighing Scale Weight Machine | Weight Machine | 10 Kg,Home&Kitchen,0.16039531074472865,0.18465095793877997,0.1495427719685158,0.0,0.0,0,Visibility Builders
B0BM4KTNL1,"FIGMENT Handheld Milk Frother Rechargeable, 3-Speed Electric Frother for Coffee with 2 Whisks and Coffee Decoration Tool, Coffee Frother Mixer, CRESCENT ENTERPRISES VRW0.50BK (A1)",Home&Kitchen,0.5751003979648088,0.0690083578043822,0.604372915289528,0.01247444067473824,0.6511627906976746,0,Visibility Builders
B08S6RKT4L,"Balzano High Speed Nutri Blender/Mixer/Smoothie Maker - 500 Watt - Silver, 2 Jar",Home&Kitchen,0.5906720682941289,0.017375103784856523,0.5863918868310078,0.02407270791731504,0.4245423057892133,1,Trusted Winners
B09SZ5TWHW,"Swiss Military VC03 Wireless Car Vacuum Cleaner | Wireless Vacuum Cleaner for Home, Car, Living Room | Wireless Vacuum Cleaner Dust Collection/Lighting Car Pet Hair Vacuum with Powerful Motor",Home&Kitchen,0.4735928714281293,0.025873507297655907,0.42721186345179285,0.015329079401613878,0.4438396833250866,0,Visibility Builders
B0BLC2BYPX,"Zuvexa USB Rechargeable Electric Foam Maker - Handheld Milk Wand Mixer Frother for Hot Milk, Hand Blender Coffee, Egg Beater (Black)",Home&Kitchen,0.30910099592594775,0.09666701824702036,0.2953277331367064,0.0059597123096744534,0.7209302325581396,0,Visibility Builders
B00P0R95EA,Usha IH2415 1500-Watt Immersion Heater (Silver),Home&Kitchen,0.6854108619487566,0.08250773993808048,0.63868629198765,0.002147480551047368,0.2028698664027709,1,Trusted Winners
B07W4HTS8Q,ACTIVA Instant 3 LTR 3 KVA SPECIAL Anti Rust Coated Tank Geyser with Full ABS Body with 5 Year Warranty Premium (White),Home&Kitchen,0.6366633763139203,0.020537124802527645,0.552489802460267,0.02901591706797171,0.47006432459178626,1,Trusted Winners
B078JBK4GX,"Havells Instanio 1-Litre 3KW Instant Water Heater (Geyser), White Blue",Home&Kitchen,0.4992369221956242,0.017375103784856523,0.4896511029590111,0.023594957268872844,0.4680851063829788,0,Visibility Builders
B08S7V8YTN,"Lifelong 2-in1 Egg Boiler and Poacher 500-Watt (Transparent and Silver Grey), Boil 8 eggs, Poach 4 eggs, Easy to clean| 3 Boiling Modes, Stainless Steel Body and Heating Plate, Automatic Turn-Off",Home&Kitchen,0.5782883808851346,0.03680698827970677,0.5619109853909583,0.03206978065317573,0.7021276595744681,0,Visibility Builders
B07H5PBN54,"INDIAS®™ Electro-Instant Water Geyser A.B.S. Body Shock Proof Can be Used in Bathroom, Kitchen, wash Area, Hotels, Hospital etc.",Home&Kitchen,0.4268115783620887,0.03492966650861388,0.3634742857524189,0.016468817942416607,0.5215239980207819,0,Visibility Builders
B07YCBSCYB,AmazonBasics Induction Cooktop 1600 Watt (Black),Home&Kitchen,0.5137557365686408,0.021563413285590163,0.4874920381080833,0.016109011263724275,0.40524492825333996,0,Visibility Builders
B098T9CJVQ,"Sui Generis Electric Handheld Milk Wand Mixer Frother for Latte Coffee Hot Milk, Milk Frother, Electric Coffee Beater, Egg Beater, Latte Maker, Mini Hand Blender Cappuccino Maker (Multicolor)",Home&Kitchen,0.3330244364782202,0.18082706766917295,0.3032163555242545,0.003924821099633479,0.640771895101435,0,Visibility Builders
B01KCSGBU2,"Philips Air Purifier Ac2887/20,Vitashield Intelligent Purification,Long Hepa Filter Life Upto 17000 Hours,Removes 99.9% Airborne Viruses & Bacteria,99.97% Airborne Pollutants,Ideal For Master Bedroom",Home&Kitchen,0.5873211332745268,0.0030437670837553223,0.5710135096271517,0.1282444945447266,0.40425531914893614,1,Trusted Winners
B095XCRDQW,"Esquire Laundry Basket Brown, 50 Ltr Capacity(Plastic)",Home&Kitchen,0.6698873023955899,0.04645429362880886,0.6534322878978425,0.010478071245185364,0.43617021276595747,1,Trusted Winners
B09CTWFV5W,"PHILIPS Air Fryer HD9200/90, uses up to 90% less fat, 1400W, 4.1 Liter, with Rapid Air Technology (Black), Large",Home&Kitchen,0.5849249996863359,0.006272801046929033,0.5803938500630661,0.03941597329032529,0.3047996041563583,1,Trusted Winners
B0B7NWGXS6,Havells Bero Quartz Heater Black 800w 2 Heat Settings 2 Year Product Warranty,Home&Kitchen,0.25130949640936845,0.017252540946462093,0.234006866588175,0.0006420216442891558,0.040573973280554176,0,Visibility Builders
B07DZ986Q2,"Philips EasyTouch Plus Standing Garment Steamer GC523/60 - 1600 Watt, 5 Steam Settings, Up to 32 g/min steam, with Double Pole",Home&Kitchen,0.6215941330852233,0.005263832745088777,0.56610876070644,0.01791731754933623,0.1286491835724889,1,Trusted Winners
B07KKJPTWB,"Brayden Chopro, Electric Vegetable Chopper for Kitchen with 500 ML Capacity, 400 Watts Copper Motor and 4 Bi-Level SS Blades (Black)",Home&Kitchen,0.567072553325057,0.0282413350449294,0.5616881112409345,0.005466804250186763,0.21771400296882734,1,Trusted Winners
B071R3LHFM,"Wonderchef Nutri-blend Mixer, Grinder & Blender | Powerful 400W 22000 RPM motor | Stainless steel Blades | 3 unbreakable jars | 2 Years warranty | Online recipe book by Chef Sanjeev Kapoor | Black",Home&Kitchen,0.7019498672848834,0.013452914798206277,0.6075385729738604,0.04400290540650272,0.441860465116279,1,Trusted Winners
B086X18Q71,Usha Janome Dream Stitch Automatic Zig-Zag Electric Sewing Machine with 14 Stitch Function (White and Blue) with Free Sewing KIT Worth RS 500,Home&Kitchen,0.7321469842633275,0.004503681900945853,0.7149093655265987,0.04148449535072994,0.20212765957446807,1,Trusted Winners
B07WVQG8WZ,Black+Decker Handheld Portable Garment Steamer 1500 Watts with Anti Calc (Violet),Home&Kitchen,0.5584438006454566,0.011821764170960897,0.48803973685897584,0.022826547329477902,0.3196437407224147,0,Visibility Builders
B0BFBNXS94,"Personal Size Blender, Portable Blender, Battery Powered USB Blender, with Four Blades, Mini Blender Travel Bottle for Juice, Shakes, and Smoothies (Pink)",Home&Kitchen,0.20356062527963384,0.03528439933915506,0.18542253447815,0.0040719906583696515,0.31296387926768926,0,Visibility Builders
B071113J7M,Sujata Powermatic Plus 900 Watts Juicer Mixer Grinder,Home&Kitchen,0.685538778793658,0.007841122330444107,0.6990497692807858,0.02669981716080723,0.24492825333993073,1,Trusted Winners
B09YLWT89W,"Sure From Aquaguard Delight NXT RO+UV+UF+Taste Adjuster(MTDS),6L water purifier,8 stages purification,Suitable for borewell,tanker,municipal water(Black) from Eureka Forbes",Home&Kitchen,0.7467832751626724,0.004462727642020586,0.6791731780564989,0.15840230916849882,0.48490846115784264,2,Revenue Upside
B0814LP6S9,"PrettyKrafts Laundry Basket for clothes with Lid & Handles, Toys Organiser, 75 Ltr Grey",Home&Kitchen,0.5625909115141204,0.10818713450292397,0.4804775409114233,0.01014213096443634,0.6224641266699655,0,Visibility Builders
B07BKSSDR2,Dr Trust Electronic Kitchen Digital Scale Weighing Machine (Blue),Health&PersonalCare,0.6329842568539926,0.04566477372519173,0.5763512162643921,0.015270803561139887,0.5244928253339931,1,Trusted Winners
B09VGS66FV,"Tesora - Inspired by you Large Premium Electric Kettle 1.8L, Stainless Steel Inner Body - Auto Power Cut, Boil Dry Protection & Cool Touch Double Wall, Portable | 1500 Watts |1 Year Warranty | (White)",Home&Kitchen,0.4982772352927592,0.03347508875970505,0.48862346907604987,0.006016496610268276,0.29391390400791695,0,Visibility Builders
B07RCGTZ4M,"AGARO Ace 1600 Watts, 21.5 kPa Suction Power, 21 litres Wet & Dry Stainless Steel Vacuum Cleaner with Blower Function and Washable Dust Bag",Home&Kitchen,0.6306113785304049,0.006747746531177205,0.5876066736383909,0.05719142602143204,0.3854527461652647,1,Trusted Winners
B0747VDH9L,"INALSA Hand Blender 1000 Watt with Chopper, Whisker, 600 ml Multipurpose Jar|Variable Speed And Turbo Speed Function |100% Copper Motor |Low Noise |ANTI-SPLASH TECHNOLOGY|2 Year Warranty",Home&Kitchen,0.7188183588211714,0.016468962340205,0.717760107513813,0.021707266392990657,0.33745670460168237,1,Trusted Winners
B08XLR6DSB,"akiara - Makes life easy Electric Handy Sewing/Stitch Handheld Cordless Portable White Sewing Machine for Home Tailoring, Hand Machine | Mini Silai | White Hand Machine with Adapter",Home&Kitchen,0.601940399181941,0.04412730856266881,0.43674050694066124,0.011286726291709083,0.3988124690747155,0,Visibility Builders
B08H6CZSHT,"Philips EasySpeed Plus Steam Iron GC2145/20-2200W, Quick Heat Up with up to 30 g/min steam, 110 g steam Boost, Scratch Resistant Ceramic Soleplate, Vertical steam & Drip-Stop",Home&Kitchen,0.5970671679056677,0.015202059575393875,0.5808136721131978,0.0056408449426347184,0.12765957446808512,1,Trusted Winners
B07CVR2L5K,"INALSA Electric Chopper Bullet- 400 Watts with 100% Pure Copper Motor| Chop, Mince, Puree, Dice | Twin Blade Technology| 900 ml Capacity| One Touch Operation, 1.30mtr Long Power Cord (Black/Silver)",Home&Kitchen,0.6713860975278112,0.027269260106788713,0.6695691837763004,0.016812132184887963,0.4245423057892133,1,Trusted Winners
B09J4YQYX3,"Borosil Electric Egg Boiler, 8 Egg Capacity, For Hard, Soft, Medium Boiled Eggs, Steamed Vegetables, Transparent Lid, Stainless Steel Exterior (500 Watts)",Home&Kitchen,0.4732596793774275,0.032278695308679134,0.461803260911959,0.010162770390841576,0.4245423057892133,0,Visibility Builders
B0B2DD8BQ8,Wipro Vesta Grill 1000 Watt Sandwich Maker |Dual function-SW Maker&Griller|Non stick Coat -BPA&PTFE Free |Auto Temp Cut-off| Height Control -180ᶿ&105ᶿ |2 year warranty|SS Finish|Standard size,Home&Kitchen,0.4354549965895452,0.020239993924204447,0.40562241543322786,0.010704794987896973,0.334735279564572,0,Visibility Builders
B0123P3PWE,Rico IRPRO 1500 Watt Japanese Technology Electric Water Heater Immersion Rod Shockproof Protection & Stainless Steel Heating Element for Instant Heating| ISI Certified 1 Year Replacement Warranty,Home&Kitchen,0.7046319501812304,0.04212106843685791,0.6566010028007664,0.001290656961479511,0.07100445324096981,1,Trusted Winners
B08HDCWDXD,"Eureka Forbes Active Clean 700 Watts Powerful Suction & Blower Vacuum Cleaner with Washable HEPA Filter & 6 Accessories,1 Year Warranty,Compact,Light Weight & Easy to use (Red & Black)",Home&Kitchen,0.5100121139169963,0.012913693481895994,0.4664847576616238,0.04695466636068188,0.5442850074220683,0,Visibility Builders
B0836JGZ74,"CSI INTERNATIONAL® Instant Water Geyser, Water Heater, Portable Water Heater, Geyser Made of First Class ABS Plastic 3KW (White)",Home&Kitchen,0.44707219000607107,0.035221514224073054,0.38762578448863294,0.015623580238962577,0.516575952498763,0,Visibility Builders
B0BCKJJN8R,Hindware Atlantic Xceed 5L 3kW Instant Water Heater with Copper Heating Element and High Grade Stainless Steel Tank,Home&Kitchen,0.5282947814088529,0.011121510361065208,0.4732307432864798,0.04699539132431219,0.49208312716476993,0,Visibility Builders
B008P7IF02,Morphy Richards New Europa 800-Watt Espresso and Cappuccino 4-Cup Coffee Maker (Black),Home&Kitchen,0.6361195397029206,0.008340553404766344,0.5656039464543257,0.015269786991772522,0.1640277090549233,1,Trusted Winners
B08CNLYKW5,"Lifelong Power - Pro 500 Watt 3 Jar Mixer Grinder with 3 Speed Control and 1100 Watt Dry Non-Stick soleplate Iron Super Combo (White and Grey, 1 Year Warranty)",Home&Kitchen,0.6931108677836185,0.022954679223072396,0.6000377690647835,0.02838121553035715,0.47006432459178626,1,Trusted Winners
B08C7TYHPB,"iBELL Castor CTEK15L Premium 1.5 Litre Stainless Steel Electric Kettle,1500W Auto Cut-Off Feature,Silver",Home&Kitchen,0.5268915588938091,0.0633719086873811,0.49089992734723364,0.010489050894987513,0.5578921326076199,0,Visibility Builders
B08VJFYH6N,"BAJAJ PYGMY MINI 110 MM 10 W HIGH SPEED OPERATION, USB CHARGING, MULTI-CLIP FUNCTION PERSONAL FAN",Home&Kitchen,0.646593471480281,0.04438707528314457,0.6025047070380526,0.010472141282578938,0.41588322612568035,1,Trusted Winners
B08235JZFB,"Crompton InstaGlide 1000-Watts Dry Iron with American Heritage Coating, Pack of 1 Iron",Home&Kitchen,0.6894632682164974,0.049504643962848295,0.6424633316990944,0.0024925122254636665,0.15215239980207815,1,Trusted Winners
B078XFKBZL,Prestige Clean Home Water Purifier Cartridge,Home&Kitchen,0.6063457489055161,0.065,0.5272775268857745,0.0005845413426841095,0.056407718951014346,1,Trusted Winners
B01M265AAK,Morphy Richards Aristo 2000 Watts PTC Room Heater (White),Home&Kitchen,0.4533723301653215,0.011892098880993915,0.4344391856414589,0.008566550476101954,0.18085106382978725,0,Visibility Builders
B0B694PXQJ,"Gadgetronics Digital Kitchen Weighing Scale & Food Weight Machine for Health, Fitness, Home Baking & Cooking (10 KGs,1 Year Warranty & Batteries Included)",Home&Kitchen,0.3207906214894573,0.05780251630327383,0.3046017694508389,0.01700901829021074,0.8127164769915884,0,Visibility Builders
B00B3VFJY2,"HUL Pureit Germkill kit for Advanced 23 L water purifier - 3000 L Capacity, Sand, Multicolour",Home&Kitchen,0.6528610794417496,0.04398496240601504,0.6224419300967878,0.0,0.0,1,Trusted Winners
B08W9BK4MD,"Tom & Jerry Folding Laundry Basket for Clothes with Lid & Handle, Toys Organiser, 75 Litre, Green",Home&Kitchen,0.43917942264573506,0.11403508771929825,0.3982730856588022,0.005800393354825438,0.5885700148441366,0,Visibility Builders
B09X5HD5T1,"Ikea Little Loved Corner PRODUKT Milk-frother, Coffee/Tea Frother, Handheld Milk Wand Mixer Frother, Black",Home&Kitchen,0.403081906753844,0.1568604918409561,0.35205721974596565,0.0026229618431783184,0.4675903018307769,0,Visibility Builders
B08H6B3G96,"Philips EasySpeed Plus Steam Iron GC2147/30-2400W, Quick Heat up with up to 30 g/min steam, 150g steam Boost, Scratch Resistant Ceramic Soleplate, Vertical steam, Drip-Stop",Home&Kitchen,0.5845314588336837,0.013177539249736763,0.5682043218952474,0.009100710759715275,0.1702127659574468,1,Trusted Winners
B09N3BFP4M,"Bajaj New Shakti Neo Plus 15 Litre 4 Star Rated Storage Water Heater (Geyser) with Multiple Safety System, White",Home&Kitchen,0.5296729318655528,0.007278835386338185,0.47439545695871105,0.07660662170623275,0.5017318159327067,0,Visibility Builders
B09DSQXCM8,"House of Quirk Reusable Sticky Picker Cleaner Easy-Tear Sheets Travel Pet Hair Lint Rollers Brush (10cm Sheet, Set of 3 Rolls, 180 Sheets, 60 Sheets Each roll Lint Roller Remover, Multicolour)",Home&Kitchen,0.5340460614219781,0.13386727688787184,0.4780937739678986,0.00257420788685539,0.3859475507174666,0,Visibility Builders
B01M69WCZ6,"Allin Exporters J66 Ultrasonic Humidifier Cool Mist Air Purifier for Dryness, Cold & Cough Large Capacity for Room, Baby, Plants, Bedroom (2.4 L) (1 Year Warranty)",Home&Kitchen,0.6392488897076419,0.01825372680255552,0.5819895396782468,0.020043897968714572,0.3661553686293914,1,Trusted Winners
B0BM9H2NY9,Multifunctional 2 in 1 Electric Egg Boiling Steamer Egg Frying Pan Egg Boiler Electric Automatic Off with Egg Boiler Machine Non-Stick Electric Egg Frying Pan-Tiger Woods (Multy),Home&Kitchen,0.5971006970693331,0.0690083578043822,0.6298094544982568,0.012951646788622165,0.6511627906976746,1,Trusted Winners
B099FDW2ZF,"Maharaja Whiteline Nano Carbon Neo, 500 Watts Room Heater (Black, White), Standard (5200100986)",Home&Kitchen,0.41020701563041634,0.034072022160664815,0.3820780532906393,0.0026100084594373914,0.1825828797624938,0,Visibility Builders
B0B935YNR7,"KENT Electric Chopper-B for Kitchen 250 Watt | Chop, Mince, Puree, Whisk, 400 ml Capacity | Stainless Steel Double Chopping Blades | Transparent Chopping Bowl | Anti-Skid | One Touch Operation | Black",Home&Kitchen,0.4698461206026616,0.028910303928836173,0.41725116026410164,0.01868419942065983,0.5170707570509648,0,Visibility Builders
B07JGCGNDG,Crompton Amica 15-L 5 Star Rated Storage Water Heater (Geyser) with Free Installation (White),Home&Kitchen,0.7127762717235058,0.006188080495356037,0.6641915908366253,0.08073948891354034,0.41588322612568035,1,Trusted Winners
B08L12N5H1,"Eureka Forbes car Vac 100 Watts Powerful Suction Vacuum Cleaner with Washable HEPA Filter, 3 Accessories,Compact,Light Weight & Easy to use (Black and Red)",Home&Kitchen,0.5322798535279143,0.0,0.0,0.005131388829335909,0.0,0,Visibility Builders
B07GWTWFS2,"KENT 16025 Sandwich Grill 700W | Non-Toxic Ceramic Coating | Automatic Temperature Cut-off with LED Indicator | Adjustable Height Control, Metallic Silver, Standard",Home&Kitchen,0.6524696190635451,0.024766890740683372,0.6079820918397894,0.004340145417606009,0.14200890648193962,1,Trusted Winners
B09KRHXTLN,"Candes Gloster All in One Silent Blower Fan Room Heater Ideal for Small and Medium Area, 2000 Watts (White)",Home&Kitchen,0.44347275750938214,0.03744276500418492,0.40189257912019094,0.006733523810439643,0.35700148441365664,0,Visibility Builders
B09H34V36W,"Inalsa Electric Fan Heater Hotty - 2000 Watts Variable Temperature Control Cool/Warm/Hot Air Selector | Over Heat Protection | ISI Certification, White",Home&Kitchen,0.3947705148128542,0.028910303928836173,0.35694401100370615,0.010903457372635436,0.4324591786244434,0,Visibility Builders
B09J2QCKKM,Havells Zella Flap Auto Immersion Rod 1500 Watts,Home&Kitchen,0.4409762988395937,0.028071345809487024,0.41077156731103154,0.021266559773857666,0.578179119247897,0,Visibility Builders
B09XRBJ94N,"iBELL SM1301 3-in-1 Sandwich Maker with Detachable Plates for Toast / Waffle / Grill , 750 Watt (Black)",Home&Kitchen,0.4885101762313108,0.02109540102646674,0.4704733959422934,0.02952813729914447,0.5851063829787235,0,Visibility Builders
B07SLNG3LW,"Inalsa Vacuum Cleaner Wet and Dry Micro WD10 with 3in1 Multifunction Wet/Dry/Blowing| 14KPA Suction and Impact Resistant Polymer Tank,(Yellow/Black)",Home&Kitchen,0.6941370962699699,0.010372198960734305,0.6162118325493554,0.10767036728921986,0.6078673923800099,1,Trusted Winners
B0BNDGL26T,"MR. BRAND Portable USB Juicer Electric USB Juice Maker Mixer Bottle Blender Grinder Mixer,6 Blades Rechargeable Bottle with (Multi color) (MULTI MIXER 6 BLED)",Home&Kitchen,0.362566099507524,0.0575888619343951,0.305137571042905,0.014854944043918688,0.5333993072736268,0,Visibility Builders
B095PWLLY6,Crompton Hill Briz Deco 1200mm (48 inch) High Speed Designer Ceiling Fan (Smoked Brown),Home&Kitchen,0.7436487596938801,0.022756447660170383,0.67633268388796,0.010323459200901894,0.23750618505690252,1,Trusted Winners
B07Y9PY6Y1,"Sujata Powermatic Plus, Juicer Mixer Grinder with Chutney Jar, 900 Watts, 3 Jars (White)",Home&Kitchen,0.6590638600152481,0.0070780399274047185,0.6712653987816605,0.03645399182800525,0.2894606630380999,1,Trusted Winners
B0BJ966M5K,Aquadpure Copper + Mineral RO+UV+UF 10 to 12 Liter RO + UV + TDS ADJUSTER Water Purifier with Copper Charge Technology black & copper Best For Home and Office (Made In India),Home&Kitchen,0.3724263783063743,0.009443994061970287,0.3608866196366072,0.17951689742951515,0.9104403760514597,0,Visibility Builders
B086GVRP63,Amazon Basics 650 Watt Drip Coffee Maker with Borosilicate Carafe,Home&Kitchen,0.49582444230635636,0.03539019963702359,0.4619260230560491,0.014471281099142986,0.5071746660069273,0,Visibility Builders
B08MVXPTDG,"Crompton Insta Delight Fan Circulator Room Heater with 3 Heat Settings (Slate Grey & Black, 2000 Watt)",Home&Kitchen,0.3207906214894573,0.016246697825645192,0.298731707091682,0.012447508839654224,0.3854527461652647,0,Visibility Builders
B0BMZ6SY89,!!HANEUL!!1000 Watt/2000-Watt Room Heater!! Fan Heater!!Pure White!!HN-2500!!Made in India!!Thermoset!!,Home&Kitchen,0.21386041432630487,0.03881505766641297,0.19720453266334115,0.0036079735767113696,0.37011380504700647,0,Visibility Builders
B09P1MFKG1,"Melbon VM-905 2000-Watt Room Heater (ISI Certified, White Color) Ideal Electric Fan Heater for Small to Medium Room/Area (Plastic Body)",Home&Kitchen,0.17760722968370102,0.04730513658896741,0.1660726054575759,0.008565301074631278,0.7624938149430974,0,Visibility Builders
B01LY9W8AF,"Cello Eliza Plastic Laundry Bag/Basket, 50 litres, Light Grey",Home&Kitchen,0.6858894602151301,0.04318904991472932,0.6542034197813843,0.004693703065731218,0.2285997031172687,1,Trusted Winners
B07ZJND9B9,ACTIVA 1200 MM HIGH SPEED 390 RPM BEE APPROVED 5 STAR RATED APSRA CEILING FAN BROWN 2 Years Warranty,Home&Kitchen,0.6698873023955899,0.03642066950816532,0.5950022273297337,0.014385148658644311,0.43419099455714993,1,Trusted Winners
B0B2CWRDB1,Shakti Technology S5 High Pressure Car Washer Machine 1900 Watts and Pressure 125 Bar with 10 Meter Hose Pipe,Home&Kitchen,0.39659625306123025,0.007185408094331511,0.37303575650044896,0.03823345124235757,0.4156358238495795,0,Visibility Builders
B072NCN9M4,"AMERICAN MICRONIC- Imported Wet & Dry Vacuum Cleaner, 21 Litre Stainless Steel with Blower & HEPA filter, 1600 Watts 100% Copper Motor 28 KPa suction with washable reusable dust bag (Red/Black/Steel)-AMI-VCD21-1600WDx",Home&Kitchen,0.619240420745909,0.004850918653825652,0.5900193280392083,0.044235648733677635,0.25977238990598717,1,Trusted Winners
B08SKZ2RMG,"Demokrazy New Nova Lint Cum Fuzz Remover for All Woolens Sweaters, Blankets, Jackets Remover Pill Remover from Carpets, Curtains (Pack of 1)",Home&Kitchen,0.5345002364719383,0.08858725761772852,0.4979955285370373,0.006750160403658839,0.5274616526472043,0,Visibility Builders
B0B53DS4TF,"Instant Pot Air Fryer, Vortex 2QT, Touch Control Panel, 360° EvenCrisp™ Technology, Uses 95 % less Oil, 4-in-1 Appliance: Air Fry, Roast, Bake, Reheat (Vortex 1.97Litre, Black)",Home&Kitchen,0.6390740049978383,0.009862494073020388,0.6911383707407012,0.23186647981146902,0.8906481939633845,2,Revenue Upside
B08BJN4MP3,HUL Pureit Eco Water Saver Mineral RO+UV+MF AS wall mounted/Counter top Black 10L Water Purifier,Home&Kitchen,0.7018637227150655,0.003225794323654698,0.7005765128620707,0.18355129946068297,0.47897080653142016,2,Revenue Upside
B0BCYQY9X5,"Livpure Glo Star RO+UV+UF+Mineraliser - 7 L Storage Tank, 15 LPH Water Purifier for Home, Black",Home&Kitchen,0.35365614697769154,0.00519256135396734,0.33385259219288327,0.06811099835586623,0.5106382978723405,0,Visibility Builders
B009UORDX4,"Philips Hi113 1000-Watt Plastic Body Ptfe Coating Dry Iron, Pack of 1",Home&Kitchen,0.6853468238879609,0.04650324441240086,0.6687377925133565,0.0004294559823102178,0.03191489361702128,1,Trusted Winners
B08VGDBF3B,Kuber Industries Round Non Woven Fabric Foldable Laundry Basket|Toy Storage Basket|Cloth Storage Basket With Handles| Capicity 45 Ltr (Grey & Black)-KUBMART11446,Home&Kitchen,0.44753966925394356,0.1039307128580946,0.4111053053320573,0.0011217595622134964,0.2078179119247897,0,Visibility Builders
B012ELCYUG,"Preethi MGA-502 0.4-Litre Grind and Store Jar (White), stainless steel, Set of 1",Home&Kitchen,0.6500444536244572,0.06949854952341483,0.6337375730141366,0.0,0.0,1,Trusted Winners
B07S9M8YTY,"Usha Aurora 1000 W Dry Iron with Innovative Tail Light Indicator, Weilburger Soleplate (White & Grey)",Home&Kitchen,0.6549001195318183,0.05725611098876899,0.5960901515414997,0.010622458384154392,0.47501237011380504,1,Trusted Winners
B0B19VJXQZ,"ECOVACS DEEBOT N8 2-in-1 Robotic Vacuum Cleaner, 2022 New Launch, Most Powerful Suction, Covers 2000+ Sq. Ft in One Charge, Advanced dToF Technology with OZMO Mopping (DEEBOT N8) - White",Home&Kitchen,0.6614437648498241,0.0016185625353706849,0.6594150451910589,0.5101264116893769,0.5769421078673925,2,Revenue Upside
B00SMFPJG0,"Kent Gold, Optima, Gold+ Spare Kit",Home&Kitchen,0.6911354764015625,0.06483659070634984,0.6440219015349962,0.00034979805093521906,0.030430479960415632,1,Trusted Winners
B0BHYLCL19,AVNISH Tap Water Purifier Filter Faucet 6 Layer Carbon Activated Dust Chlorine Remover Water Softener for Drinking Cartridge Alkaline Taps for Kitchen Sink Bathroom Wash Basin (6-Layer Filtration),Home&Kitchen,0.28058098809486504,0.19143714207799292,0.25716062517602845,0.0013930296653593634,0.46313706086095996,0,Visibility Builders
B0BPJBTB3F,Khaitan ORFin Fan heater for Home and kitchen-K0 2215,Home&Kitchen,0.0847401842739707,0.015801628783274582,0.07857937606581464,0.0024426176342591597,0.23750618505690252,0,Visibility Builders
B08MXJYB2V,USHA RapidMix 500-Watt Copper Motor Mixer Grinder with 3 Jars and 5 Years Warranty(Sea Green/White),Home&Kitchen,0.6600928235478365,0.016763018202918485,0.6007725638517578,0.01497026675173327,0.277090549233053,1,Trusted Winners
B081B1JL35,"CSI INTERNATIONAL® Instant Water Geyser, Water Heater, Portable Water Heater, Geyser Made of First Class ABS Plastic 3KW (Red)",Home&Kitchen,0.4982772352927592,0.036199889619186194,0.431667184958198,0.017413014141495008,0.5309252845126176,0,Visibility Builders
B09VL9KFDB,Havells Gatik Neo 400mm Pedestal Fan (Aqua Blue),Home&Kitchen,0.4617580299325576,0.01625677365568987,0.41083429773423474,0.020043016026655827,0.40425531914893614,0,Visibility Builders
B0B1MDZV9C,"INALSA Upright Vacuum Cleaner, 2-in-1,Handheld & Stick for Home & Office Use,800W- with 16KPA Strong Suction & HEPA Filtration|0.8L Dust Tank|Includes Multiple Accessories,(Grey/Black)",Home&Kitchen,0.4466018602573696,0.017509324492333195,0.4045283155122061,0.023776676450211313,0.47278574962889663,0,Visibility Builders
B08TT63N58,"ROYAL STEP - AMAZON'S BRAND - Portable Electric USB Juice Maker Juicer Bottle Blender Grinder Mixer,4 Blades Rechargeable Bottle with (Multi color) (MULTI)",Home&Kitchen,0.6300667226887853,0.06375909714165172,0.4533747916429636,0.025814895331335047,0.5905492330529442,0,Visibility Builders
B08YK7BBD2,"Nirdambhay Mini Bag Sealer, 2 in 1 Heat Sealer and Cutter Handheld Sealing Machine Portable Bag Resealer Sealer for Plastic Bags Food Storage Snack Fresh Bag Sealer (Including 2 AA Battery)",Home&Kitchen,0.49569973113966165,0.07177033492822966,0.3736150516165456,0.006809707273077558,0.42305789213260764,0,Visibility Builders
B07YQ5SN4H,Cello Non-Stick Aluminium Sandwich Gas Toaster(Black),Home&Kitchen,0.4437180163481238,0.13729977116704806,0.4077138804132727,0.003165437028014228,0.4948045522018803,0,Visibility Builders
B0B7FJNSZR,Proven® Copper + Mineral RO+UV+UF 10 to 12 Liter RO + UV + TDS ADJUSTER Water Purifier with Copper Charge Technology black & copper Best For Home and Office (Made In India),Home&Kitchen,0.48471939764763333,0.008370323398858593,0.47409353126616777,0.17050197089309813,0.7946561108362198,2,Revenue Upside
B01N6IJG0F,"Morphy Richards Daisy 1000W Dry Iron with American Heritage Non-Stick Coated Soleplate, White",Home&Kitchen,0.752823464315272,0.07527539779681762,0.7015145874352229,0.008182850056366488,0.4564571994062345,1,Trusted Winners
B0B84QN4CN,Wipro Vesta 1200 Watt GD201 Lightweight Automatic Dry Iron| Quick Heat Up| Stylish & Sleek |Anti bacterial German Weilburger Double Coated Soleplate |2 Years Warranty,Home&Kitchen,0.3487829157014182,0.055980861244019145,0.31423953462009563,0.0036986461542632236,0.35625927758535386,0,Visibility Builders
B0B8ZM9RVV,"Zuvexa Egg Boiler Poacher Automatic Off Steaming, Cooking, Boiling Double Layer 14 Egg Boiler (Multicolor)…",Home&Kitchen,0.41878627595041196,0.10777540509986183,0.40366699175413917,0.005854035327224209,0.6313706086095993,0,Visibility Builders
B01892MIPA,AO Smith HSE-VAS-X-015 Storage 15 Litre Vertical Water Heater (Geyser) White 4 Star,Home&Kitchen,0.7242216384988922,0.005865459675859945,0.6909817500772724,0.06198078513960467,0.34289955467590305,1,Trusted Winners
B08ZHYNTM1,Havells Festiva 1200mm Dust Resistant Ceiling Fan (Gold Mist),Home&Kitchen,0.6844554657329479,0.015223035166391315,0.6678561462298884,0.01824463701370616,0.2978723404255319,1,Trusted Winners
B09SDDQQKP,"INALSA Vaccum Cleaner Handheld 800W High Powerful Motor- Dura Clean with HEPA Filtration & Strong Powerful 16KPA Suction| Lightweight, Compact & Durable Body|Includes Multiple Accessories,(Grey/Black)",Home&Kitchen,0.5039762214975089,0.0216787103946637,0.4443338422898998,0.01817090442372431,0.42305789213260764,0,Visibility Builders
B0B5RP43VN,"iBELL SM1515NEW Sandwich Maker with Floating Hinges, 1000Watt, Panini / Grill / Toast (Black)",Home&Kitchen,0.5362906574317553,0.02854745411697493,0.4996651868041728,0.041050233279409515,0.689757545769421,0,Visibility Builders
B096NTB9XT,"Aquaguard Aura RO+UV+UF+Taste Adjuster(MTDS) with Active Copper & Zinc 7L water purifier,8 stages of purification,suitable for borewell,tanker,municipal water(Black) from Eureka Forbes",Home&Kitchen,0.7192185889827093,0.002565949845549557,0.6542060069642446,0.14735532148089844,0.34636318654131615,1,Trusted Winners
B078JF6X9B,"Havells Instanio 3-Litre 4.5KW Instant Water Heater (Geyser), White Blue",Home&Kitchen,0.4883730493688879,0.011825860948667966,0.4626545759217063,0.02854291583725067,0.4156358238495795,0,Visibility Builders
B08CGW4GYR,"Milk Frother, Immersion Blender Cordlesss Foam Maker USB Rechargeable Small Mixer Handheld with 2 Stainless Whisks，Wisker for Stirring 3-Speed Adjustable Mini Frother for Cappuccino Latte Coffee Egg",Home&Kitchen,0.5858613855690269,0.0985263157894737,0.48674687977039616,0.008810780226332927,0.5522018802572984,0,Visibility Builders
B00A328ENA,"Panasonic SR-WA22H (E) Automatic Rice Cooker, Apple Green, 2.2 Liters",Home&Kitchen,0.634588448546999,0.014484295415959254,0.6048333995740356,0.014820090093711904,0.25977238990598717,1,Trusted Winners
B0763K5HLQ,"InstaCuppa Milk Frother for Coffee - Handheld Battery-Operated Electric Milk and Coffee Frother, Stainless Steel Whisk and Stand, Portable Foam Maker for Coffee, Cappuccino, Lattes, and Egg Beaters",Home&Kitchen,0.647138589224691,0.03828839614960969,0.6030128364418141,0.00623867258129399,0.2738743196437407,1,Trusted Winners
B09PDZNSBG,"Goodscity Garment Steamer for Clothes, Steam Iron Press - Vertical & Horizontal Steaming up to 22g/min, 1200 Watt, 230 ml Water tank & 30 sec Fast Heating (GC 111)",Home&Kitchen,0.49494719990438707,0.01673990802248339,0.4690907761750775,0.04920596222997934,0.6442355269668482,0,Visibility Builders
B085LPT5F4,Solidaire 550-Watt Mixer Grinder with 3 Jars (Black) (SLD-550-B),Home&Kitchen,0.5923301492561431,0.024273084165842135,0.5277841883524566,0.01643138102527924,0.3955962394854033,0,Visibility Builders
B0B9RZ4G4W,"Amazon Basics 300 W Hand Blender with Stainless Steel Stem for Hot/Cold Blending and In-Built Cord Hook, ISI-Marked, Black",Home&Kitchen,0.35365614697769154,0.05138001449179896,0.3271118211835629,0.007671117322022225,0.5244928253339931,0,Visibility Builders
B0085W2MUQ,Orpat HHB-100E 250-Watt Hand Blender (White),Home&Kitchen,0.6717435538964952,0.056346749226006194,0.6406095828029627,0.0033188855255759397,0.2182088075210292,1,Trusted Winners
B09474JWN6,"HealthSense Rechargeable Lint Remover for Clothes | Fuzz and Fur Remover | Electric Fabric Shaver, Trimmer for Clothes, Carpet, Sofa, Sweaters, Curtains | One-Year Warranty Included - New-Feel LR350",Home&Kitchen,0.45959617571914535,0.0431484115694642,0.4344768609120999,0.005549438419922699,0.34289955467590305,0,Visibility Builders
B09G2VTHQM,"AGARO Classic Portable Yogurt Maker, 1.2L Capacity, Electric, Automatic, Grey and White, Medium (33603)",Home&Kitchen,0.4878220910278146,0.07168474849816192,0.4544625309322842,0.008323953118386592,0.5578921326076199,0,Visibility Builders
B07R679HTT,AGARO Imperial 240-Watt Slow Juicer with Cold Press Technology,Home&Kitchen,0.5966973819554272,0.003581401755638203,0.5926681975351682,0.16379957132048945,0.5116279069767442,2,Revenue Upside
B00B7GKXMG,Wipro Smartlife Super Deluxe Dry Iron- 1000W,Home&Kitchen,0.5406626256924992,0.0601987802123334,0.5037422202565098,0.001967606283935914,0.1825828797624938,0,Visibility Builders
B07H3N8RJH,"AmazonBasics Cylinder Bagless Vacuum Cleaner with Power Suction, Low Sound, High Energy Efficiency and 2 Years Warranty (1.5L, Black)",Home&Kitchen,0.724079599078529,0.011346476219503748,0.6908456005873174,0.0384097303586603,0.384463137060861,1,Trusted Winners
B07K2HVKLL,Crompton IHL 251 1500-Watt Immersion Water Heater with Copper Heating Element and IP 68 Protection,Home&Kitchen,0.6578839116273659,0.06574835526315789,0.6130288810617115,0.006025148662140876,0.3753092528451262,1,Trusted Winners
B09MQ9PDHR,SaiEllin Room Heater For Home 2000 Watts Room Heater For Bedroom | ISI Approved With 1 Year Warranty | For 250 Sq. Feet Blower Heater & Room Heaters Home For Winters,Home&Kitchen,0.39049739423841107,0.04088489866136229,0.35685378294429754,0.00959960175303804,0.49208312716476993,0,Visibility Builders
B014HDJ7ZE,"Bajaj Majesty Duetto Gas 6 Ltr Vertical Water Heater ( LPG), White",Home&Kitchen,0.6313029726490237,0.007460636680237406,0.5614258272033774,0.031647256986330606,0.2701632855022267,1,Trusted Winners
B07D2NMTTV,Black + Decker BD BXIR2201IN 2200-Watt Cord & Cordless Steam Iron (Green),Home&Kitchen,0.5823303438806908,0.013474605551076817,0.5542909222497441,0.004224456288980221,0.09351806036615537,1,Trusted Winners
B075K76YW1,"Inalsa Hand Blender| Hand Mixer|Beater - Easy Mix, Powerful 250 Watt Motor | Variable 7 Speed Control | 1 Year Warranty | (White/Red)",Home&Kitchen,0.7429941403336799,0.04402989086608247,0.7089686639696893,0.007449268423309117,0.31172686788718457,1,Trusted Winners
B0BNLFQDG2,"Longway Blaze 2 Rod Quartz Room Heater (White, Gray, 800 watts)",Home&Kitchen,0.12414212610212476,0.04087587105546429,0.11540997835000666,0.003799774328924737,0.5309252845126176,0,Visibility Builders
B082ZQ4479,"Prestige PWG 07 Wet Grinder, 2L (Multicolor) with Coconut Scraper and Atta Kneader Attachments, 200 Watt",Home&Kitchen,0.5720537494935835,0.010235494396368278,0.4878066263046716,0.00854797868214749,0.12815437902028703,0,Visibility Builders
B09Y358DZQ,"Pigeon Zest Mixer Grinder 3 Speed Control 750 Watt Powerful Copper Motor with 3 Stainless Steel Jars for Dry Grinding, Wet Grinding and Making Chutney and 3 Polycarbonate lids - Blue",Home&Kitchen,0.46645703685595474,0.01716415978460662,0.38793257318036595,0.025429578054202116,0.44581890153389414,0,Visibility Builders
B09M3F4HGB,"Borosil Volcano 13 Fin Oil Filled Radiator Room Heater, 2900 W, Black",Home&Kitchen,0.33800254042842964,0.004539785482664006,0.3166149119982663,0.07734813346232713,0.5195447798119743,0,Visibility Builders
B07VZH6ZBB,Crompton Solarium Qube 15-L 5 Star Rated Storage Water Heater (Geyser) with Free Installation and Connection Pipes (White and Black),Home&Kitchen,0.6594083752622905,0.005263832745088777,0.6001552642391634,0.07471015105147341,0.376051459673429,1,Trusted Winners
B07F366Z51,"Singer Aroma 1.8 Liter Electric Kettle High Grade Stainless Steel with Cool and Touch Body and Cordless Base, 1500 watts, Auto Shut Off with Dry Boiling (Silver/Black)",Home&Kitchen,0.5974685591313151,0.04434030281182408,0.5567092598881748,0.020677803333884404,0.6086095992083126,0,Visibility Builders
B077BTLQ67,"Orient Electric Aura Neo Instant 3L Water Heater (Geyser), 5-level Safety Shield, Stainless Steel Tank (White & Turquoise)",Home&Kitchen,0.49199250341158585,0.014346349745331069,0.4426598263095126,0.02490076470450487,0.41489361702127664,0,Visibility Builders
B07YSJ7FF1,Crompton Brio 1000-Watts Dry Iron with Weilburger Coating (Sky Blue and White),Home&Kitchen,0.6242562521802639,0.06364749082007344,0.5685015787675954,0.006845563474371556,0.4057397328055418,1,Trusted Winners
B07TXCY3YK,"Butterfly Hero Mixer Grinder, 500W, 3 Jars (Grey)",Home&Kitchen,0.7178156117452396,0.017886378106038353,0.6369837911073726,0.028738699549018407,0.41489361702127664,1,Trusted Winners
B07TC9F7PN,Racold Eterno Pro 25L Vertical 5 Star Storage Water Heater (Geyser) with free Standard Installation and free Installation Pipes,Home&Kitchen,0.6224434996644591,0.004955197512115731,0.593112893281163,0.12301234359703375,0.5091538842157348,1,Trusted Winners
B09NS5TKPN,"LG 1.5 Ton 5 Star AI DUAL Inverter Split AC (Copper, Super Convertible 6-in-1 Cooling, HD Filter with Anti-Virus Protection, 2022 Model, PS-Q19YNZE, White)",Home&Kitchen,0.623307484501246,0.0010265545230837036,0.6070963848675643,0.4957368308531755,0.4574468085106383,2,Revenue Upside
B00LP9RFSU,"Eureka Forbes Aquasure Amrit Twin Cartridge (Pack of 2), White",Home&Kitchen,0.6236646413662462,0.049760765550239235,0.5679697582535937,0.0,0.0,1,Trusted Winners
B0B7L86YCB,Green Tales Heat Seal Mini Food Sealer-Impulse Machine for Sealing Plastic Bags Packaging,Home&Kitchen,0.24828425220424952,0.16574043805165087,0.22377504224534844,0.0008317616247567534,0.2958931222167244,0,Visibility Builders
B09VPH38JS,SaleOn Instant Coal Heater 500W Charcoal Burner Electric Stove Hot Plate - Mix Colors - Pack of 1 - Only Charcoal Heater,Home&Kitchen,0.3838745832039491,0.055954088952654225,0.34796042889630696,0.007419909881618162,0.5076694705591291,0,Visibility Builders
B01MUAUOCX,"Sujata Chutney Steel Jar, 400 ml, (White), Stainless Steel",Home&Kitchen,0.5964273288487736,0.0671282129742962,0.6046033732950913,0.0008480948989349654,0.08906481939633845,1,Trusted Winners
B09MB3DKG1,"KHAITAN AVAANTE KA-2013 1200 Watt 3-Rod Halogen Heater (1200 Watts, Grey)",Home&Kitchen,0.44983548872212004,0.01633517627629784,0.38368325093263994,0.019514666090700013,0.3896585848589807,0,Visibility Builders
B08QHLXWV3,Kenstar 2400 Watts 9 Fins Oil Filled Radiator with PTC Fan Heater (BLACK GOLD),Home&Kitchen,0.3838745832039491,0.005843257779485209,0.35114917893513425,0.04755403589964757,0.41489361702127664,0,Visibility Builders
B07G147SZD,NEXOMS Instant Heating Water Tap Wall Mounted with 3 Pin Indian Plug (16Amp),Home&Kitchen,0.5083352252705785,0.015210311811392133,0.46499699295915614,0.013476521077892274,0.28698664027709053,0,Visibility Builders
B09LH32678,"JIALTO Mini Waffle Maker 4 Inch- 350 Watts: Stainless Steel Non-Stick Electric Iron Machine for Individual Belgian Waffles, Pan Cakes, Paninis or Other Snacks - Aqua blue",Home&Kitchen,0.5187276675894086,0.04566477372519173,0.47422066393425005,0.013752036055013806,0.5442850074220683,0,Visibility Builders
B09R1YFL6S,"Candes BlowHot All in One Silent Blower Fan Room Heater (ABS Body, White, Brown) 2000 Watts",Home&Kitchen,0.3131975606834006,0.03295509415741188,0.28372702290092644,0.014409841495734007,0.554181098466106,0,Visibility Builders
B07Q4NJQC5,Ionix Jewellery Scale | Weight Scale | Digital Weight Machine | weight machine for gold | Electronic weighing machines for Jewellery 0.01G to 200G Small Weight Machine for Shop - Silver,Home&Kitchen,0.5712143161081958,0.1391614629794826,0.5209618279453291,0.004185116689029974,0.5047006432459179,0,Visibility Builders
B097RN7BBK,"Kitchen Kit Electric Kettle, 1.8L Stainless Steel Tea Kettle, Fast Boil Water Warmer with Auto Shut Off and Boil Dry Protection Tech",Home&Kitchen,0.5378238935607329,0.07284913745742226,0.431783657851837,0.01970237517886159,0.6392874814448294,0,Visibility Builders
B097MKZHNV,Racold Pronto Pro 3Litres 3KW Vertical Instant Water Heater (Geyser),Home&Kitchen,0.6929175255598226,0.014616908497081972,0.6609525094921661,0.0317299984717172,0.40524492825333996,1,Trusted Winners
B07LG96SDB,ESN 999 Supreme Quality 1500W Immersion Water Heater Rod (Black),Home&Kitchen,0.6224434996644591,0.11641791044776117,0.5406313723967083,0.0026252634304245004,0.3196437407224147,1,Trusted Winners
B08KS2KQTK,"Pajaka® South Indian Filter Coffee Maker 200 ML 2-4 Cup / Mugs / Glass | Madras Kaapi/ Kappi Drip Decoction Maker / Makers / Brewer / Pot or Drip / Dripper Made of Stainless Steel | Non-Electric Machine / Appliances / Utensils Medium Size for Home and Kitchen, Office, Cefe Traditional Item / Product | Used for making Country /Desi Style French Press Espresso Nespresso Expresso Cappuccino Instant Black Coffee | Best flavoured with Grounded Arabica Roasted Crushed Grind Coffee Beans",Home&Kitchen,0.5618532872063104,0.14361415484102746,0.5235023244221141,0.002789491554550516,0.41588322612568035,0,Visibility Builders
B095K14P86,"Saiyam Stainless Steel Espresso Maker Stovetop Coffee Percolator Italian Coffee Maker Moka Pot (4 Cup - 200 ml, Silver)",Home&Kitchen,0.4922539743053474,0.07196204199982427,0.4664542590491751,0.008304666096900932,0.5611083621969323,0,Visibility Builders
B08K36NZSV,KONVIO NEER 10 Inch Spun Filter (PP SPUN) Cartridge Compatible for 10 Inch Pre-Filter Housing of Water Purifier | Pack of 4 Spun,Home&Kitchen,0.5607871494343717,0.0884400379706782,0.5442196992530001,0.00675776308076009,0.5319148936170213,0,Visibility Builders
B07LDPLSZC,"Havells Glydo 1000 watt Dry Iron With American Heritage Non Stick Sole Plate, Aerodynamic Design, Easy Grip Temperature Knob & 2 years Warranty. (Charcoal Blue)",Home&Kitchen,0.6432392978223339,0.05077180583968756,0.6131734800568464,0.005286422290903239,0.3013359722909451,1,Trusted Winners
B07F1T31ZZ,"Raffles Premium Stainless Steel South Indian Coffee Filter/Drip Coffee Maker, 2-3 Cups, 150 ml",Home&Kitchen,0.5046459840830344,0.16899175649968293,0.4701534288185337,0.0018365327327240428,0.3854527461652647,0,Visibility Builders
B0BNDRK886,IONIX Activated Carbon Faucet Water Filters Universal Interface Home Kitchen Faucet Tap Water | Tap filter Multilayer | Clean Purifier Filter Cartridge Five Layer Water Filter-Pack of 1,Home&Kitchen,0.553473074041128,0.21635846372688478,0.49457141298106433,0.005522449373617417,0.6657595249876299,0,Visibility Builders
B09ZVJXN5L,"KNYUC MART Mini Electric Handy Room Heater Compact Plug-in, The Wall Outlet 400 Watts, Handy Air Warmer Blower Adjustable Timer Digital Display",Home&Kitchen,0.1694803685479414,0.043532674874847785,0.15684825389159726,0.00090270651700882,0.17961405244928252,0,Visibility Builders
B08JKPVDKL,INKULTURE Stainless_Steel Measuring Cups & Spoon Combo for Dry or Liquid/Kitchen Gadgets for Cooking & Baking Cakes/Measuring Cup Set Combo with Handles (Set of 4 Cups & 4 Spoons),Home&Kitchen,0.5979673785446601,0.15817770232031692,0.5817177963602947,0.006052874745391714,0.6382978723404255,0,Visibility Builders
B09JFR8H3Q,"Macmillan Aquafresh 5 Micron PS-05 10"" in PP Spun Filter Candle Set for All Type RO Water Purifier 10 inch (4)",Home&Kitchen,0.5332063972790001,0.1861689106487148,0.47738338230721133,0.016500430661849166,0.8297872340425533,0,Visibility Builders
B07LDN9Q2P,"Havells D'zire 1000 watt Dry Iron With American Heritage Sole Plate, Aerodynamic Design, Easy Grip Temperature Knob & 2 years Warranty. (Mint)",Home&Kitchen,0.6760171320778506,0.04964182108815345,0.6595048024923061,0.006614829282091348,0.3297872340425532,1,Trusted Winners
B08T8KWNQ9,TE™ Instant Electric Heating Hot and Cold Water Geyser Tap Water with Digital Display (White),Home&Kitchen,0.3207906214894573,0.02549852893102321,0.2913941291427358,0.027446370422840063,0.632360217714003,0,Visibility Builders
B07Y1RCCW5,"ZIGMA WinoteK WinoteK Sun Instant Water Geyser, Water Heater, Portable Water Heater, Geysers Made of First Class ABS Plastic, automatic Reset Model, AE10-3 W (Yellow)",Home&Kitchen,0.5457190778869236,0.03277310924369748,0.4777484861209617,0.017887224154095906,0.4982681840672934,0,Visibility Builders
B0762HXMTF,KENT 11054 Alkaline Water Filter Pitcher 3.5 L | Chemical-Free Water with Balanced pH Levels 8.0 to 9.5 | Solves Acidity Issue | Equipped with Carbon and Sediment Filter - Grey,Home&Kitchen,0.5818824818477044,0.02224920277347064,0.5188203455358418,0.0021176156319836635,0.07718951014349332,1,Trusted Winners
B00K57MR22,"Sujata Dynamix DX Mixer Grinder, 900W, 3 Jars (White)",Home&Kitchen,0.6778038203559621,0.007714138286893704,0.7057904889914788,0.03851968416173132,0.3186541316180109,1,Trusted Winners
B07TTSS5MP,Lifelong LLMG74 750 Watt Mixer Grinder with 3 Jars (White and Grey),Home&Kitchen,0.5801481361526607,0.0216787103946637,0.5057217039628998,0.020973217698472105,0.42305789213260764,0,Visibility Builders
B09ZDVL7L8,"TTK Prestige Limited Orion Mixer Grinder 500 Watts, 3 Jars (1200ml, 1000ml, 500ml) (Red)",Home&Kitchen,0.5391853250543088,0.01820205356501759,0.48244495153290645,0.022039351726148026,0.42454230578921326,0,Visibility Builders
B09XHXXCFH,"AGARO Regal Electric Rice Cooker, 3L Ceramic Inner Bowl, Cooks Up to 600 Gms Raw Rice, SS Steamer, Preset Cooking Functions, Preset Timer, Keep Warm Function, LED Display, Black",Home&Kitchen,0.4376052080108806,0.011418981646789972,0.40762768288109563,0.019089561885092855,0.334735279564572,0,Visibility Builders
B0BL3R4RGS,VAPJA® Portable Mini Juicer Cup Blender USB Rechargeable with 4 Blades for Shakes and Smoothies Fruits Vegetables Juice Maker Grinder Mixer Strong Cutting Bottle Sports Travel Outdoors Gym (BOTTLE),Home&Kitchen,0.12414212610212476,0.056929689400697425,0.11536554487264573,0.0010471819016721717,0.31172686788718457,0,Visibility Builders
B07P1BR7L8,"Philips HD6975/00 25 Litre Digital Oven Toaster Grill, Grey, 25 liter",Home&Kitchen,0.7083573001674887,0.005251528635520654,0.7071627059531077,0.006760556774852084,0.04354280059376547,1,Trusted Winners
B078WB1VWJ,"Usha EI 3710 Heavy Weight 1000-Watt Dry Iron with Golden American Heritage Soleplate, 1.75 Kg(White)",Home&Kitchen,0.6401941455412758,0.03975817923186344,0.6239374419976191,0.0075449342902695745,0.3297872340425532,1,Trusted Winners
B0BP89YBC1,Campfire Spring Chef Prolix Instant Portable Water Heater Geyser 1Ltr. for Use Home Stainless Steel Baking Rack | Restaurant | Office | Labs | Clinics | Saloon | with Installation Kit (With MCB),Home&Kitchen,0.6062862550037639,0.032179347635265615,0.6403331793136444,0.029238811509903723,0.6627906976744186,1,Trusted Winners
B09W9V2PXG,Themisto TH-WS20 Digital Kitchen Weighing Scale Stainless Steel (5Kg),Home&Kitchen,0.48428646569837935,0.05814437278968171,0.4661411798398057,0.014473011980104965,0.6595744680851064,0,Visibility Builders
B09XTQFFCG,"FYA Handheld Vacuum Cleaner Cordless, Wireless Hand Vacuum&Air Blower 2-in-1, Mini Portable Car Vacuum Cleaner with Powerful Suction, USB Rechargeable Vacuum for Pet Hair, Home and Car",Home&Kitchen,0.42921282564976576,0.014996746268068071,0.38985462589537395,0.005482560906189949,0.1640277090549233,0,Visibility Builders
B08LVVTGZK,"Lifelong LLSM120G Sandwich Griller , Classic Pro 750 W Sandwich Maker with 4 Slice Non-Stick Fixed Plates for Sandwiches at Home with 1 Year Warranty (Black)",Home&Kitchen,0.5725161839709858,0.04308537759900289,0.5108052816715772,0.005119134989859698,0.2798119742701633,0,Visibility Builders
B07J2BQZD6,"Kuber Industries Nylon Mesh Laundry Basket|Sturdy Material & Durable Handles|Netted Lightweight Laundry Bag, Size 36 x 36 x 58, Capicity 30 Ltr (Pink)",Home&Kitchen,0.6926945812242363,0.19082253372123778,0.5844214075405076,0.003338925203233486,0.4576942107867393,3,Margin Watchlist
B07HK53XM4,"Bulfyss Plastic Sticky Lint Roller Hair Remover Cleaner Set of 5 Rolls 150 Sheets, 30 Sheets Each roll Lint Roller Remover for Clothes, Furniture, Carpet, Dog Fur, Sweater, Dust & Dirt",Home&Kitchen,0.5569915638059588,0.12874929258630446,0.4547559280465892,0.004295695611403932,0.45893122216724397,0,Visibility Builders
B08RDWBYCQ,"T TOPLINE 180 W Electric Hand Mixer,Hand Blender , Egg Beater, Cake maker , Beater Cream Mix, Food Blender, Beater for Whipping Cream Beater for Cake With 7 -Speed with spatula and oil brush",Home&Kitchen,0.5538850833218221,0.07477710670117918,0.5054970087409294,0.006007130787051996,0.4453240969816923,0,Visibility Builders
B09FHHTL8L,Empty Mist Trigger Plastic Spray Bottle for Multi use 200ml Pack of 2,Home&Kitchen,0.41353705101878857,0.49504643962848294,0.3851831905327057,0.0011361984229990524,0.578179119247897,3,Margin Watchlist
B0BHNHMR3H,LONAXA Mini Travel Rechargeable Fruit Juicer - USB Electric Fruit & Vegetable Juice Blender/Grinder for Home and Office Use (Multicolor)…,Home&Kitchen,0.32316415767936985,0.08021305769433604,0.29791205750059285,0.006230861219964253,0.5982187036120733,0,Visibility Builders
B07D8VBYB4,"SUJATA Powermatic Plus, Juicer Mixer Grinder, 900 Watts, 2 Jars (White)",Home&Kitchen,0.6105130311750615,0.007699555794857989,0.6070139425338228,0.02811839514209414,0.27214250371103416,1,Trusted Winners
B0B3TBY2YX,"AGARO Royal Double Layered Kettle, 1.5 Litres, Double Layered Cool Touch , Dry Boiling Protection, Black",Home&Kitchen,0.31049083244278636,0.0350250626566416,0.2916802351828928,0.007774979160940688,0.4787234042553192,0,Visibility Builders
B088WCFPQF,"Cafe JEI French Press Coffee and Tea Maker 600ml with 4 Level Filtration System, Heat Resistant Borosilicate Glass (Black, 600ml)",Home&Kitchen,0.5377515692799556,0.04202384943249844,0.5406216440562072,0.005197098684489003,0.30059376546264227,0,Visibility Builders
B07JZSG42Y,Borosil Prime Grill Sandwich Maker (Grey),Home&Kitchen,0.5996396335539877,0.02129285870277353,0.5464016272333172,0.00956716411543667,0.2572983671449778,1,Trusted Winners
B08YRMBK9R,"Candes 10 Litre Perfecto 5 Star Rated Automatic Instant Storage Electric Water Heater with Special Metal Body Anti Rust Coating With Installation Kit, 2KW Geyser (Ivory)",Home&Kitchen,0.6056287754415611,0.0123195801137192,0.5392287360423252,0.04451857407763892,0.4631370608609599,0,Visibility Builders
B00935MGHS,"Prestige PSMFB 800 Watt Sandwich Toaster with Fixed Plates, Black",Home&Kitchen,0.6706144954969528,0.03595101180808569,0.6395240073441798,0.009632834542171844,0.34289955467590305,1,Trusted Winners
B07B5XJ572,iBELL MPK120L Premium Stainless Steel Multi Purpose Kettle/Cooker with Inner Pot 1.2 Litre (Silver),Home&Kitchen,0.5771679813904517,0.028900375939849624,0.5377820384574792,0.02412049565782725,0.5477486392874814,0,Visibility Builders
B086199CWG,Maharaja Whiteline Odacio Plus 550-Watt Juicer Mixer Grinder with 3 Jars (Black/Silver),Home&Kitchen,0.6435336319349722,0.011338812842796751,0.5444338767017302,0.022489207693438755,0.2746165264720436,1,Trusted Winners
B0BBWJFK5C,"Shakti Technology S3 High Pressure Car Washer Machine 1800 Watts and Pressure 120 Bar for Cleaning Car, Bike & Home",Home&Kitchen,0.43943869630094007,0.008589293196248429,0.40933759157164973,0.04342272345067785,0.46660069272637306,0,Visibility Builders
B07GLS2563,"Cello Quick Boil Popular Electric Kettle 1 Litre 1200 Watts | Stainless Steel body | Boiler for Water, Silver",Home&Kitchen,0.6369838497525308,0.03595101180808569,0.6071434296014913,0.010746359516504192,0.384463137060861,1,Trusted Winners
B09P182Z2H,"AGARO Glory Cool Mist Ultrasonic Humidifier, 4.5Litres, For Large Area, Room, Home, Office, Adjustable Mist Output, Ceramic Ball Filter, Ultra Quiet, 360° Rotatable Nozzle, Auto Shut Off, Grey",Home&Kitchen,0.3956887856555844,0.013413853783394655,0.37577023884831773,0.023927058294066588,0.4574468085106383,0,Visibility Builders
B0B59K1C8F,Wolpin 1 Lint Roller with 60 Sheets Remove Clothes Lint Dog Hair Dust (19 x 13 cm) Orange,Home&Kitchen,0.3567419120488401,0.2064098794472214,0.3205692837694225,0.005330656886562764,0.6947055912914399,0,Visibility Builders
B06Y36JKC3,Abode Kitchen Essential Measuring Cup & Spoon for Spices | for Cooking and Baking Cake | Multipurpose Tablespoon Cups with Ring Holder | (Black),Home&Kitchen,0.6411847641630595,0.28240904274108086,0.5974629553649163,0.002333431443527844,0.5071746660069273,3,Margin Watchlist
B075S9FVRY,"Sujata Supermix, Mixer Grinder, 900 Watts, 3 Jars (White)",Home&Kitchen,0.5592693580067044,0.008412424503882658,0.5642710735580132,0.0230489974610536,0.2671944581890154,1,Trusted Winners
B08SJVD8QD,"CARDEX Digital Kitchen Weighing Machine Multipurpose Electronic Weight Scale With Back Lite LCD Display for Measuring Food, Cake, Vegetable, Fruit (KITCHEN SCALE)",Home&Kitchen,0.6345678272823935,0.11373420358283572,0.6048135109368173,0.0001529371363010862,0.031172686788718457,1,Trusted Winners
B07FJNNZCJ,"V-Guard Zenora RO+UF+MB Water Purifier | Suitable for water with TDS up to 2000 ppm | 8 Stage Purification with World-class RO Membrane and Advanced UF Membrane | Free PAN India Installation & 1-Year Comprehensive Warranty | 7 Litre, Black",Home&Kitchen,0.669625920106164,0.005073178405261343,0.6531732348735851,0.07020312061498879,0.35106382978723405,1,Trusted Winners
B09MFR93KS,"Bajaj Rex DLX 750 W 4 Jars Mixer Grinder, White and Blue",Home&Kitchen,0.513458877293441,0.013496740796650315,0.4695434085467813,0.03659656805852721,0.48490846115784264,0,Visibility Builders
B07Y5FDPKV,KENT 16051 Hand Blender 300 W | 5 Variable Speed Control | Multiple Beaters & Dough Hooks | Turbo Function,Home&Kitchen,0.7372642917827018,0.024702156537475494,0.7034800363502732,0.011638564143283705,0.28055418109846614,1,Trusted Winners
B0756KCV5K,Prestige PIC 15.0+ 1900-Watt Induction Cooktop (Black),Home&Kitchen,0.6820306051279614,0.01355511420059583,0.6504964559126931,0.034765552810452405,0.4156358238495795,1,Trusted Winners
B0BJ6P3LSK,"Aqua d pure Active Copper 12-L RO+UV Water Filter Purifier for Home, Kitchen Fully Automatic UF+TDS Controller",Home&Kitchen,0.4368058864558225,0.009238689843231803,0.4281059327139006,0.21054909663512475,0.8906481939633846,2,Revenue Upside
B09HS1NDRQ,"PrettyKrafts Laundry Square Shape Basket Bag/Foldable/Multipurpose/Carry Handles/Slanting Lid for Home, Cloth Storage,(Single) Jute Grey",Home&Kitchen,0.4368058864558225,0.09999999999999999,0.39096447180513433,0.004305729026188301,0.47946561108362196,0,Visibility Builders
B018SJJ0GE,Libra Roti Maker Electric Automatic | chapati Maker Electric Automatic | roti Maker Machine with 900 Watts for Making Roti/Chapati/Parathas - Stainless Steel,Home&Kitchen,0.45999377371186473,0.022590242489665888,0.4475822653446057,0.01108630589878857,0.3592281048985651,0,Visibility Builders
B09FPP3R1D,"Glen 3 in 1 Electric Multi Cooker - Steam, Cook & Egg Boiler with 350 W (SA 3035MC) - 350 Watts",Home&Kitchen,0.5182632842493595,0.025910681877106555,0.48285325617377395,0.01087936386732561,0.35502226620484906,0,Visibility Builders
B01F7B2JCI,Dynore Stainless Steel Set of 4 Measuring Cup and 4 Measuring Spoon,Home&Kitchen,0.6565306516573906,0.23426773455377575,0.6259747297336893,0.004208928498330558,0.6130628401781296,3,Margin Watchlist
B09NNZ1GF7,"Lint Remover For Clothes With 1 Year Warranty Fabric Shaver Lint Shaver for Woolen Clothes Blanket Jackets Stainless Steel Blades,Bedding, Clothes and Furniture Best Remover for Fabrics Portable Lint Shavers (White Orange)",Home&Kitchen,0.41945993822196675,0.09917208752217622,0.3998218333669593,0.005600607758317222,0.5851063829787235,0,Visibility Builders
B01CS4A5V4,Monitor AC Stand/Heavy Duty Air Conditioner Outdoor Unit Mounting Bracket,Home&Kitchen,0.6300011047862336,0.0601987802123334,0.5870377790971075,0.015046998231529095,0.5984661058881741,1,Trusted Winners
B0BL11S5QK,"iBELL Induction Cooktop, 2000W with Auto Shut Off and Overheat Protection, BIS Certified, Black",Home&Kitchen,0.3900076539278059,0.02692396199743581,0.3666504097787801,0.021515618112302494,0.6130628401781296,0,Visibility Builders
B09BL2KHQW,KENT POWP-Sediment Filter 10'' Thread WCAP,Home&Kitchen,0.47795552866904084,0.18215994531784002,0.4452602841659963,0.000334056857918858,0.111578426521524,0,Visibility Builders
B081RLM75M,LACOPINE Mini Pocket Size Lint Roller (White),Home&Kitchen,0.34084214353359615,0.10847240051347881,0.3135898002325431,0.001889365706543693,0.36665017318159326,0,Visibility Builders
B07SYYVP69,"iBELL SEK170BM Premium Electric Kettle, 1.7 Litre, Stainless Steel with Coating,1500W Auto Cut-Off, Silver with Black",Home&Kitchen,0.5065126592047762,0.049476286513564505,0.4548660244262629,0.013928708607402413,0.5692726373082632,0,Visibility Builders
B0BDZWMGZ1,Activa Easy Mix Nutri Mixer Grinder 500 Watt | Long Lasting Shock Proof ABS Body | Heavy Duty Motor With Nano - Grinding Technology,Home&Kitchen,0.37778919048448084,0.03252710592160133,0.3429084557728098,0.01630722328354812,0.5640771895101435,0,Visibility Builders
B078JT7LTD,"Sujata Dynamix, Mixer Grinder, 900 Watts, 3 Jars (White)",Home&Kitchen,0.6109064286606612,0.007714138286893704,0.632877767308444,0.02875489876754283,0.27313211281543787,1,Trusted Winners
B09WF4Q7B3,"Wipro Vesta 1380W Cordless Steam Iron Quick heat up with 20gm/ min Steam Burst, Scratch resistant Ceramic soleplate ,Vertical and Horizontal Ironing, Steam burst of upto .8g/ shot",Home&Kitchen,0.5128617090993577,0.020537725637049826,0.43380441572770656,0.00988838043605779,0.2761009401286492,0,Visibility Builders
B092R48XXB,"Mi Robot Vacuum-Mop P, Best-in-class Laser Navigation in 10-20K INR price band, Intelligent mapping, Robotic Floor Cleaner with 2 in 1 Mopping and Vacuum, App Control (WiFi, Alexa,GA), Strong suction",Home&Kitchen,0.6046319271387742,0.0022147980087594637,0.5633876431279268,0.1602945164013588,0.3753092528451262,2,Revenue Upside
B00KIDSU8S,Havells Ventil Air DX 200mm Exhaust Fan (White),Home&Kitchen,0.6912839154231857,0.021563413285590163,0.6593840066161207,0.0060144865535245685,0.15586343394359228,1,Trusted Winners
B0977CGNJJ,"AGARO Royal Stand 1000W Mixer with 5L SS Bowl and 8 Speed Setting, Includes Whisking Cone, Mixing Beater & Dough Hook, and Splash Guard, 2 Years Warranty, (Black), Medium (33554)",Home&Kitchen,0.48457535682183855,0.007356489239434642,0.4664375175418261,0.06418639030976489,0.5106382978723405,0,Visibility Builders
B08WWKM5HQ,Crompton Highspeed Markle Prime 1200 mm (48 inch) Anti-Dust Ceiling Fan with Energy Efficient 55W Motor (Burgundy),Home&Kitchen,0.5246090760001214,0.015400660172941009,0.47011761715736516,0.027575688833481802,0.4438396833250866,0,Visibility Builders
B015GX9Y0W,"Lifelong LLWM105 750-Watt Belgian Waffle Maker for Home| Makes 2 Square Shape Waffles| Non-stick Plates| Easy to Use with Indicator Lights (1 Year Warranty, Black)",Home&Kitchen,0.5470774447617571,0.03338308239322242,0.48913771280510715,0.015835315536278115,0.48243443839683325,0,Visibility Builders
B089BDBDGM,"Kuber Industries Waterproof Round Laundry Bag/Hamper|Polka Dots Print Print with Handles|Foldable Bin & 45 Liter Capicity|Size 37 x 37 x 49, Pack of 1(Black & White)- CTKTC044992",Home&Kitchen,0.5408018564880607,0.18745493871665464,0.4938433949069968,0.000391015823754274,0.11875309252845126,0,Visibility Builders
B0BPBG712X,"Portable, Handy Compact Plug-in Portable Digital Electric Heater Fan Wall-Outlet Handy Air Warmer Blower Adjustable Timer Digital Display Heater for Home/Office/Camper (Black, 400 Watts)",Home&Kitchen,0.2229454721295176,0.05651801594097886,0.2085588702418183,0.0021492827460102833,0.3592281048985651,0,Visibility Builders
B00JBNZPFM,"Karcher WD3 EU Wet and Dry Vacuum Cleaner, 1000 Watts Powerful Suction, 17 L Capacity, Blower Function, Easy Filter Removal for Home and Garden Cleaning  (Yellow/Black)",Home&Kitchen,0.7136763441011225,0.0069535833453613066,0.6808713014468829,0.08256147503481803,0.4571994062345374,1,Trusted Winners
B08N6P8G5K,"INALSA Air Fryer Digital 4L Nutri Fry - 1400W with Smart AirCrisp Technology| 8-Preset Menu, Touch Control & Digital Display|Variable Temperature & Timer Control|Free Recipe book|2 Yr Warranty (Black)",Home&Kitchen,0.6223710621824118,0.006801798310208511,0.6323968198091863,0.06307398870419871,0.42305789213260764,1,Trusted Winners
B07NPBG1B4,"AmazonBasics High Speed 55 Watt Oscillating Pedestal Fan, 400mm Sweep Length, White (Without Remote)",Home&Kitchen,0.6693899163326643,0.02122155462287479,0.6237536503483545,0.02124969024212636,0.4057397328055418,1,Trusted Winners
B01MRARGBW,Eco Crystal J 5 inch Cartridge (Pack of 2),Home&Kitchen,0.5576652260775136,0.21145199682623644,0.5195971333710564,0.002701497227539191,0.5071746660069273,0,Visibility Builders
B07VZYMQNZ,"Borosil Rio 1.5 L Electric Kettle, Stainless Steel Inner Body, Boil Water For Tea, Coffee, Soup, Silver",Home&Kitchen,0.5655233279176817,0.036529884032114185,0.5379694579710306,0.003543714916959109,0.18703612073231074,0,Visibility Builders
B01L7C4IU2,Havells Ambrose 1200mm Ceiling Fan (Pearl White Wood),Home&Kitchen,0.6090627300790851,0.019602211531557407,0.5801825441891763,0.012418447118495537,0.29094507669470565,1,Trusted Winners
B09H7JDJCW,"PHILIPS Drip Coffee Maker HD7432/20, 0.6 L, Ideal for 2-7 cups, Black, Medium",Home&Kitchen,0.40012298571686783,0.013688773450799389,0.3688933857227452,0.00574744289574917,0.1682335477486393,0,Visibility Builders
B07F6GXNPB,"Eureka Forbes Euroclean Paper Vacuum Cleaner Dust Bags for Excel, Ace, 300, Jet Models - Set of 10",Home&Kitchen,0.6084285918005041,0.17443311836904513,0.5922113792383195,0.003621941839917574,0.5212765957446808,3,Margin Watchlist
B0B97D658R,"Larrito wooden Cool Mist Humidifiers Essential Oil Diffuser Aroma Air Humidifier with Colorful Change for Car, Office, Babies, humidifiers for home, air humidifier for room (WOODEN HUMIDIFIRE-A)",Home&Kitchen,0.41353705101878857,0.07404282248707943,0.363618503240688,0.0029899958499975065,0.33844631370608613,0,Visibility Builders
B09NFSHCWN,Hilton Quartz Heater 400/800-Watt ISI 2 Rods Multi Mode Heater Long Lasting Quick Heating Extremely Warm (Grey),Home&Kitchen,0.24828425220424952,0.031262883056204484,0.22822357929266468,0.004487922435737878,0.3377041068777833,0,Visibility Builders
B076VQS87V,Syska SDI-07 1000 W Stellar with Golden American Heritage Soleplate Dry Iron (Blue),Home&Kitchen,0.5810614646253228,0.09656800644938385,0.5647075226042048,0.004789421780803017,0.4574468085106383,0,Visibility Builders
B09LMMFW3S,"IKEA Milk Frother for Your Milk, Coffee,(Cold and hot Drinks), Black",Home&Kitchen,0.4715717818335675,0.16134222017926914,0.4048284164679583,0.001932109053037184,0.3829787234042554,0,Visibility Builders
B0BBLHTRM9,IONIX Tap filter Multilayer | Activated Carbon Faucet Water Filters Universal Interface Home Kitchen Faucet Tap Water Clean Purifier Filter Cartridge Five Layer Water Filter-Pack of 1,Home&Kitchen,0.39146764401000583,0.1495636075112404,0.3230991796881083,0.004717379124452539,0.516575952498763,0,Visibility Builders
B0BJYSCWFQ,"Kitchengenix's Mini Waffle Maker 4 Inch- 350 Watts: Stainless Steel Non-Stick Electric Iron Machine for Individual Belgian Waffles, Pan Cakes, Paninis or Other Snacks (Red)",Home&Kitchen,0.28453743684685345,0.04794801241145132,0.2658295061391791,0.007543397692093797,0.5714992577931719,0,Visibility Builders
B0187F2IOK,"Bajaj HM-01 Powerful 250W Hand Mixer, Black",Home&Kitchen,0.677579782446236,0.030125346722376323,0.6758844280469712,0.011431241068530747,0.34834240475012374,1,Trusted Winners
B0B8CB7MHW,"KNOWZA Electric Handheld Milk Wand Mixer Frother for Latte Coffee Hot Milk, Milk Frother for Coffee, Egg Beater, Hand Blender, Coffee Beater (BLACK COFFEE BEATER)",Home&Kitchen,0.4170759211787467,0.09877687175685691,0.3884831323230423,0.0057597634031520215,0.578179119247897,0,Visibility Builders
B07K19NYZ8,Usha Hc 812 T Thermo Fan Room Heater,Home&Kitchen,0.4071212505592677,0.016810344827586206,0.36703652591434605,0.009517664912333884,0.272637308263236,0,Visibility Builders
B08ZXZ362Z,"akiara - Makes life easy Mini Sewing Machine for Home Tailoring use | Mini Silai Machine with Sewing Kit Set Sewing Box with Thread Scissors, Needle All in One Sewing Accessories (White & Purple)",Home&Kitchen,0.5965287095947563,0.022982119406000607,0.4825137506861659,0.022068592445000264,0.43295398317664524,0,Visibility Builders
B00GHL8VP2,"USHA 1212 PTC with Adjustable Thermostat Fan Heater (Black/Brown, 1500-Watts).",Home&Kitchen,0.5421121633267127,0.012064713948574892,0.5050939560144715,0.019627296660405448,0.3043047996041563,0,Visibility Builders
B0B9JZW1SQ,"4 in 1 Handheld Electric Vegetable Cutter Set,Wireless Food Processor Electric Food Chopper for Garlic Chili Pepper Onion Ginger Celery Meat with Brush",Home&Kitchen,0.36532117236883577,0.06594800253646164,0.31696897455916906,0.006180830860651542,0.46709549727857497,0,Visibility Builders
B00TI8E7BI,Philips HD9306/06 1.5-Litre Electric Kettle (Multicolor),Home&Kitchen,0.6040827123515108,0.016756176154672394,0.6003446229417739,0.0,0.0,1,Trusted Winners
B07J9KXQCC,"Libra Room Heater for Home, Room Heaters Home for Winter, Electric Heater with 2000 Watts Power as per IS Specification for Small to Medium Rooms - FH12 (Grey)",Home&Kitchen,0.4868483416151132,0.038932948810382124,0.4155177851263219,0.015840262265243772,0.5254824344383969,0,Visibility Builders
B0B3JSWG81,NGI Store 2 Pieces Pet Hair Removers for Your Laundry Catcher Lint Remover for Washing Machine Lint Remover Reusable Portable Silica Gel Clothes Washer Dryer Floating Ball,Home&Kitchen,0.0847401842739707,0.15987833906373974,0.07874751813702136,0.0016338579493372306,0.6135576447303317,0,Visibility Builders
B08L7J3T31,"Noir Aqua - 5pcs PP Spun Filter + 1 Spanner | for All Types of RO Water purifiers (5 Piece, White, 10 Inch, 5 Micron) - RO Spun Filter Cartridge Sponge Replacement Water Filter Candle",Home&Kitchen,0.5395396382165752,0.1083182891265102,0.4927200655292306,0.007021857643382379,0.5838693715982187,0,Visibility Builders
B01M6453MB,"Prestige Delight PRWO Electric Rice Cooker (1 L, White)",Home&Kitchen,0.6420131560527605,0.018455678670360107,0.5982351502045644,0.011836962376543057,0.25358733300346364,1,Trusted Winners
B009P2LIL4,"Bajaj Majesty RX10 2000 Watts Heat Convector Room Heater (White, ISI Approved)",Home&Kitchen,0.4744196086009623,0.016650458954958373,0.40682104525626034,0.00984465920690702,0.2493814943097477,0,Visibility Builders
B00J5DYCCA,Havells Ventil Air DSP 230mm Exhaust Fan (Pista Green),Home&Kitchen,0.6935249197249054,0.029344268462435576,0.6309622552746567,0.008206887256564715,0.2572983671449778,1,Trusted Winners
B01486F4G6,Borosil Jumbo 1000-Watt Grill Sandwich Maker (Black),Home&Kitchen,0.68278486784029,0.015414453002922955,0.6662034867301883,0.013608940067499128,0.23404255319148937,1,Trusted Winners
